id,chain,name,address,district,province,department,ubigeo,lat,lng,precision,source,source_ref,status,notes,updated
osm-w128137348,plazavea,Plaza Vea Chimbote,Jr. Francisco Bolignesi C/ Jr. Tumbes S/N - Chimbote SN,Chimbote,Santa,Áncash,021801,-9.078397,-78.588983,exact,osm,w128137348,verified,También en la lista oficial,2026-10-01
osm-n4537859291,plazavea,Plaza Vea Express,,Chimbote,Santa,Áncash,021801,-9.073295,-78.592540,exact,osm,n4537859291,to_verify,"Solo en OSM; datos de OSM editados por última vez el 2016-12-04 (v1): sin confirmar desde entonces",2026-10-01
osm-w665227528,plazavea,Plaza Vea Nuevo Chimbote,Pampas del Norte Km424.20 Colindante al aeropuerto,Nuevo Chimbote,Santa,Áncash,021809,-9.126620,-78.535598,exact,osm,w665227528,verified,También en la lista oficial,2026-10-01
osm-w182234702,plazavea,Plaza Vea Arequipa La Marina,Av. La Marina 300,Arequipa,Arequipa,Arequipa,040101,-16.398590,-71.541104,exact,osm,w182234702,verified,También en la lista oficial,2026-10-01
web-plazavea-arequipa-real-plaza,plazavea,Plaza Vea Arequipa Real Plaza,Av. Ejercito 1009 Cayma,Cayma,Arequipa,Arequipa,040103,-16.389806,-71.549955,exact,web,https://www.plazavea.com.pe/api/checkout/pub/pickup-points,verified,Solo en la lista oficial (coordenadas oficiales),2026-10-01
web-plazavea-ayacucho,plazavea,Plaza Vea Ayacucho,3S 366,San Juan Bautista,Huamanga,Ayacucho,050110,-13.170014,-74.210826,exact,web,https://www.plazavea.com.pe/api/checkout/pub/pickup-points,verified,"Solo en la lista oficial (coordenadas oficiales); distrito según la lista oficial: Ayacucho",2026-10-01
osm-n3469686052,plazavea,Plaza Vea Cajamarca,Av. Via Evitamiento Norte y Prolongacion Ayacucho S/N,Cajamarca,Cajamarca,Cajamarca,060101,-7.154409,-78.505043,exact,osm,n3469686052,verified,También en la lista oficial,2026-10-01
web-plazavea-jaen,plazavea,Plaza Vea Jaen,Avenida Manuel Antonio Mesones Muro,Jaén,Jaén,Cajamarca,060801,-5.727994,-78.796080,exact,web,https://www.plazavea.com.pe/api/checkout/pub/pickup-points,verified,Solo en la lista oficial (coordenadas oficiales),2026-10-01
osm-w298244352,plazavea,Plaza Vea Callao,Av. Saénz Peña 1250 Bellavista - Callao,Bellavista,Callao,Callao,070102,-12.059987,-77.131423,exact,osm,w298244352,verified,También en la lista oficial,2026-10-01
osm-w435842548,plazavea,Plaza Vea Colonial,Av. Oscar R. Benavides 4921,Callao,Callao,Callao,070101,-12.051857,-77.092479,exact,osm,w435842548,verified,También en la lista oficial,2026-10-01
osm-w436297821,plazavea,Plaza Vea,Avenida Santa Rosa,La Perla,Callao,Callao,070104,-12.068548,-77.120520,exact,osm,w436297821,to_verify,"Solo en OSM; mapeada en un levantamiento de campo de 2016 (source=Actualizaciones en Peru. Reconocimiento cartográfico por KG 2016); elemento OSM v4, última edición el 2022-01-07",2026-10-01
osm-n4341442809,plazavea,Plaza Vea Ventanilla,Av. Nestor Gambeta cruce c/ Pedro Beltran S/N,Ventanilla,Callao,Callao,070106,-11.872782,-77.126797,exact,osm,n4341442809,verified,"También en la lista oficial (nombre en OSM: Plaza Vea Hiper); también mapeada en OSM como w396093363",2026-10-01
osm-n3151852369,plazavea,Plaza Vea Cusco Mall,Av. Collasuyo s/n (ref: seminario san antonio de abad),Cusco,Cusco,Cusco,080101,-13.522387,-71.950337,exact,osm,n3151852369,verified,También en la lista oficial,2026-10-01
osm-n11112955852,plazavea,Plaza Vea Cusco Wanchaq,Avenida Tullumayo 135,Wanchaq,Cusco,Cusco,080108,-13.522141,-71.972624,exact,osm,n11112955852,verified,"También en la lista oficial; distrito según la lista oficial: Cusco; coordenadas oficiales a 283 m",2026-10-01
osm-n3122889426,plazavea,Plaza Vea Huanuco,Jirón Independencia,Huánuco,Huánuco,Huánuco,100101,-9.919239,-76.240976,exact,osm,n3122889426,verified,También en la lista oficial,2026-10-01
osm-w422663040,plazavea,Plaza Vea Chincha,"Ctra. Panamericana S, Sunampe 11702",Sunampe,Chincha,Ica,110210,-13.416500,-76.141644,exact,osm,w422663040,verified,También en la lista oficial,2026-10-01
osm-w467103087,plazavea,Plaza Vea Ica,Calle Ayabaca Nº 1180,Ica,Ica,Ica,110101,-14.072689,-75.737468,exact,osm,w467103087,verified,También en la lista oficial,2026-10-01
osm-n4207201525,plazavea,Plaza Vea Pisco,AV.FerminTanguis con esquina AV.las Americas S/N-pisco SN,Pisco,Pisco,Ica,110501,-13.711231,-76.195179,exact,osm,n4207201525,verified,También en la lista oficial,2026-10-01
osm-n3141079282,plazavea,Plaza Vea,Mariscal Castilla,El Tambo,Huancayo,Junín,120114,-12.057912,-75.216800,exact,osm,n3141079282,to_verify,"Solo en OSM; también mapeada en OSM como w515971489; elemento OSM v2, última edición el 2023-12-03",2026-10-01
osm-n3141076073,plazavea,Plaza Vea Huancayo,Av. Ferrocarril Nro 1021 - 1057,Huancayo,Huancayo,Junín,120101,-12.067887,-75.204933,exact,osm,n3141076073,verified,También en la lista oficial,2026-10-01
osm-n4278875491,plazavea,Plaza Vea,Avenida España,Trujillo,Trujillo,La Libertad,130101,-8.115960,-79.026209,exact,osm,n4278875491,to_verify,"Solo en OSM; mapeada en un levantamiento de campo de 2017 (source=Reconocimiento terrestre cartográfico realizado por Kaart en 2017); elemento OSM v4, última edición el 2026-04-01; tienda oficial de Mass ""Mass Av. España 2431"" a 35 m (¿mismo local? revisar)",2026-10-01
osm-w468947755,plazavea,Plaza Vea,,Trujillo,Trujillo,La Libertad,130101,-8.107890,-79.029842,exact,osm,w468947755,to_verify,"Solo en OSM; elemento OSM v5, última edición el 2026-04-01",2026-10-01
osm-w519743482,plazavea,Plaza Vea,Teodoro Valcarcel,Trujillo,Trujillo,La Libertad,130101,-8.101484,-79.035501,exact,osm,w519743482,to_verify,"Solo en OSM; mapeada en un levantamiento de campo de 2017 (source=Kaart Ground Survey 2017); elemento OSM v3, última edición el 2026-04-01",2026-10-01
osm-w456605360,plazavea,Plaza Vea Chacarero,Urb Los Portales Mz Q Lt 1,Trujillo,Trujillo,La Libertad,130101,-8.090276,-79.006205,exact,osm,w456605360,verified,También en la lista oficial,2026-10-01
osm-w294378422,plazavea,Plaza Vea Trujillo,Fundo Las Casuarinas Sub Lote Predio A Lote 5,Trujillo,Trujillo,La Libertad,130101,-8.131230,-79.032251,exact,osm,w294378422,verified,También en la lista oficial,2026-10-01
web-plazavea-chiclayo,plazavea,Plaza Vea Chiclayo,Av. Miguel de Cervantes 300 Int. Lt. 6,Chiclayo,Chiclayo,Lambayeque,140101,-6.779391,-79.832640,exact,web,https://www.plazavea.com.pe/api/checkout/pub/pickup-points,verified,Solo en la lista oficial (coordenadas oficiales),2026-10-01
web-plazavea-chiclayo-mall,plazavea,Plaza Vea Chiclayo Mall,Autopista Panamericana Norte 639 Chiclayo,Chiclayo,Chiclayo,Lambayeque,140101,-6.762844,-79.861791,exact,web,https://www.plazavea.com.pe/api/checkout/pub/pickup-points,verified,Solo en la lista oficial (coordenadas oficiales),2026-10-01
osm-n4675849090,plazavea,Plaza Vea Barranca,Jirón Ramon Zavala 286,Barranca,Barranca,Lima,150201,-10.751419,-77.761711,exact,osm,n4675849090,verified,También en la lista oficial,2026-10-01
osm-w363230543,plazavea,Plaza Vea Huaral,Urbanización Rosario Mz F Lote 2A,Huaral,Huaral,Lima,150601,-11.497344,-77.213938,exact,osm,w363230543,verified,También en la lista oficial,2026-10-01
osm-n1422429994,plazavea,Plaza Vea Huacho,Av. 9 de Octubre 364-374,Huacho,Huaura,Lima,150801,-11.109938,-77.613255,exact,osm,n1422429994,verified,También en la lista oficial,2026-10-01
osm-w384030319,plazavea,Plaza Vea Ate,Av. Nicolas Ayllon Sector B. Mz B Lte.4 Zona A - Baja Esq. Con Av. La Mar,Ate,Lima,Lima,150103,-12.054732,-76.962708,exact,osm,w384030319,verified,"También en la lista oficial; distrito según la lista oficial: Santa Anita",2026-10-01
osm-w436313773,plazavea,Plaza Vea Ceres,Carretera Central Km 6 Mz M Lt.2A. SN,Ate,Lima,Lima,150103,-12.032137,-76.925683,exact,osm,w436313773,verified,También en la lista oficial,2026-10-01
osm-w749645251,plazavea,Plaza Vea Puruchuco,"Real Plaza Puruchuco - Prolongacion Javier Prado 8680, Ate",Ate,Lima,Lima,150103,-12.039744,-76.931808,exact,osm,w749645251,verified,También en la lista oficial,2026-10-01
osm-w401472083,plazavea,Plaza Vea Salamanca,Avenida Circunvalación 2769,Ate,Lima,Lima,150103,-12.080347,-76.986000,exact,osm,w401472083,to_verify,"También en la lista oficial (nombre en OSM: Plaza Vea); la tienda figura inactiva en el sistema oficial: podría estar cerrada",2026-10-01
osm-n4044617058,plazavea,Plaza Vea Santa Clara,Fundo La Estrella Lote 99-B,Ate,Lima,Lima,150103,-12.015750,-76.886146,exact,osm,n4044617058,verified,También en la lista oficial,2026-10-01
osm-w376130104,plazavea,Plaza Vea El Cortijo,Av. República de Panamá 515,Barranco,Lima,Lima,150104,-12.134586,-77.018418,exact,osm,w376130104,verified,También en la lista oficial,2026-10-01
osm-n4042632144,plazavea,Plaza Vea Breña,"Juan Pablo Fernandini 754, Breña 15083, Perú",Breña,Lima,Lima,150105,-12.065759,-77.048524,exact,osm,n4042632144,verified,También en la lista oficial,2026-10-01
osm-n4341361305,plazavea,Plaza Vea Chaclacayo,Carretera Central 582-598,Chaclacayo,Lima,Lima,150107,-11.976309,-76.771621,exact,osm,n4341361305,to_verify,"Solo en OSM; elemento OSM v3, última edición el 2026-07-31",2026-10-01
osm-w408909647,plazavea,Plaza Vea,Avenida Defensores del Morro,Chorrillos,Lima,Lima,150108,-12.187231,-77.008211,exact,osm,w408909647,to_verify,"Solo en OSM; mapeada en un levantamiento de campo de 2016 (source=Reconocimiento cartográfico por KG 2016); elemento OSM v4, última edición el 2025-12-19; tienda oficial de Tambo ""TAMBO HUAYLAS-C1 - CHORRILLOS"" a 28 m (¿mismo local? revisar)",2026-10-01
osm-w436955829,plazavea,Plaza Vea,Avenida Alejandro Iglesias,Chorrillos,Lima,Lima,150108,-12.168473,-77.025612,exact,osm,w436955829,to_verify,"Solo en OSM; mapeada en un levantamiento de campo de 2016 (source=Reconocimiento cartográfico por KG 2016.); elemento OSM v3, última edición el 2026-09-30; tienda oficial de Mass ""Mass Av. Alejandro Iglesias 591"" a 50 m (¿mismo local? revisar)",2026-10-01
osm-w599943813,plazavea,Plaza Vea Alameda Sur,Av Alameda Sur cruce Av San Marcos (frente al grifo Repsol),Chorrillos,Lima,Lima,150108,-12.196622,-77.011988,exact,osm,w599943813,verified,También en la lista oficial,2026-10-01
osm-n5009957729,plazavea,Plaza Vea Guardia Civil,Av Guardia Civil No. 927 Urb. La Campiña,Chorrillos,Lima,Lima,150108,-12.172442,-76.992423,exact,osm,n5009957729,verified,"También en la lista oficial; también mapeada en OSM como n2799370511",2026-10-01
osm-n4343696260,plazavea,Plaza Vea Comas,"Av. Tupac Amaru 3860, Alt. Km. 14.5",Comas,Lima,Lima,150110,-11.932999,-77.045559,exact,osm,n4343696260,verified,También en la lista oficial,2026-10-01
osm-n4077576803,plazavea,Plaza Vea Pro,Av. Alfredo Mendiola SN KM 21.5 Fundo Santa Luzmila,Comas,Lima,Lima,150110,-11.939655,-77.069829,exact,osm,n4077576803,verified,"También en la lista oficial; distrito según la lista oficial: San Martin de Porres",2026-10-01
osm-w460117535,plazavea,Plaza Vea El Agustino,Av. Jose Carlos Mariategui SN,El Agustino,Lima,Lima,150111,-12.033644,-76.997895,exact,osm,w460117535,verified,También en la lista oficial,2026-10-01
osm-w68674791,plazavea,Plaza Vea Izaguirre,Av. Carlos Izaguirre 284,Independencia,Lima,Lima,150112,-11.989022,-77.062823,exact,osm,w68674791,verified,También en la lista oficial,2026-10-01
osm-w413030059,plazavea,Plaza Vea Brasil,Av. Brasil 1599,Jesús María,Lima,Lima,150113,-12.075343,-77.053053,exact,osm,w413030059,verified,También en la lista oficial,2026-10-01
web-plazavea-salaverry,plazavea,Plaza Vea Salaverry,"Av. Salaverry S/N, intersección con Av. Punta del Este SN",Jesús María,Lima,Lima,150113,-12.089860,-77.052670,approx,web,https://www.plazavea.com.pe/api/checkout/pub/pickup-points,to_verify,"Solo en la lista oficial (coordenadas oficiales); coordenadas oficiales dudosas",2026-10-01
osm-w331336356,plazavea,Plaza Vea,,La Molina,Lima,Lima,150114,-12.069819,-76.957917,exact,osm,w331336356,to_verify,"Solo en OSM; elemento OSM v3, última edición el 2025-10-10; tienda oficial de Metro ""Metro La Molina"" a 34 m (¿mismo local? revisar)",2026-10-01
osm-n2099768078,plazavea,Plaza Vea La Molina,Av. Raúl Ferrero 1205 Urb. Remanso II Etap,La Molina,Lima,Lima,150114,-12.091636,-76.950211,exact,osm,n2099768078,verified,También en la lista oficial,2026-10-01
osm-w439396336,plazavea,Plaza Vea Grifo México,Urb. San Pablo S/N Mz A301,La Victoria,Lima,Lima,150115,-12.065212,-77.003718,exact,osm,w439396336,to_verify,"También en la lista oficial (nombre en OSM: Plaza Vea); la tienda figura inactiva en el sistema oficial: podría estar cerrada",2026-10-01
osm-n2644956629,plazavea,Plaza Vea,,Lima,Lima,Lima,150101,-12.048130,-77.033081,exact,osm,n2644956629,to_verify,"Solo en OSM; elemento OSM v14, última edición el 2024-09-11",2026-10-01
osm-n9757207617,plazavea,Plaza Vea,,Lima,Lima,Lima,150101,-12.048877,-77.039334,exact,osm,n9757207617,to_verify,"Solo en OSM; elemento OSM v2, última edición el 2022-11-15; tienda oficial de Tambo ""TAMBO TDA TACNA - CERCADO DE LIMA"" a 47 m (¿mismo local? revisar)",2026-10-01
osm-w289486743,plazavea,Plaza Vea Alfonso Ugarte,Av. Alfonso Ugarte Esq. C/Uruguay S/N,Lima,Lima,Lima,150101,-12.053769,-77.041627,exact,osm,w289486743,verified,También en la lista oficial,2026-10-01
osm-n959828530,plazavea,Plaza Vea Centro Cívico,Av. Inca Garcilaso de la Vega No. 1383,Lima,Lima,Lima,150101,-12.057488,-77.037699,exact,osm,n959828530,verified,También en la lista oficial,2026-10-01
osm-w289487250,plazavea,Plaza Vea Risso,Av. Arequipa No. 2250,Lince,Lima,Lima,150116,-12.086672,-77.034833,exact,osm,w289487250,verified,También en la lista oficial,2026-10-01
osm-w121371358,plazavea,Plaza Vea Los Olivos,Av. Antúnez de Mayolo S/N Cdra 9,Los Olivos,Lima,Lima,150117,-11.994590,-77.072254,exact,osm,w121371358,verified,También en la lista oficial,2026-10-01
osm-w239945458,plazavea,Plaza Vea Universitaria,Av. Universitaria Cdra. 13,Los Olivos,Lima,Lima,150117,-12.010623,-77.080049,exact,osm,w239945458,verified,También en la lista oficial,2026-10-01
osm-w484095174,plazavea,Plaza Vea Chosica,Av. Lima Sur 930 - 970 Lurigancho - Chosica,Lurigancho,Lima,Lima,150118,-11.940184,-76.699661,exact,osm,w484095174,verified,También en la lista oficial,2026-10-01
osm-w375878761,plazavea,Plaza Vea,,Lurín,Lima,Lima,150119,-12.254166,-76.928023,exact,osm,w375878761,to_verify,"Solo en OSM; elemento OSM v3, última edición el 2026-09-28",2026-10-01
osm-n2692670974,plazavea,Plaza Vea Lurín,Urb.San Vicente S/N Calle Antigua Panamericana Sur Parcela B-43 -alt.,Lurín,Lima,Lima,150119,-12.274071,-76.873390,exact,osm,n2692670974,verified,También en la lista oficial,2026-10-01
osm-n4182111589,plazavea,Plaza Vea,José Gálvez,Magdalena del Mar,Lima,Lima,150120,-12.089500,-77.075234,exact,osm,n4182111589,to_verify,"Solo en OSM; elemento OSM v7, última edición el 2026-09-29",2026-10-01
osm-w129822354,plazavea,Plaza Vea Miraflores,Avenida Arequipa 4651,Miraflores,Lima,Lima,150122,-12.112095,-77.029541,exact,osm,w129822354,verified,También en la lista oficial,2026-10-01
osm-w50223184,plazavea,Plaza Vea Sucre,Av. Sucre cdra. 5 con Av. Clement,Pueblo Libre,Lima,Lima,150121,-12.076028,-77.064620,exact,osm,w50223184,verified,También en la lista oficial,2026-10-01
osm-w465561832,plazavea,Plaza Vea Puente Piedra,Calle San Lorenzo Mz A Lt 01B Urb Las Vegas,Puente Piedra,Lima,Lima,150125,-11.863835,-77.072926,exact,osm,w465561832,verified,También en la lista oficial,2026-10-01
osm-n4477147437,plazavea,Plaza Vea,Avenida Tarapacá,Rímac,Lima,Lima,150128,-12.030192,-77.036225,exact,osm,n4477147437,to_verify,"Solo en OSM; elemento OSM v2, última edición el 2024-12-27",2026-10-01
osm-w293642349,plazavea,Plaza Vea Acho,Jr. Marañon 601-683 Rimac,Rímac,Lima,Lima,150128,-12.041546,-77.021968,exact,osm,w293642349,verified,También en la lista oficial,2026-10-01
osm-w375884178,plazavea,Plaza Vea Rímac,Av. Alcazar 620 cruce con Av. Las Calezas 180,Rímac,Lima,Lima,150128,-12.028678,-77.030732,exact,osm,w375884178,verified,También en la lista oficial (nombre en OSM: Plaza Vea),2026-10-01
osm-w439031080,plazavea,Plaza Vea,Jirón Frederic Remington 151-159,San Borja,Lima,Lima,150130,-12.098462,-77.011439,exact,osm,w439031080,to_verify,"Solo en OSM; mapeada en un levantamiento de campo de 2016 (source=Reconocimiento cartográfico de campo 2016 por KG); elemento OSM v7, última edición el 2019-03-19",2026-10-01
osm-w357977603,plazavea,Plaza Vea Primavera,Avenida Angamos 2337,San Borja,Lima,Lima,150130,-12.111260,-77.006860,exact,osm,w357977603,verified,También en la lista oficial,2026-10-01
osm-n4022683740,plazavea,Plaza Vea San Borja,Calle Morelli cuadra uno (Centro Comercial La Rambla),San Borja,Lima,Lima,150130,-12.089914,-77.004267,exact,osm,n4022683740,verified,También en la lista oficial,2026-10-01
osm-w289710243,plazavea,Plaza Vea Dasso,Avenida Camino Real 1335,San Isidro,Lima,Lima,150131,-12.107520,-77.039148,exact,osm,w289710243,to_verify,"También en la lista oficial (nombre en OSM: Plaza Vea); la tienda figura inactiva en el sistema oficial: podría estar cerrada",2026-10-01
osm-w446742869,plazavea,Plaza Vea Express,Calle Teniente Paul de Beaudez,San Isidro,Lima,Lima,150131,-12.106115,-77.048660,exact,osm,w446742869,to_verify,"Solo en OSM; mapeada en OSM como edificio o área, sin etiqueta shop; datos de OSM editados por última vez el 2017-02-14 (v2): sin confirmar desde entonces",2026-10-01
osm-w397559271,plazavea,Plaza Vea San Isidro,Av. Paseo de la Republica 3440 - San Isidro Zona de recojo e-commerce,San Isidro,Lima,Lima,150131,-12.097501,-77.026303,exact,osm,w397559271,verified,También en la lista oficial,2026-10-01
osm-w437375221,plazavea,Plaza Vea,,San Juan de Lurigancho,Lima,Lima,150132,-11.952263,-76.987896,exact,osm,w437375221,to_verify,"Solo en OSM; mapeada en un levantamiento de campo de 2016 (source=Reconocimiento cartográfico por KG 2016.); datos de OSM editados por última vez el 2016-08-19 (v2): sin confirmar desde entonces",2026-10-01
osm-n1107564688,plazavea,Plaza Vea Mangoamrca,,San Juan de Lurigancho,Lima,Lima,150132,-12.022030,-76.996950,exact,osm,n1107564688,to_verify,"Solo en OSM; elemento OSM v4, última edición el 2022-12-13",2026-10-01
osm-w115750559,plazavea,Plaza Vea San Juan de Lurigancho,Urb. Quinta San Fernando S/N Unidad 44 C,San Juan de Lurigancho,Lima,Lima,150132,-11.991122,-77.016035,exact,osm,w115750559,verified,También en la lista oficial,2026-10-01
web-plazavea-san-juan-de-lurigancho-mall,plazavea,Plaza Vea San Juan de Lurigancho Mall,Av. Lurigancho 997 – 999 Urb. Zárate Industrial,San Juan de Lurigancho,Lima,Lima,150132,-12.016886,-76.994976,exact,web,https://www.plazavea.com.pe/api/checkout/pub/pickup-points,verified,"De la lista oficial (coordenadas oficiales); confirmada por el elemento OSM n11390927530 a 485 m, cuya posición no se usa (posición dudosa en OSM: fixme=""Location"")",2026-10-01
osm-n10250099984,plazavea,Plaza Vea San Miguel,Avenida la Marina 2000,San Miguel,Lima,Lima,150136,-12.077302,-77.083841,exact,osm,n10250099984,verified,También en la lista oficial,2026-10-01
osm-w436266436,plazavea,Plaza Vea Super,Avenida de La Paz,San Miguel,Lima,Lima,150136,-12.079695,-77.106691,exact,osm,w436266436,to_verify,"Solo en OSM; mapeada en un levantamiento de campo de 2016 (source=Reconocimiento cartográfico por KG 2016); datos de OSM editados por última vez el 2017-08-23 (v3): sin confirmar desde entonces",2026-10-01
osm-w358983535,plazavea,Plaza Vea,Calle Doña Delmira,Santiago de Surco,Lima,Lima,150140,-12.142721,-77.002911,exact,osm,w358983535,to_verify,"Solo en OSM; mapeada en un levantamiento de campo de 2017 (source=Kaart Ground Survey 2017); elemento OSM v9, última edición el 2023-12-13",2026-10-01
osm-w435044936,plazavea,Plaza Vea,Avenida Alfredo Benavides,Santiago de Surco,Lima,Lima,150140,-12.129490,-76.983805,exact,osm,w435044936,to_verify,"Solo en OSM; mapeada en un levantamiento de campo de 2017 (source=Reconocimiento terrestre cartográfico realizado por Kaart en 2017.); elemento OSM v7, última edición el 2026-08-30",2026-10-01
osm-w271236476,plazavea,Plaza Vea Bolichera,Av. Tomas Marsano 5000,Santiago de Surco,Lima,Lima,150140,-12.148546,-76.987005,exact,osm,w271236476,verified,También en la lista oficial,2026-10-01
osm-w401854652,plazavea,Plaza Vea Caminos del Inca,Avenida Caminos del Inca 333,Santiago de Surco,Lima,Lima,150140,-12.114230,-76.991336,exact,osm,w401854652,verified,"También en la lista oficial; también mapeada en OSM como w401854653",2026-10-01
osm-w401836923,plazavea,Plaza Vea Higuereta,Av. Aviación 5150 Tienda B Urb. Residencial Higuereta,Santiago de Surco,Lima,Lima,150140,-12.127227,-77.001164,exact,osm,w401836923,verified,También en la lista oficial,2026-10-01
osm-n2742388361,plazavea,Plaza Vea Jockey Plaza,Av. Javier Prado Este No. 4200,Santiago de Surco,Lima,Lima,150140,-12.084917,-76.975670,exact,osm,n2742388361,verified,También en la lista oficial,2026-10-01
osm-n6238862185,plazavea,Plaza Vea Valle Hermoso,Av. Jacarandá 890 - Santiago de Surco,Santiago de Surco,Lima,Lima,150140,-12.127196,-76.975298,exact,osm,n6238862185,verified,"También en la lista oficial; también mapeada en OSM como n6238862186",2026-10-01
osm-n3759586691,plazavea,Plaza Vea,,Villa El Salvador,Lima,Lima,150142,-12.231338,-76.910698,exact,osm,n3759586691,to_verify,"Solo en OSM; elemento OSM v3, última edición el 2026-02-24; tienda oficial de Tambo ""TAMBO LIMAVES-VES"" a 42 m (¿mismo local? revisar)",2026-10-01
osm-n4993658913,plazavea,Plaza Vea La Placita,Urb. Parque Industrial del Cono Sur Mz K 3 Lt1 La Placita,Villa El Salvador,Lima,Lima,150142,-12.202350,-76.933433,exact,osm,n4993658913,verified,"También en la lista oficial; coordenadas oficiales a 941 m",2026-10-01
osm-n4548634811,plazavea,Plaza Vea La Curva,Pachacutec con 26 de Diciembre,Villa María del Triunfo,Lima,Lima,150143,-12.180381,-76.942830,exact,osm,n4548634811,verified,También en la lista oficial,2026-10-01
osm-w1009401227,plazavea,Plaza Vea Ilo,Avenida Mariano Lino Urquieta Mz C Lt 1 sector Av Mariano Lino Urqueta-Ex Meylan,Ilo,Ilo,Moquegua,180301,-17.638239,-71.341196,exact,osm,w1009401227,verified,También en la lista oficial (nombre en OSM: Plaza Vea),2026-10-01
osm-n9331246278,plazavea,Plaza Vea Moquegua,Fundo El Gramadal S/N,Moquegua,Mariscal Nieto,Moquegua,180101,-17.187225,-70.937335,exact,osm,n9331246278,verified,También en la lista oficial,2026-10-01
osm-w962708016,plazavea,Plaza Vea Paita,AV. Almirante Miguel Grau N° 514 Paita Piura,Paita,Paita,Piura,200501,-5.087668,-81.095693,exact,osm,w962708016,verified,También en la lista oficial,2026-10-01
osm-n2979349145,plazavea,Plaza Vea Piura,Sub - Lote Nros 234-239 A Zona Industrial,Piura,Piura,Piura,200101,-5.185823,-80.642815,exact,osm,n2979349145,verified,"También en la lista oficial; coordenadas oficiales a 374 m",2026-10-01
osm-w549388627,plazavea,Plaza Vea Sullana,Calle La Mar 156 - 158,Sullana,Sullana,Piura,200601,-4.889277,-80.687539,exact,osm,w549388627,verified,También en la lista oficial,2026-10-01
osm-w487350557,plazavea,Plaza Vea Talara,Calle Mariscal Castilla S/N Parque 78.,Pariñas,Talara,Piura,200701,-4.579950,-81.274719,exact,osm,w487350557,to_verify,"También en la lista oficial; la tienda figura inactiva en el sistema oficial: podría estar cerrada; coordenadas oficiales a 787 m",2026-10-01
osm-w1547000726,plazavea,Plaza Vea Talara Mall,C.C. Talara (Av. Ignacio Merino),Pariñas,Talara,Piura,200701,-4.587228,-81.258941,exact,osm,w1547000726,verified,También en la lista oficial (nombre en OSM: Plaza Vea),2026-10-01
osm-n3170926988,plazavea,Plaza Vea Puno,Jr. Los Incas s/n Estación Ferroviaria,Puno,Puno,Puno,210101,-15.836669,-70.025474,exact,osm,n3170926988,verified,También en la lista oficial,2026-10-01
osm-n4230490489,plazavea,Plaza Vea Juliaca,Jr Tumbes S/N,Juliaca,San Román,Puno,211101,-15.494429,-70.130883,exact,osm,n4230490489,verified,También en la lista oficial (nombre en OSM: Plaza Vea),2026-10-01
osm-w679514492,plazavea,Plaza Vea Tarapoto,Avenida Salaverry,Morales,San Martín,San Martín,220910,-6.482494,-76.377426,exact,osm,w679514492,verified,"También en la lista oficial (nombre en OSM: PLAZA VEA HIPER); distrito según la lista oficial: Tarapoto",2026-10-01
web-plazavea-tarapoto-2,plazavea,Plaza Vea Tarapoto 2,Jirón Martínez de Compañón 1138,Tarapoto,San Martín,San Martín,220901,-6.495009,-76.370000,exact,web,https://www.plazavea.com.pe/api/checkout/pub/pickup-points,verified,Solo en la lista oficial (coordenadas oficiales),2026-10-01
osm-w408763827,plazavea,Plaza Vea Tacna,Parcela 9 S/N Sector Pago Silpay Ref: Frente al Colegio Gregorio Albarracín,Tacna,Tacna,Tacna,230101,-18.018429,-70.252665,exact,osm,w408763827,verified,También en la lista oficial,2026-10-01
osm-n11541066845,plazavea,Plaza Vea Tumbes,Teniente Vasquez 6851,Tumbes,Tumbes,Tumbes,240101,-3.558739,-80.453431,exact,osm,n11541066845,verified,"También en la lista oficial; también mapeada en OSM como w1546863830",2026-10-01
osm-w372374490,plazavea,Plaza Vea Pucallpa,Avenida Centenario,Callería,Coronel Portillo,Ucayali,250101,-8.384218,-74.556176,exact,osm,w372374490,verified,"También en la lista oficial; distrito según la lista oficial: Yarinacocha",2026-10-01
osm-n4211523826,tottus,Tottus Chimbote,Av. Panamericana Norte 505 Mz. B Lote 1A-1-A2,Chimbote,Santa,Áncash,021801,-9.103190,-78.557462,exact,osm,n4211523826,verified,"También en la lista oficial; la lista oficial no trae coordenadas; emparejada por ser la única tienda Tottus de Santa en la lista oficial y en OSM",2026-10-01
osm-n4208431388,tottus,Tottus Arequipa Parra,"Av. Parra 220, Arequipa",Arequipa,Arequipa,Arequipa,040101,-16.411116,-71.543710,exact,osm,n4208431388,verified,"También en la lista oficial; la lista oficial no trae coordenadas; emparejada por el nombre de la sede o de la calle",2026-10-01
osm-n2906406437,tottus,Tottus Arequipa Cayma,"Av. Ejército 793, Cayma",Cayma,Arequipa,Arequipa,040103,-16.390846,-71.546848,exact,osm,n2906406437,verified,"También en la lista oficial; la lista oficial no trae coordenadas; emparejada por el nombre de la sede o de la calle",2026-10-01
osm-n1705328759,tottus,Tottus Arequipa Porongoche,"Av. Porongoche 500, Mall Aventura Plaza",Paucarpata,Arequipa,Arequipa,040112,-16.416030,-71.514158,exact,osm,n1705328759,verified,"También en la lista oficial (nombre en OSM: Tottus Mall Aventura Plaza); la lista oficial no trae coordenadas; emparejada por el nombre de la sede o de la calle",2026-10-01
osm-n3469686048,tottus,Tottus Cajamarca,"Av. Vía de Evitamiento Norte s/n cuadra 26, Urb. Horacio Zevallos",Cajamarca,Cajamarca,Cajamarca,060101,-7.151739,-78.505662,exact,osm,n3469686048,verified,"También en la lista oficial; la lista oficial no trae coordenadas; emparejada por ser la única tienda Tottus de Cajamarca en la lista oficial y en OSM",2026-10-01
osm-n1846396610,tottus,Tottus Bellavista,Av. Óscar R. Benavides 3866 (ex Av. Colonial),Bellavista,Callao,Callao,070102,-12.056394,-77.101389,exact,osm,n1846396610,verified,"También en la lista oficial (nombre en OSM: Tottus); la lista oficial no trae coordenadas; emparejada por el nombre de la sede o de la calle",2026-10-01
osm-w388705748,tottus,Tottus Canta Callao,Av. Japón (ex Bertello) cruce con Av. Canta Callao,Callao,Callao,Callao,070101,-11.998386,-77.113282,exact,osm,w388705748,verified,"También en la lista oficial; la lista oficial no trae coordenadas; emparejada por el nombre de la sede o de la calle",2026-10-01
osm-n6166170985,tottus,Tottus Dominicos,Av. Tomás Valle 3305,Callao,Callao,Callao,070101,-12.014469,-77.094894,exact,osm,n6166170985,verified,"También en la lista oficial; la lista oficial no trae coordenadas; emparejada por el nombre de la sede o de la calle",2026-10-01
osm-w267254732,tottus,Tottus Quilca,"Av. Lima 4208, Urb. Bocanegra",Callao,Callao,Callao,070101,-12.027661,-77.093783,exact,osm,w267254732,verified,"También en la lista oficial; la lista oficial no trae coordenadas; emparejada a 40 m de su dirección geocodificada",2026-10-01
osm-n14208047522,tottus,Tottus Sáenz Peña,Calle Castilla 496 (altura cuadra 4 Av. Sáenz Peña),Callao,Callao,Callao,070101,-12.059975,-77.141796,exact,osm,n14208047522,verified,"También en la lista oficial; la lista oficial no trae coordenadas; emparejada a 1483 m de su dirección geocodificada",2026-10-01
osm-n5177359491,tottus,Tottus Cusco,"Prolong. Av. de la Cultura 2218, Urb. San Sebastián",San Sebastián,Cusco,Cusco,080105,-13.530088,-71.932299,exact,osm,n5177359491,verified,"También en la lista oficial; también mapeada en OSM como w589457239; la lista oficial no trae coordenadas; emparejada por ser la única tienda Tottus de Cusco en la lista oficial y en OSM",2026-10-01
osm-n5220807022,tottus,Tottus Huánuco,"Jr. 2 de Mayo 125, Huánuco",Huánuco,Huánuco,Huánuco,100101,-9.938675,-76.247780,exact,osm,n5220807022,verified,"También en la lista oficial; la lista oficial no trae coordenadas; emparejada por el nombre de la sede o de la calle",2026-10-01
osm-w514599510,tottus,Tottus Chincha,"Av. Luis Massaro 201, Chincha Alta",Chincha Alta,Chincha,Ica,110201,-13.418923,-76.135871,exact,osm,w514599510,verified,"También en la lista oficial; la lista oficial no trae coordenadas; emparejada por el nombre de la sede o de la calle",2026-10-01
osm-n4308090578,tottus,Tottus,Lima,Ica,Ica,Ica,110101,-14.066745,-75.727634,exact,osm,n4308090578,closed,"Solo en OSM; elemento OSM v2, última edición el 2026-09-30; tienda oficial de Tambo ""TAMBO PIURA-C1-ICA"" a 57 m (¿mismo local? revisar); oculta como probable duplicado o local anterior: la lista oficial de Tottus tiene una sola tienda en Ica (Av. San Martín 763, CC Plaza del Sol), que es osm-n2922674739, a 490 m; este nodo (Calle Lima) se creó en 2016 y su edición del 2026-09-30 (v2) solo agregó etiquetas de marca",2026-10-01
osm-n2922674739,tottus,Tottus Ica,Av. San Martín 763 (cruce con Calle Ayabaca),Ica,Ica,Ica,110101,-14.071164,-75.727691,exact,osm,n2922674739,verified,"También en la lista oficial; emparejada con este elemento OSM en tools/seed/overrides.json (misma dirección que Dollarcity Plaza del Sol Ica, cuyas coordenadas oficiales están a 108 m de este nodo); la lista oficial no trae coordenadas",2026-10-01
osm-n4294855215,tottus,Tottus Huancayo,"Av. Ferrocarril 146/150, Huancayo",Huancayo,Huancayo,Junín,120101,-12.063575,-75.209667,exact,osm,n4294855215,verified,"También en la lista oficial; la lista oficial no trae coordenadas; emparejada por ser la única tienda Tottus de Huancayo en la lista oficial y en OSM",2026-10-01
osm-n5941380787,tottus,Tottus Chepén,"Carretera Panamericana 715/721, Chepén",Chepén,Chepén,La Libertad,130401,-7.221871,-79.438242,exact,osm,n5941380787,verified,"También en la lista oficial; la lista oficial no trae coordenadas; emparejada por ser la única tienda Tottus de Chepén en la lista oficial y en OSM",2026-10-01
osm-n2957258414,tottus,Tottus Pacasmayo,"Av. Gonzalo Ugaz Salcedo 23, San Andrés",Pacasmayo,Pacasmayo,La Libertad,130704,-7.399216,-79.567019,exact,osm,n2957258414,verified,"También en la lista oficial; la lista oficial no trae coordenadas; emparejada por ser la única tienda Tottus de Pacasmayo en la lista oficial y en OSM",2026-10-01
osm-n4453923987,tottus,Tottus Trujillo 1,"Av. Mansiche s/n, Caserío El Cortijo",Trujillo,Trujillo,La Libertad,130101,-8.101954,-79.047883,exact,osm,n4453923987,verified,"También en la lista oficial; emparejada a mano con este elemento OSM el 2026-10-01 a partir de evidencia verificada (tools/seed/overrides.json, manualPlacements; confianza alta): Tottus dentro del Mall Plaza Trujillo (ex Mall Aventura Plaza), cuyo lado norte da a la Av. Mansiche (dirección oficial: Av. Mansiche s/n, Caserío El Cortijo); Dollarcity Mallplaza Trujillo (coordenadas oficiales) está a 48 m. Tottus Trujillo 2 es la tienda de Open Plaza, en la Av. América Norte; la lista oficial no trae coordenadas",2026-10-01
web-tottus-trujillo-2,tottus,Tottus Trujillo 2,"Av. América Norte 1245, Urb. Los Jardines",Trujillo,Trujillo,La Libertad,130101,-8.094430,-79.026710,approx,web,https://www.tottus.com.pe/tottus-pe/content/horario-tiendas-all,to_verify,"Geocodificada a partir de la dirección oficial (Nominatim, a nivel de calle: Avenida América Norte, Trujillo, La Libertad); la fuente no indica el distrito; la calle existe en un solo distrito",2026-10-01
osm-n2119440849,tottus,Tottus Chiclayo 1,"Av. Víctor Raúl Haya de la Torre 150/250, Urb. San Eduardo",Chiclayo,Chiclayo,Lambayeque,140101,-6.777403,-79.835689,exact,osm,n2119440849,verified,"También en la lista oficial (nombre en OSM: Tottus); la lista oficial no trae coordenadas; emparejada por ser la única tienda Tottus de Chiclayo en la lista oficial y en OSM",2026-10-01
osm-w520351220,tottus,Tottus Chiclayo San José,"Av. Luis Gonzales 881, Chiclayo (Cercado)",Chiclayo,Chiclayo,Lambayeque,140101,-6.770607,-79.842677,exact,osm,w520351220,verified,"También en la lista oficial; también mapeada en OSM como n5084742171; la lista oficial no trae coordenadas; emparejada por el nombre de la sede o de la calle",2026-10-01
osm-n4890638817,tottus,Tottus Cañete,"Av. Mariscal Benavides 1000, San Vicente de Cañete",San Vicente de Cañete,Cañete,Lima,150501,-13.075193,-76.373580,exact,osm,n4890638817,verified,"También en la lista oficial; la lista oficial no trae coordenadas; emparejada por ser la única tienda Tottus de San Vicente de Cañete en la lista oficial y en OSM",2026-10-01
osm-w519443816,tottus,Tottus Huaral,Av. Chancay 1248 (ex fundo Esquivel),Huaral,Huaral,Lima,150601,-11.502504,-77.225883,exact,osm,w519443816,verified,"También en la lista oficial; la lista oficial no trae coordenadas; emparejada por el nombre de la sede o de la calle",2026-10-01
osm-w524127294,tottus,Tottus Huacho,"Av. Moore 213/215, Huacho",Huacho,Huaura,Lima,150801,-11.108387,-77.604451,exact,osm,w524127294,verified,"También en la lista oficial; la lista oficial no trae coordenadas; emparejada por el nombre de la sede o de la calle",2026-10-01
web-tottus-puruchuco,tottus,Tottus Puruchuco,"Av. Nicolás Ayllón 4770 (Real Plaza Puruchuco), Ate",Ate,Lima,Lima,150103,-12.040852,-76.932244,approx,web,https://www.tottus.com.pe/tottus-pe/content/horario-tiendas-all,to_verify,"Geocodificada a partir de la dirección oficial (Nominatim, a nivel de número: Real Plaza Puruchuco, 4770, Avenida Nicolás de Ayllón)",2026-10-01
osm-w437322588,tottus,Tottus Huaylas,Av. Defensores del Morro 1350 (ex Av. Huaylas),Chorrillos,Lima,Lima,150108,-12.176062,-77.018279,exact,osm,w437322588,verified,"También en la lista oficial (nombre en OSM: Tottus Chorrillos); la lista oficial no trae coordenadas; emparejada por el nombre de la sede o de la calle",2026-10-01
osm-n9335388691,tottus,Tottus Comas,Av. Alamedas del Retablo 167,Comas,Lima,Lima,150110,-11.937086,-77.064906,exact,osm,n9335388691,verified,"También en la lista oficial; la lista oficial no trae coordenadas; emparejada por ser la única tienda Tottus de Comas en la lista oficial y en OSM",2026-10-01
osm-w201786020,tottus,Tottus El Agustino,Jr. Áncash 2479 (ex cuartel La Pólvora),El Agustino,Lima,Lima,150111,-12.040421,-77.000128,exact,osm,w201786020,verified,"También en la lista oficial; la lista oficial no trae coordenadas; emparejada por el nombre de la sede o de la calle",2026-10-01
osm-n1917986232,tottus,Tottus Megaplaza,Av. Alfredo Mendiola 3698,Independencia,Lima,Lima,150112,-11.993996,-77.061965,exact,osm,n1917986232,verified,"También en la lista oficial; la lista oficial no trae coordenadas; emparejada por el nombre de la sede o de la calle",2026-10-01
osm-n4551288089,tottus,Tottus Calle 7,"Calle 7 510, La Molina",La Molina,Lima,Lima,150114,-12.082664,-76.928963,exact,osm,n4551288089,verified,"También en la lista oficial; la lista oficial no trae coordenadas; emparejada por ser la única tienda Tottus de La Molina en la lista oficial y en OSM",2026-10-01
osm-w357299857,tottus,Tottus La Fontana,Av. La Fontana 790,La Molina,Lima,Lima,150114,-12.072677,-76.950922,exact,osm,w357299857,verified,"También en la lista oficial; la lista oficial no trae coordenadas; emparejada por el nombre de la sede o de la calle",2026-10-01
osm-w445978658,tottus,Tottus Lima Centro,Av. Tacna 665 (esquina con Jr. Moquegua),Lima,Lima,Lima,150101,-12.048204,-77.037887,exact,osm,w445978658,verified,"También en la lista oficial; la lista oficial no trae coordenadas; emparejada a 112 m de su dirección geocodificada",2026-10-01
osm-w436598550,tottus,Tottus Zorritos,Jr. Zorritos cuadra 15 (11 Naciones Unidas),Lima,Lima,Lima,150101,-12.048336,-77.058480,exact,osm,w436598550,verified,"También en la lista oficial; emparejada a mano con este elemento OSM el 2026-10-01 a partir de evidencia verificada (tools/seed/overrides.json, manualPlacements; confianza alta): edificio de Tottus en OSM (w436598550, Av. Óscar R. Benavides 1291), en la manzana entre la Av. Colonial, el Jr. Zorritos y la Av. Naciones Unidas que describe Perú Retail (13 jul. 2010); la lista oficial dice «Jr. Zorritos cuadra 15 (11 Naciones Unidas)»; la lista oficial no trae coordenadas",2026-10-01
osm-w405584318,tottus,Tottus Los Olivos,"Av. Alfredo Mendiola 5810, Urb. Infantas, Los Olivos",Los Olivos,Lima,Lima,150117,-11.965205,-77.066644,exact,osm,w405584318,verified,"También en la lista oficial; la lista oficial no trae coordenadas; emparejada por el nombre de la sede o de la calle",2026-10-01
osm-n7091051785,tottus,Tottus Comandante Espinar,"Av. Comandante Espinar 719, Miraflores",Miraflores,Lima,Lima,150122,-12.111959,-77.037266,exact,osm,n7091051785,verified,"También en la lista oficial; la lista oficial no trae coordenadas; emparejada por ser la única tienda Tottus de Miraflores en la lista oficial y en OSM",2026-10-01
osm-n2663483707,tottus,Tottus Miraflores,"Av. 28 de Julio 1003 (Sótano 1), Miraflores",Miraflores,Lima,Lima,150122,-12.129563,-77.022302,exact,osm,n2663483707,verified,"También en la lista oficial (nombre en OSM: Tottus Express); la lista oficial no trae coordenadas; emparejada por el nombre de la sede o de la calle",2026-10-01
osm-w201786022,tottus,Tottus Puente Piedra,Av. Puente Piedra Sur 322,Puente Piedra,Lima,Lima,150125,-11.868751,-77.073068,exact,osm,w201786022,verified,"También en la lista oficial; la lista oficial no trae coordenadas; emparejada por el nombre de la sede o de la calle",2026-10-01
web-tottus-punta-hermosa,tottus,Tottus Punta Hermosa,"Av. García Rada 911, Punta Hermosa",Punta Hermosa,Lima,Lima,150126,-12.333345,-76.824812,approx,web,https://www.tottus.com.pe/tottus-pe/content/horario-tiendas-all,to_verify,"Geocodificada a partir de la dirección oficial (Nominatim, a nivel de calle: Avenida Gaston Garcia Rada, Punta Hermosa, Lima)",2026-10-01
osm-n4102715294,tottus,Tottus San Luis,"Av. San Luis 2399 Mz. A Lt. 1, San Borja",San Borja,Lima,Lima,150130,-12.097334,-76.994760,exact,osm,n4102715294,verified,"También en la lista oficial; la lista oficial no trae coordenadas; emparejada por el nombre de la sede o de la calle",2026-10-01
osm-w436271140,tottus,Tottus Begonias,"Las Begonias 785, San Isidro",San Isidro,Lima,Lima,150131,-12.096019,-77.025475,exact,osm,w436271140,verified,"También en la lista oficial; la lista oficial no trae coordenadas; emparejada por el nombre de la sede o de la calle",2026-10-01
osm-w183627199,tottus,Tottus Campoy,"Prolong. Malecón Checa Mz. L Sub Lote 1A, Urb. Campoy, San Juan de Lurigancho",San Juan de Lurigancho,Lima,Lima,150132,-12.023940,-76.973239,exact,osm,w183627199,verified,"También en la lista oficial; la lista oficial no trae coordenadas; emparejada por ser la única tienda Tottus de San Juan de Lurigancho en la lista oficial y en OSM",2026-10-01
osm-w554928908,tottus,Tottus San Hilarión,"Av. San Hilarión Este Mz. E1 Lote 1, Urb. San Hilarión, San Juan de Lurigancho",San Juan de Lurigancho,Lima,Lima,150132,-11.993174,-77.009316,exact,osm,w554928908,verified,"También en la lista oficial; la lista oficial no trae coordenadas; emparejada por el nombre de la sede o de la calle",2026-10-01
osm-w183758791,tottus,Tottus Tusilagos,"Av. Los Tusílagos Oeste 281 (12 Próceres de la Independencia), San Juan de Lurigancho",San Juan de Lurigancho,Lima,Lima,150132,-12.013459,-77.005393,exact,osm,w183758791,verified,"También en la lista oficial; la lista oficial no trae coordenadas; emparejada por el nombre de la sede o de la calle",2026-10-01
osm-w565493831,tottus,Tottus Atocongo,Av. Circunvalación 1803,San Juan de Miraflores,Lima,Lima,150133,-12.147531,-76.980769,exact,osm,w565493831,verified,"También en la lista oficial; también mapeada en OSM como n1800680808; la lista oficial no trae coordenadas; emparejada por el nombre de la sede o de la calle",2026-10-01
osm-n4040883405,tottus,Tottus Lima Sur,"Av. Los Lirios 301 Int. LCS-001, Urb. Entel Perú, San Juan de Miraflores",San Juan de Miraflores,Lima,Lima,150133,-12.155535,-76.981633,exact,osm,n4040883405,verified,"También en la lista oficial; la lista oficial no trae coordenadas; emparejada por ser la única tienda Tottus de San Juan de Miraflores en la lista oficial y en OSM",2026-10-01
osm-w392534841,tottus,Tottus Avenida Central,"Av. Canta Callao 3005, Urb. Huertos del Naranjal, San Martín de Porres",San Martín de Porres,Lima,Lima,150135,-11.954789,-77.085795,exact,osm,w392534841,verified,"También en la lista oficial; la lista oficial no trae coordenadas; emparejada por el nombre de la sede o de la calle",2026-10-01
web-tottus-izaguirre,tottus,Tottus Izaguirre,"Av. Carlos Izaguirre 2838, Urb. Santa Rosa, San Martín de Porres",San Martín de Porres,Lima,Lima,150135,-11.989565,-77.101046,approx,web,https://www.peru-retail.com/tottus-retoma-su-expansion-en-lima-con-la-apertura-de-un-nuevo-supermercado-donde-abrio/,to_verify,"Geocodificada a partir de la dirección oficial (Nominatim, a nivel de calle: Avenida Carlos Alberto Izaguirre, Santa Rosa, San Martín de Porres); reportada por la prensa; no figura en la lista oficial",2026-10-01
osm-n2116516462,tottus,Tottus La Marina,"Av. La Marina 2355, Urb. Maranga",San Miguel,Lima,Lima,150136,-12.079288,-77.088409,exact,osm,n2116516462,verified,"También en la lista oficial; la lista oficial no trae coordenadas; emparejada por el nombre de la sede o de la calle",2026-10-01
osm-w563079251,tottus,Tottus Santa Anita,"Carretera Central 135 (Z.I. A-B), Santa Anita",Santa Anita,Lima,Lima,150137,-12.056773,-76.970853,exact,osm,w563079251,verified,"También en la lista oficial; la lista oficial no trae coordenadas; emparejada por ser la única tienda Tottus de Santa Anita en la lista oficial y en OSM",2026-10-01
osm-n4035459874,tottus,Tottus Jockey Plaza,Av. Javier Prado Este 4010,Santiago de Surco,Lima,Lima,150140,-12.085646,-76.979164,exact,osm,n4035459874,verified,"También en la lista oficial; la lista oficial no trae coordenadas; emparejada a 416 m de su dirección geocodificada",2026-10-01
osm-n4351837814,tottus,Tottus Próceres,Av. Los Próceres 1030,Santiago de Surco,Lima,Lima,150140,-12.159194,-76.989059,exact,osm,n4351837814,verified,"También en la lista oficial; la lista oficial no trae coordenadas; emparejada por el nombre de la sede o de la calle",2026-10-01
osm-n5577522631,tottus,Tottus Angamos,Cruce Av. Tomás Marsano con Av. Angamos Este,Surquillo,Lima,Lima,150141,-12.112183,-77.011278,exact,osm,n5577522631,verified,"También en la lista oficial; la lista oficial no trae coordenadas; emparejada por el nombre de la sede o de la calle",2026-10-01
osm-n4694165214,tottus,Tottus Villa El Salvador,"Mz. D Lote 3, Zona Agropecuaria, Villa El Salvador",Villa El Salvador,Lima,Lima,150142,-12.197766,-76.964383,exact,osm,n4694165214,verified,"También en la lista oficial; la lista oficial no trae coordenadas; emparejada por ser la única tienda Tottus de Villa El Salvador en la lista oficial y en OSM",2026-10-01
osm-w371799478,tottus,Tottus Pachacútec,"Av. Pachacútec 6321, Tablada de Lurín",Villa María del Triunfo,Lima,Lima,150143,-12.204366,-76.927971,exact,osm,w371799478,verified,"También en la lista oficial; la lista oficial no trae coordenadas; emparejada por el nombre de la sede o de la calle",2026-10-01
web-tottus-iquitos,tottus,Tottus Iquitos,C.C. Mall Aventura Iquitos,San Juan Bautista,Maynas,Loreto,160113,-3.764673,-73.267346,exact,web,https://gestion.pe/economia/empresas/hipermercados-tottus-abre-sus-puertas-en-iquitos-en-mall-aventura-noticia/,to_verify,"Colocada a mano el 2026-10-01 a partir de evidencia verificada (tools/seed/overrides.json, manualPlacements; confianza alta): ubicada en el centroide del edificio del Mall Aventura Iquitos (OSM r20255679, Av. José Abelardo Quiñones, San Juan Bautista); el local de Tottus no está mapeado por separado. Apertura reportada por Gestión (8 set. 2023); no figura en la lista oficial de Tottus (sin filtro Loreto), por verificar que siga operando; reportada por la prensa; no figura en la lista oficial",2026-10-01
osm-n4610945491,tottus,Tottus Piura,"Av. Andrés Avelino Cáceres s/n, Urb. Miraflores, Castilla",Castilla,Piura,Piura,200104,-5.182376,-80.621344,exact,osm,n4610945491,verified,"También en la lista oficial; la lista oficial no trae coordenadas; emparejada por ser la única tienda Tottus de Castilla en la lista oficial y en OSM",2026-10-01
osm-w1018725192,tottus,Tottus Veintiséis de Octubre,,Veintiséis de Octubre,Piura,Piura,200115,-5.177311,-80.664349,exact,osm,w1018725192,to_verify,"Solo en OSM; elemento OSM v2, última edición el 2022-01-06",2026-10-01
osm-w552646525,tottus,Tottus Sullana,"Av. Panamericana 461, Urb. Santa Rosa, Sullana",Sullana,Sullana,Piura,200601,-4.902970,-80.696952,exact,osm,w552646525,verified,"También en la lista oficial; la lista oficial no trae coordenadas; emparejada por ser la única tienda Tottus de Sullana en la lista oficial y en OSM",2026-10-01
osm-n2795704927,tottus,Tottus Pucallpa,"Av. Centenario 2086 Int. 1 (ancla 1), Yarinacocha",Yarinacocha,Coronel Portillo,Ucayali,250105,-8.387235,-74.566421,exact,osm,n2795704927,verified,"También en la lista oficial; la lista oficial no trae coordenadas; emparejada por ser la única tienda Tottus de Yarinacocha en la lista oficial y en OSM",2026-10-01
osm-w142059958,wong,Wong Larco,"Av. Larco N°857, Mz. D, Lote 18, Urbanización La Merced - Trujillo - La Libertad",Trujillo,Trujillo,La Libertad,130101,-8.122380,-79.036275,exact,osm,w142059958,verified,También en la lista oficial,2026-10-01
osm-w142431229,wong,Wong California,"Av. Los Ángeles N°388, Urbanización California - Víctor Larco Herrera - La Libertad",Víctor Larco Herrera,Trujillo,La Libertad,130111,-8.131660,-79.037536,exact,osm,w142431229,verified,También en la lista oficial,2026-10-01
web-wong-el-golf,wong,Wong El Golf,"Avenida El Golf 443, Trujillo, Trujillo",Víctor Larco Herrera,Trujillo,La Libertad,130111,-8.135681,-79.035633,exact,web,https://www.wong.pe/stores,to_verify,"Solo en la lista oficial (coordenadas oficiales); apertura no confirmada",2026-10-01
osm-n1922933467,wong,Wong Asia,"Boulevard de Asia, Panamericana Sur Km 97.5 - Asia - Cañete",Asia,Cañete,Lima,150502,-12.762122,-76.601159,exact,osm,n1922933467,verified,También en la lista oficial,2026-10-01
osm-w297217134,wong,Wong Ate,Av. La Molina N°378 (Asoc. Fundo Inquisidor y Pulido) - Ate,Ate,Lima,Lima,150103,-12.060134,-76.963429,exact,osm,w297217134,verified,También en la lista oficial,2026-10-01
osm-w331619716,wong,Wong Camacho,"Av. Javier Prado Este Cdra. 51, C.C. Plaza Camacho - La Molina",La Molina,Lima,Lima,150114,-12.080600,-76.967380,exact,osm,w331619716,verified,También en la lista oficial,2026-10-01
osm-n2099768082,wong,Wong Cenco La Molina,"Calle Las Retamas N°190, Urb. Los Sirus II Etapa - La Molina",La Molina,Lima,Lima,150114,-12.091495,-76.951704,exact,osm,n2099768082,verified,También en la lista oficial,2026-10-01
osm-w437656900,wong,Wong La Planicie,Calle Tahiti N°715 esquina con Av. Ricardo Elías Aparicio - La Planicie - La Molina,La Molina,Lima,Lima,150114,-12.077240,-76.917690,exact,osm,w437656900,verified,También en la lista oficial,2026-10-01
osm-w437670258,wong,Wong Sol de La Molina,"Av. La Molina N°4055 esquina con Jr. Sebastián, Mz. N, Lt. 11, Urb. Sol de La Molina II Etapa - La Molina",La Molina,Lima,Lima,150114,-12.085663,-76.902208,exact,osm,w437670258,verified,También en la lista oficial,2026-10-01
osm-w338365656,wong,Wong Aurora,"Calle Arias Schereiber N°270, Urb. Aurora - Miraflores",Miraflores,Lima,Lima,150122,-12.121647,-77.011252,exact,osm,w338365656,verified,También en la lista oficial,2026-10-01
osm-n6275372114,wong,Wong Bajada Balta,Av. Bajada Balta N°626 - Miraflores,Miraflores,Lima,Lima,150122,-12.122812,-77.032201,exact,osm,n6275372114,verified,También en la lista oficial,2026-10-01
osm-r8067071,wong,Wong Benavides,Av. Benavides N°1475 esquina con Av.República de Panamá - Miraflores,Miraflores,Lima,Lima,150122,-12.125779,-77.017640,exact,osm,r8067071,verified,También en la lista oficial,2026-10-01
osm-n6097026911,wong,Wong Larcomar,"Av. Malecón de la Reserva N°610, C.C. Larcomar - Miraflores",Miraflores,Lima,Lima,150122,-12.131401,-77.031359,exact,osm,n6097026911,verified,También en la lista oficial,2026-10-01
osm-w291982777,wong,Wong Óvalo Gutiérrez,"Av. Santa Cruz N°771, Urb. Los Sirius - Miraflores",Miraflores,Lima,Lima,150122,-12.110137,-77.036180,exact,osm,w291982777,verified,También en la lista oficial,2026-10-01
osm-n12547663850,wong,Wong KM40,Km. 40 Antigua Panamericana Sur,Punta Hermosa,Lima,Lima,150126,-12.311686,-76.836494,exact,osm,n12547663850,verified,También en la lista oficial,2026-10-01
osm-n1426626482,wong,Wong Ucello,Calle Ucello N°162 - San Borja,San Borja,Lima,Lima,150130,-12.089883,-77.005579,exact,osm,n1426626482,verified,También en la lista oficial,2026-10-01
osm-w289555109,wong,Wong Dos de Mayo,Av. Dos de Mayo N°1099 - San Isidro,San Isidro,Lima,Lima,150131,-12.092098,-77.041760,exact,osm,w289555109,verified,También en la lista oficial (nombre en OSM: Wong),2026-10-01
osm-n2450084490,wong,Wong San Miguel,"Av. La Marina esquina con Av. Universitaria, C.C. Plaza San Miguel - San Miguel",San Miguel,Lima,Lima,150136,-12.076708,-77.081219,exact,osm,n2450084490,verified,También en la lista oficial,2026-10-01
osm-w405572382,wong,Wong Aldabas,Av. Benavides N°5250 esquina con Calle Los Artesanos - Santiago de Surco,Santiago de Surco,Lima,Lima,150140,-12.130167,-76.982448,exact,osm,w405572382,verified,También en la lista oficial,2026-10-01
osm-w401846099,wong,Wong Chacarilla,Calle Monte Bello N°150 - Chacarilla del Estanque - Santiago de Surco,Santiago de Surco,Lima,Lima,150140,-12.111816,-76.992134,exact,osm,w401846099,verified,También en la lista oficial,2026-10-01
osm-w271236477,wong,Wong Tomás Marsano,"Av. Santiago de Surco N°4647, Mz. B, Lote 1, Urb. Prolongación Benavides - Santiago de Surco",Santiago de Surco,Lima,Lima,150140,-12.142831,-76.990130,exact,osm,w271236477,verified,También en la lista oficial (nombre en OSM: Wong Marsano),2026-10-01
osm-w518454776,metro,Metro Pacífico,"Av. Pacífico N°272, Nuevo Chimbote",Nuevo Chimbote,Santa,Áncash,021809,-9.120703,-78.535394,exact,osm,w518454776,verified,También en la lista oficial (nombre en OSM: Metro Nuevo Chimbote),2026-10-01
osm-n3946821155,metro,Metro Cerro Colorado,"Av. Aviación Nro. 602, Arequipa",Cerro Colorado,Arequipa,Arequipa,040104,-16.374689,-71.556720,exact,osm,n3946821155,verified,También en la lista oficial,2026-10-01
osm-n4020806745,metro,Metro Plaza Norte Arequipa,"Carretera Yura Km. 9, C.C. Arequipa Norte, Arequipa",Cerro Colorado,Arequipa,Arequipa,040104,-16.341984,-71.584533,exact,osm,n4020806745,verified,También en la lista oficial,2026-10-01
osm-w463994742,metro,Metro Hunter,"Urb. La Colina I, Av. Las Américas Mz-J-Jacobo Hunter, Arequipa",Jacobo Hunter,Arequipa,Arequipa,040107,-16.437922,-71.560694,exact,osm,w463994742,verified,También en la lista oficial,2026-10-01
osm-n4018848559,metro,Metro Lambramani,"Av. Lambramani 325 - Mall Parque Lambramani, Arequipa",José Luis Bustamante y Rivero,Arequipa,Arequipa,040129,-16.410983,-71.521065,exact,osm,n4018848559,verified,También en la lista oficial,2026-10-01
osm-n4106850957,metro,Metro Ejército,"Av. Ejército s/n esquina con Av. Jerusalén N°601 - Yanahuara, Arequipa",Yanahuara,Arequipa,Arequipa,040126,-16.390967,-71.544938,exact,osm,n4106850957,verified,También en la lista oficial,2026-10-01
osm-w340289288,metro,Metro Amazonas,"Jr. Angamos N°911, Cajamarca",Cajamarca,Cajamarca,Cajamarca,060101,-7.148938,-78.524219,exact,osm,w340289288,verified,También en la lista oficial,2026-10-01
osm-n1880807495,metro,Metro El Quinde,"Jr. Sor Manuela Gil N°151, C.C. El Quinde. Cajamarca",Cajamarca,Cajamarca,Cajamarca,060101,-7.148045,-78.510137,exact,osm,n1880807495,verified,También en la lista oficial,2026-10-01
osm-n1482508945,metro,Metro Bellavista,"Av. Oscar R. Benavides N° 1608, Bellavista, Callao",Bellavista,Callao,Callao,070102,-12.059209,-77.126424,exact,osm,n1482508945,verified,También en la lista oficial,2026-10-01
osm-w408914432,metro,Metro Colonial,"Av. R. Oscar Benavides Nro. 3002, Cercado de Lima",Callao,Callao,Callao,070101,-12.049290,-77.079623,exact,osm,w408914432,verified,"También en la lista oficial; distrito según la lista oficial: Lima",2026-10-01
osm-w384391183,metro,Metro Minka,"Calle N°3 Pabellón 9 Centro Comercial Minka, Callao",Callao,Callao,Callao,070101,-12.046886,-77.112502,exact,osm,w384391183,verified,También en la lista oficial (nombre en OSM: Metro Minka),2026-10-01
osm-w303407094,metro,Metro Ventanilla,"Av. Néstor Gambeta s/n, Ventanilla, Callao",Ventanilla,Callao,Callao,070106,-11.877612,-77.126118,exact,osm,w303407094,verified,También en la lista oficial,2026-10-01
osm-w625173283,metro,Metro Huánuco,Jr. San Martín Nro. 1171 a 3 cuadras de la Plaza de Armas,Huánuco,Huánuco,Huánuco,100101,-9.926141,-76.242369,exact,osm,w625173283,verified,También en la lista oficial,2026-10-01
osm-n4949929723,metro,Metro,,Grocio Prado,Chincha,Ica,110206,-13.413793,-76.148725,exact,osm,n4949929723,to_verify,"No figura en la lista oficial — posible cierre; elemento OSM v2, última edición el 2021-11-29; tienda oficial de Mass ""Mass C.C. Megaplaza Chincha Local L-01"" a 38 m (¿mismo local? revisar)",2026-10-01
osm-w772092982,metro,Metro Cutervo,"Avenida Cutervo Nro. 128, Ica",Ica,Ica,Ica,110101,-14.072251,-75.725833,exact,osm,w772092982,verified,También en la lista oficial,2026-10-01
osm-n2922798818,metro,Metro Los Maestros,"Av. Los Maestros s/n, Sub Lote E.U.O. A-6 y A-7, C.C. Mega Plaza Ica",Ica,Ica,Ica,110101,-14.074932,-75.740155,exact,osm,n2922798818,verified,"También en la lista oficial; también mapeada en OSM como w762890836",2026-10-01
osm-w517440299,metro,Metro Chilca,"Av. 9 de diciembre 517 Chilca, Huancayo",Chilca,Huancayo,Junín,120107,-12.084794,-75.205117,exact,osm,w517440299,verified,También en la lista oficial,2026-10-01
osm-w142060133,metro,Metro Óvalo Papal,"Lote 1, Mz. J, Urb. Vista Hermoza, Trujillo",Trujillo,Trujillo,La Libertad,130101,-8.119639,-79.041378,exact,osm,w142060133,verified,También en la lista oficial,2026-10-01
osm-w522615697,metro,Metro Penta,"Av. Mansiche N°1703, Trujill-La Libertad",Trujillo,Trujillo,La Libertad,130101,-8.101770,-79.044973,exact,osm,w522615697,verified,También en la lista oficial,2026-10-01
osm-n4211526889,metro,Metro Pizarro,"Jr. Pizarro Nro. 700, Trujillo",Trujillo,Trujillo,La Libertad,130101,-8.109390,-79.025526,exact,osm,n4211526889,verified,También en la lista oficial,2026-10-01
osm-w572415641,metro,Metro Balta,"Av. José Balta esq. Calle Colón, Chiclayo",Chiclayo,Chiclayo,Lambayeque,140101,-6.776455,-79.839231,exact,osm,w572415641,verified,También en la lista oficial,2026-10-01
osm-w519457560,metro,Metro Grau,"Av. Miguel Grau Nro. 610, Chiclayo",Chiclayo,Chiclayo,Lambayeque,140101,-6.778267,-79.845022,exact,osm,w519457560,verified,También en la lista oficial,2026-10-01
osm-n1425994905,metro,Metro Luis Gonzales,"Av. Luis Gonzales Nro. 711, Centro Histórico, Chiclayo",Chiclayo,Chiclayo,Lambayeque,140101,-6.771456,-79.842322,exact,osm,n1425994905,verified,"También en la lista oficial; también mapeada en OSM como w520147788",2026-10-01
osm-w953590906,metro,Metro Santa Elena,"Av. Tomis Stack Nro. 255, Chiclayo",Chiclayo,Chiclayo,Lambayeque,140101,-6.772237,-79.862841,exact,osm,w953590906,verified,También en la lista oficial,2026-10-01
web-metro-santa-victoria,metro,Metro Santa Victoria,"Av. Sesquicentenario Nro. 425, Urb. Santa Victoria, Chiclayo",Chiclayo,Chiclayo,Lambayeque,140101,-6.780351,-79.842283,exact,web,https://www.metro.pe/stores,verified,Solo en la lista oficial (coordenadas oficiales),2026-10-01
osm-n5517572321,metro,Metro Lambayeque,"Av. Ramón Castilla N°898, Lambayeque",Lambayeque,Lambayeque,Lambayeque,140301,-6.705222,-79.903251,exact,osm,n5517572321,verified,También en la lista oficial,2026-10-01
osm-w233699485,metro,Metro Barranca,"Av. 9 de Diciembre esq. con calle Castilla, Barranca",Barranca,Barranca,Lima,150201,-10.748338,-77.764128,exact,osm,w233699485,verified,También en la lista oficial,2026-10-01
osm-w439801919,metro,Metro Puruchuco,"Av. Nicolás Ayllón Nro. 4297, Urb. Vista Alegre, Ate",Ate,Lima,Lima,150103,-12.041490,-76.935816,exact,osm,w439801919,verified,También en la lista oficial,2026-10-01
web-metro-santa-clara,metro,Metro Santa Clara,"Av.Nicolás Ayllon N°8508-8510 esquina con Pasaje Ayabaca N°105, Ate",Ate,Lima,Lima,150103,-12.016119,-76.889058,exact,web,https://www.metro.pe/stores,verified,Solo en la lista oficial (coordenadas oficiales),2026-10-01
osm-w259642664,metro,Metro Barranco,"Av. Grau Nro. 513, Barranco",Barranco,Lima,Lima,150104,-12.146488,-77.022008,exact,osm,w259642664,verified,También en la lista oficial,2026-10-01
osm-w415607423,metro,Metro Óvalo Balta,"Ovalo Balta Nro. 1198 - 1102, Barranco",Barranco,Lima,Lima,150104,-12.141153,-77.017372,exact,osm,w415607423,verified,También en la lista oficial,2026-10-01
osm-w194898811,metro,Metro Breña,"Esq. Av. Venezuela con Av. Alfonso Ugarte, Breña",Breña,Lima,Lima,150105,-12.053843,-77.042925,exact,osm,w194898811,verified,También en la lista oficial,2026-10-01
osm-w441073299,metro,Metro Breña Martinto,"Av. Arica N°571, Breña",Breña,Lima,Lima,150105,-12.058875,-77.046987,exact,osm,w441073299,verified,También en la lista oficial,2026-10-01
osm-w439791916,metro,Metro Chaclacayo,"Av. Nicolás Ayllón Nro. 965-975, Chaclacayo",Chaclacayo,Lima,Lima,150107,-11.974493,-76.767851,exact,osm,w439791916,verified,También en la lista oficial,2026-10-01
osm-w422886835,metro,Metro,,Chorrillos,Lima,Lima,150108,-12.198450,-77.011890,exact,osm,w422886835,to_verify,"No figura en la lista oficial — posible cierre; mapeada en un levantamiento de campo de 2016 (source=Reconocimiento cartográfico de campo 2016 por KG); elemento OSM v4, última edición el 2019-09-25",2026-10-01
osm-n4041028591,metro,Metro Chorrillos,"Av. Prol. Paseo de la República s/n, Matellini, Chorrillos",Chorrillos,Lima,Lima,150108,-12.173582,-77.012680,exact,osm,n4041028591,verified,También en la lista oficial,2026-10-01
osm-w408909648,metro,Metro Huaylas,"Av. Huaylas Nro. 2070, Chorrillos",Chorrillos,Lima,Lima,150108,-12.181024,-77.013679,exact,osm,w408909648,verified,También en la lista oficial,2026-10-01
osm-w295316069,metro,Metro Comas Retablo,"Av. Universitaria, Lote 1, Mz. E, Urb. El Retablo, Comas",Comas,Lima,Lima,150110,-11.934035,-77.056493,exact,osm,w295316069,verified,También en la lista oficial (nombre en OSM: Metro),2026-10-01
osm-w391851727,metro,Metro Pascana,"Av. Túpac Amaru Km. 3.5, Urb. La Pascana, Comas",Comas,Lima,Lima,150110,-11.932120,-77.044219,exact,osm,w391851727,verified,También en la lista oficial,2026-10-01
osm-n3649762007,metro,Metro El Agustino,Jr. Ancash Mz G Lote 01 Int.100 El Agustino - Lima,El Agustino,Lima,Lima,150111,-12.040555,-77.001276,exact,osm,n3649762007,verified,También en la lista oficial,2026-10-01
osm-w246253402,metro,Metro Independencia,"Av. Alfredo Mendiola Nro. 3900, Independencia",Independencia,Lima,Lima,150112,-11.987843,-77.063281,exact,osm,w246253402,verified,También en la lista oficial,2026-10-01
osm-n1917982797,metro,Metro Plaza Norte,"Esq. Av. Tomás Valle con Panamericana Norte, Independencia",Independencia,Lima,Lima,150112,-12.006299,-77.060075,exact,osm,n1917982797,verified,"También en la lista oficial; también mapeada en OSM como r8609258",2026-10-01
osm-w413025655,metro,Metro Garzón,"General Garzón 1337, Jesús María 15072",Jesús María,Lima,Lima,150113,-12.073855,-77.050820,exact,osm,w413025655,verified,También en la lista oficial,2026-10-01
osm-w129898310,metro,Metro Pershing,"Av. Gregorio Escobedo Nro. 1050, Jesús María",Jesús María,Lima,Lima,150113,-12.089230,-77.057883,exact,osm,w129898310,verified,También en la lista oficial,2026-10-01
osm-w723007485,metro,Metro San Felipe,"C.C. San Felipe s/n Int. 67C, Av. Gregorio Escobedo 101, Jesús María 15076",Jesús María,Lima,Lima,150113,-12.086992,-77.053855,exact,osm,w723007485,verified,También en la lista oficial,2026-10-01
osm-w331336355,metro,Metro La Molina,"Av. La Molina Nro. 1068 esq. con Las Zarzamoras, La Molina",La Molina,Lima,Lima,150114,-12.070117,-76.957905,exact,osm,w331336355,verified,También en la lista oficial,2026-10-01
osm-w412300802,metro,Metro Arzobispado,"Av. Manco Cápac s/n esquina con Av. Bausate y Meza, La Victoria",La Victoria,Lima,Lima,150115,-12.064244,-77.028748,exact,osm,w412300802,verified,También en la lista oficial,2026-10-01
osm-n4872622409,metro,Metro Canadá,"Av. Canadá Nro. 654 esq. con Av. Nicolás Arriola, La Victoria",La Victoria,Lima,Lima,150115,-12.084270,-77.013844,exact,osm,n4872622409,verified,"También en la lista oficial; también mapeada en OSM como w289666131",2026-10-01
web-metro-gamarra,metro,Metro Gamarra,"Av. Aviación 952, Lima 15018, La Victoria",La Victoria,Lima,Lima,150115,-12.071180,-77.012970,exact,web,https://www.metro.pe/stores,verified,Solo en la lista oficial (coordenadas oficiales),2026-10-01
osm-w289468192,metro,Metro Luna Pizarro,"Jr. Javier Luna Pizarro N°1550, La Victoria",La Victoria,Lima,Lima,150115,-12.075256,-77.026077,exact,osm,w289468192,verified,También en la lista oficial (nombre en OSM: Metro),2026-10-01
osm-w446009973,metro,Metro Cercado de Lima,"Jr. Cuzco N°245 , Cercado de Lima",Lima,Lima,Lima,150101,-12.049644,-77.031702,exact,osm,w446009973,verified,También en la lista oficial,2026-10-01
osm-n4387423425,metro,Metro Plaza Castilla,"Plaza Ramón Castilla esq. Jr. Oroya y Av. Alfonso Ugarte, Cercado de Lima",Lima,Lima,Lima,150101,-12.042671,-77.042532,exact,osm,n4387423425,verified,"También en la lista oficial; también mapeada en OSM como w402154792",2026-10-01
osm-n4344769629,metro,Metro Arenales,"Av. General Arenales Nro. 1737, Lince",Lince,Lima,Lima,150116,-12.081773,-77.035703,exact,osm,n4344769629,verified,"También en la lista oficial; también mapeada en OSM como w601144368",2026-10-01
osm-w429717921,metro,Metro Chosica,"Av. 28 de Julio N°501/529/531 a una cuadra de la Plaza de Armas, Chosica",Lurigancho,Lima,Lima,150118,-11.938665,-76.695961,exact,osm,w429717921,verified,También en la lista oficial,2026-10-01
osm-w437649833,metro,Metro Express,Avenida Alfredo Benavides 620,Miraflores,Lima,Lima,150122,-12.124728,-77.026485,exact,osm,w437649833,to_verify,"No figura en la lista oficial — posible cierre; elemento OSM v7, última edición el 2024-04-19",2026-10-01
osm-w406050169,metro,Metro Schell,"Calle Schell Nro. 250, Miraflores",Miraflores,Lima,Lima,150122,-12.123128,-77.029867,exact,osm,w406050169,verified,También en la lista oficial,2026-10-01
osm-w67657500,metro,Metro,Avenida Tupac Amaru,Rímac,Lima,Lima,150128,-12.012108,-77.051898,exact,osm,w67657500,closed,"Según fuentes oficiales, Metro Ingeniería (Metro UNI) cerró el 2024-08-27 (a 48 m); mapeada en OSM como edificio o área, sin etiqueta shop",2026-10-01
osm-n14073853615,metro,Metro Las Lomas,"Manuel Ramírez Sica 275, Lima, Lima",Rímac,Lima,Lima,150128,-12.016753,-77.041671,exact,osm,n14073853615,verified,También en la lista oficial,2026-10-01
osm-n4301188225,metro,Metro Perricholi,"Jr. Trujillo Nro. 414, Rímac",Rímac,Lima,Lima,150128,-12.040405,-77.029235,exact,osm,n4301188225,verified,También en la lista oficial,2026-10-01
osm-n4042592134,metro,Metro Limatambo,"Calle José Alvarez Calderon N°200, Mz. 1, Lt. B-2, Torres de Limatambo Sector B, San Borja",San Borja,Lima,Lima,150130,-12.110268,-77.002121,exact,osm,n4042592134,verified,También en la lista oficial,2026-10-01
osm-w116933482,metro,Metro Canto Rey,Avenida Próceres de la Independencia Cdr. 33 esquina con Calle las Flores Paradero 8,San Juan de Lurigancho,Lima,Lima,150132,-11.975638,-77.002210,exact,osm,w116933482,verified,También en la lista oficial (nombre en OSM: Metro),2026-10-01
osm-w68336308,metro,Metro San Juan de Lurigancho,"Av. Próceres de la Independencia Nro. 12632, San Juan de Lurigancho",San Juan de Lurigancho,Lima,Lima,150132,-12.006552,-77.003928,exact,osm,w68336308,verified,También en la lista oficial (nombre en OSM: Metro),2026-10-01
osm-w437316547,metro,Metro Atocongo,"Av. Los Héroes 100, San Juan de Miraflores",San Juan de Miraflores,Lima,Lima,150133,-12.149889,-76.980578,exact,osm,w437316547,verified,También en la lista oficial,2026-10-01
osm-w249992830,metro,Metro Miotta,"Av. Pedro Miotta esq. con Av. Alipio Ponce, San Juan de Miraflores",San Juan de Miraflores,Lima,Lima,150133,-12.167999,-76.978365,exact,osm,w249992830,verified,También en la lista oficial (nombre en OSM: Metro Pedro Miota),2026-10-01
osm-w400456676,metro,Metro San Juan de Miraflores,"Av. Los Héroes, Mz. Z, Lote 16-A, San Juan de Miraflores",San Juan de Miraflores,Lima,Lima,150133,-12.152155,-76.977473,exact,osm,w400456676,verified,También en la lista oficial,2026-10-01
osm-w366385410,metro,Metro Angélica Gamarra,"Av. Tomas Valle, Lote 1, Mz. R1, Callao",San Martín de Porres,Lima,Lima,150135,-12.010977,-77.090435,exact,osm,w366385410,verified,También en la lista oficial,2026-10-01
osm-w1145557458,metro,Metro Faucett,"Av. Venezuela Nro. 5415, San Miguel",San Miguel,Lima,Lima,150136,-12.062978,-77.096403,exact,osm,w1145557458,verified,También en la lista oficial,2026-10-01
osm-w208457358,metro,Metro La Marina,"Av. La Marina cdra. 25, San Miguel",San Miguel,Lima,Lima,150136,-12.076081,-77.089012,exact,osm,w208457358,verified,También en la lista oficial,2026-10-01
web-metro-santa-anita,metro,Metro Santa Anita,"Carretera Central 111, Santa Anita, Lima",Santa Anita,Lima,Lima,150137,-12.056928,-76.970688,exact,web,https://www.metro.pe/stores,verified,Solo en la lista oficial (coordenadas oficiales),2026-10-01
osm-w1409623524,metro,Metro Aramburú,"Calle Las Tiendas 290, Surquillo",Surquillo,Lima,Lima,150141,-12.103758,-77.020499,exact,osm,w1409623524,verified,También en la lista oficial,2026-10-01
web-metro-plaza-del-sol,metro,Metro Plaza del Sol,"Calle Cusco 801, Piura, Piura",Piura,Piura,Piura,200101,-5.196736,-80.628009,exact,web,https://www.metro.pe/stores,to_verify,"Solo en la lista oficial (coordenadas oficiales); apertura no confirmada",2026-10-01
osm-n2979351295,metro,Metro Plaza La Luna,"Av.Grau Nro. 1460, Piura",Piura,Piura,Piura,200101,-5.192521,-80.639987,exact,osm,n2979351295,verified,También en la lista oficial,2026-10-01
osm-w397152549,metro,Metro San Eduardo,"Urb. San Eduardo Mz. B Sub Lote, Piura",Piura,Piura,Piura,200101,-5.173892,-80.630498,exact,osm,w397152549,verified,También en la lista oficial,2026-10-01
osm-n5443082721,metro,Metro Tumbes,"Calle San Martín N°275, C.C. Costa Mar Plaza Int. 100, Tumbes",Tumbes,Tumbes,Tumbes,240101,-3.568048,-80.457394,exact,osm,n5443082721,verified,"También en la lista oficial (nombre en OSM: Metro Costa Mar Plaza); coordenadas oficiales a 310 m",2026-10-01
osm-n7546463067,vivanda,Vivanda Asia,"Av. Cayma S/N, KM 97.5 panamerica sur. Refd: Al lado del grifo Primax, Al lado del Boluevard",Asia,Cañete,Lima,150502,-12.762925,-76.600808,exact,osm,n7546463067,verified,"También en la lista oficial; podría ser de temporada; proviene de una configuración oficial antigua e inactiva; coordenadas oficiales a 272 m",2026-10-01
osm-w436313864,vivanda,Vivanda Javier Prado,"Av. Javier Prado Oeste 999, Magdalena del Mar",Magdalena del Mar,Lima,Lima,150120,-12.093213,-77.057912,exact,osm,w436313864,verified,"También en la lista oficial; proviene de una configuración oficial antigua e inactiva",2026-10-01
osm-w435335789,vivanda,Vivanda Benavides,"Esquina de la avenida Benavides con la calle Alcanfores, Miraflores",Miraflores,Lima,Lima,150122,-12.124375,-77.028073,exact,osm,w435335789,verified,"También en la lista oficial; proviene de una configuración oficial antigua e inactiva",2026-10-01
web-vivanda-pardo,vivanda,Vivanda Pardo,"Av. José Pardo 715, Miraflores",Miraflores,Lima,Lima,150122,-12.119470,-77.036060,exact,web,https://vivanda.vtexcommercestable.com.br/api/checkout/pub/pickup-points,to_verify,"Solo en la lista oficial (coordenadas oficiales); proviene de una configuración oficial antigua e inactiva",2026-10-01
osm-w289666122,vivanda,Vivanda Dos de Mayo,"Av. Dos de Mayo 1410, esquina con Nogales, San Isidro",San Isidro,Lima,Lima,150131,-12.091934,-77.045600,exact,osm,w289666122,verified,"También en la lista oficial; proviene de una configuración oficial antigua e inactiva",2026-10-01
osm-w289710415,vivanda,Vivanda Libertadores,Av. Libertadores 596 San Isidro,San Isidro,Lima,Lima,150131,-12.103729,-77.038038,exact,osm,w289710415,verified,"También en la lista oficial; proviene de una configuración oficial antigua e inactiva",2026-10-01
osm-n4143692375,vivanda,Vivanda Pezet,"Av. Juan Antonio Pezet 1340 – 1360, San Isidro",San Isidro,Lima,Lima,150131,-12.102560,-77.052177,exact,osm,n4143692375,verified,"También en la lista oficial; proviene de una configuración oficial antigua e inactiva",2026-10-01
web-vivanda-monterrico,vivanda,Vivanda Monterrico,"Av. La Encalada cuadra 5, esquina con av. Angamos Este cuadra 15, Monterrico",Santiago de Surco,Lima,Lima,150140,-12.108990,-76.972090,exact,web,https://vivanda.vtexcommercestable.com.br/api/checkout/pub/pickup-points,to_verify,"Solo en la lista oficial (coordenadas oficiales); proviene de una configuración oficial antigua e inactiva",2026-10-01
web-tiendas3a-cosme-bueno,tiendas3a,Tiendas 3A Cosme Bueno,URB. SAN JOSE AV. SAN JOSE NRO 423 427,Bellavista,Callao,Callao,070102,-12.056287,-77.095656,exact,web,https://www.tiendas3a.pe/ubicanos,verified,Solo en la lista oficial (coordenadas oficiales),2026-10-01
web-tiendas3a-juan-pablo-ii,tiendas3a,Tiendas 3A Juan Pablo Ii,AV. JUAN PABLO II MZ B4 LOTE 2,Bellavista,Callao,Callao,070102,-12.062578,-77.116983,exact,web,https://www.tiendas3a.pe/ubicanos,verified,Solo en la lista oficial (coordenadas oficiales),2026-10-01
web-tiendas3a-boca-negra,tiendas3a,Tiendas 3A Boca Negra,AVENIDA BOCANEGRA MANZANA D LOTE 07 CALLAO CALLAO,Callao,Callao,Callao,070101,-12.007146,-77.099809,exact,web,https://www.tiendas3a.pe/ubicanos,verified,Solo en la lista oficial (coordenadas oficiales),2026-10-01
web-tiendas3a-calle-5,tiendas3a,Tiendas 3A Calle 5,URB. LOS PILARES CAL. 5 MZ P-1 LOTE 2,Callao,Callao,Callao,070101,-12.053875,-77.112812,exact,web,https://www.tiendas3a.pe/ubicanos,verified,Solo en la lista oficial (coordenadas oficiales),2026-10-01
web-tiendas3a-el-alamo,tiendas3a,Tiendas 3A El Alamo,"AV. COLECTORA UI-02 MZ I, LT. 2",Callao,Callao,Callao,070101,-12.001917,-77.107722,exact,web,https://www.tiendas3a.pe/ubicanos,verified,Solo en la lista oficial (coordenadas oficiales),2026-10-01
web-tiendas3a-garcilazo-de-la-vega-1,tiendas3a,Tiendas 3A Garcilazo de la Vega 1,URB. LA COLONIAL AV. GARCILAZO DE LA VEGA 125,Callao,Callao,Callao,070101,-12.052862,-77.096222,exact,web,https://www.tiendas3a.pe/ubicanos,verified,Solo en la lista oficial (coordenadas oficiales),2026-10-01
web-tiendas3a-grau-10,tiendas3a,Tiendas 3A Grau 10,AV. MIGUEL GRAU 1031,Callao,Callao,Callao,070101,-12.062027,-77.137672,exact,web,https://www.tiendas3a.pe/ubicanos,verified,Solo en la lista oficial (coordenadas oficiales),2026-10-01
web-tiendas3a-jorge-chavez-6,tiendas3a,Tiendas 3A Jorge Chavez 6,"AV. LOS DOMINICOS MZ L, URB. JORGE CHAVEZ",Callao,Callao,Callao,070101,-12.015419,-77.094166,exact,web,https://www.tiendas3a.pe/ubicanos,verified,Solo en la lista oficial (coordenadas oficiales),2026-10-01
web-tiendas3a-marco-polo-1,tiendas3a,Tiendas 3A Marco Polo 1,AV. MARCO POLO 149,Callao,Callao,Callao,070101,-12.061573,-77.143140,exact,web,https://www.tiendas3a.pe/ubicanos,verified,Solo en la lista oficial (coordenadas oficiales),2026-10-01
web-tiendas3a-pacasmayo-9,tiendas3a,Tiendas 3A Pacasmayo 9,URB. ALBINO HERRERA AV. PACASMAYO MZ N LOTE 12,Callao,Callao,Callao,070101,-12.009399,-77.102128,exact,web,https://www.tiendas3a.pe/ubicanos,verified,Solo en la lista oficial (coordenadas oficiales),2026-10-01
web-tiendas3a-unanue-3,tiendas3a,Tiendas 3A Unanue 3,URB. LA COLONIAL CAL. HIPOLITO UNANUE 330,Callao,Callao,Callao,070101,-12.049980,-77.093282,exact,web,https://www.tiendas3a.pe/ubicanos,verified,Solo en la lista oficial (coordenadas oficiales),2026-10-01
web-tiendas3a-insurgentes-9,tiendas3a,Tiendas 3A Insurgentes 9,AV. LOS INSURGENTES 965,La Perla,Callao,Callao,070104,-12.064813,-77.104494,exact,web,https://www.tiendas3a.pe/ubicanos,verified,Solo en la lista oficial (coordenadas oficiales),2026-10-01
web-tiendas3a-marina-2,tiendas3a,Tiendas 3A Marina 2,"AV LA MARINA MZ F, LT 1, URB SM 01 BENJAMIN DOIG",La Perla,Callao,Callao,070104,-12.066456,-77.118609,exact,web,https://www.tiendas3a.pe/ubicanos,verified,Solo en la lista oficial (coordenadas oficiales),2026-10-01
web-tiendas3a-santa-rosa-4,tiendas3a,Tiendas 3A Santa Rosa 4,AV. SANTA ROSA 489 URBANIZACIÓN LA PERLA ALTA,La Perla,Callao,Callao,070104,-12.069564,-77.121346,exact,web,https://www.tiendas3a.pe/ubicanos,verified,Solo en la lista oficial (coordenadas oficiales),2026-10-01
web-tiendas3a-la-punta,tiendas3a,Tiendas 3A La Punta,AV. CRNEL FRANCISCO BOLOGNESI 353 DPTO A-B,La Punta,Callao,Callao,070105,-12.070995,-77.163184,exact,web,https://www.tiendas3a.pe/ubicanos,verified,Solo en la lista oficial (coordenadas oficiales),2026-10-01
web-tiendas3a-huaura-mz-a,tiendas3a,Tiendas 3A Huaura Mz a,OTR. CASCO URBANO OTROS AGRUPAMIENTO MI PERU AV. HUAURA MZ A10 LOTE 4-5,Mi Perú,Callao,Callao,070107,-11.855611,-77.125528,exact,web,https://www.tiendas3a.pe/ubicanos,verified,Solo en la lista oficial (coordenadas oficiales),2026-10-01
web-tiendas3a-la-playa-mz-w5,tiendas3a,Tiendas 3A La Playa Mz W5,AV. LA PLAYA MZ W5 LT 22,Ventanilla,Callao,Callao,070106,-11.878111,-77.132750,exact,web,https://www.tiendas3a.pe/ubicanos,verified,Solo en la lista oficial (coordenadas oficiales),2026-10-01
web-tiendas3a-pachacutec,tiendas3a,Tiendas 3A Pachacutec,PRLG AV 225 MZ. L LT. 20 GRP C3 SEC. C ZN. PROY. PILOTO NUEVO PACHACUTEC / CONO OESTE A - VENTANILLA,Ventanilla,Callao,Callao,070106,-11.831975,-77.146126,exact,web,https://www.tiendas3a.pe/ubicanos,verified,Solo en la lista oficial (coordenadas oficiales),2026-10-01
web-tiendas3a-villa-los-reyes,tiendas3a,Tiendas 3A Villa los Reyes,MZ O LOTE 15,Ventanilla,Callao,Callao,070106,-11.829239,-77.124229,exact,web,https://www.tiendas3a.pe/ubicanos,verified,Solo en la lista oficial (coordenadas oficiales),2026-10-01
web-tiendas3a-asia,tiendas3a,Tiendas 3A Asia,FND. LA QUERENCIA LOTE 30,Asia,Cañete,Lima,150502,-12.762852,-76.599744,exact,web,https://www.tiendas3a.pe/ubicanos,verified,Solo en la lista oficial (coordenadas oficiales),2026-10-01
web-tiendas3a-abtao-6,tiendas3a,Tiendas 3A Abtao 6,URB. CERCADO CAL. ABTAO 627,Ancón,Lima,Lima,150102,-11.772995,-77.174104,exact,web,https://www.tiendas3a.pe/ubicanos,verified,Solo en la lista oficial (coordenadas oficiales),2026-10-01
web-tiendas3a-rosario-mz-j,tiendas3a,Tiendas 3A Rosario Mz J,COOPERATIVA VIVIENDA VIRGEN DEL ROSARIO LTDA 6 MZ J LOTE 16,Ancón,Lima,Lima,150102,-11.776614,-77.166917,exact,web,https://www.tiendas3a.pe/ubicanos,verified,Solo en la lista oficial (coordenadas oficiales),2026-10-01
web-tiendas3a-san-jose-3,tiendas3a,Tiendas 3A San Jose 3,URB. SAN JOSE CAL. ANCASH MZ N LOTE 31,Ancón,Lima,Lima,150102,-11.776730,-77.163715,exact,web,https://www.tiendas3a.pe/ubicanos,verified,Solo en la lista oficial (coordenadas oficiales),2026-10-01
web-tiendas3a-triunfadores,tiendas3a,Tiendas 3A Triunfadores,ASC. ASOCIACION POPULAR LAS LOMAS DE ANCON CAL. LOS TRIUNFADORES MZ 59 LOTE 18,Ancón,Lima,Lima,150102,-11.736396,-77.143440,exact,web,https://www.tiendas3a.pe/ubicanos,verified,Solo en la lista oficial (coordenadas oficiales),2026-10-01
web-tiendas3a-villa-estela,tiendas3a,Tiendas 3A Villa Estela,"AAHH LOS ROSALES, MZ E LT 3",Ancón,Lima,Lima,150102,-11.813722,-77.130028,exact,web,https://www.tiendas3a.pe/ubicanos,verified,Solo en la lista oficial (coordenadas oficiales),2026-10-01
web-tiendas3a-avelino-caceres,tiendas3a,Tiendas 3A Avelino Caceres,P.J. PROYECTO ESPECIAL HUAYCAN AV. ANDRES AVELINO CACERES LOTE 30,Ate,Lima,Lima,150103,-12.010085,-76.821280,exact,web,https://www.tiendas3a.pe/ubicanos,verified,Solo en la lista oficial (coordenadas oficiales),2026-10-01
web-tiendas3a-berlin-2,tiendas3a,Tiendas 3A Berlin 2,URB. LOS PORTALES DE JAVIER PRADO 2DA ETAPA CAL. BERLIN MZ P-1 LOTE 17,Ate,Lima,Lima,150103,-12.039687,-76.927545,exact,web,https://www.tiendas3a.pe/ubicanos,verified,Solo en la lista oficial (coordenadas oficiales),2026-10-01
web-tiendas3a-calle-3,tiendas3a,Tiendas 3A Calle 3,FND. IPRESA AV. ATE MZ H LOTE 18,Ate,Lima,Lima,150103,-12.051045,-76.951891,exact,web,https://www.tiendas3a.pe/ubicanos,verified,Solo en la lista oficial (coordenadas oficiales),2026-10-01
web-tiendas3a-central-2,tiendas3a,Tiendas 3A Central 2,AV. CENTRAL 217,Ate,Lima,Lima,150103,-12.024917,-76.919819,exact,web,https://www.tiendas3a.pe/ubicanos,verified,Solo en la lista oficial (coordenadas oficiales),2026-10-01
web-tiendas3a-girasoles-mz-s-ate,tiendas3a,Tiendas 3A Girasoles Mz S Ate,LOTE 10 ZONA B. AV. JOSE CARLOS MARIATEGUI,Ate,Lima,Lima,150103,-12.013970,-76.823996,exact,web,https://www.tiendas3a.pe/ubicanos,verified,Solo en la lista oficial (coordenadas oficiales),2026-10-01
web-tiendas3a-gloria-grande,tiendas3a,Tiendas 3A Gloria Grande,APV. LA ALBORADA DE GLORIA GRANDE SEC. 031MZ B LOTE 03,Ate,Lima,Lima,150103,-12.010007,-76.852773,exact,web,https://www.tiendas3a.pe/ubicanos,verified,Solo en la lista oficial (coordenadas oficiales),2026-10-01
web-tiendas3a-hermes-2,tiendas3a,Tiendas 3A Hermes 2,"CALLE HERMES, MAZANA D-1, LOTE 10, SECCIÓN N° 1",Ate,Lima,Lima,150103,-12.069967,-76.975090,exact,web,https://www.tiendas3a.pe/ubicanos,verified,Solo en la lista oficial (coordenadas oficiales),2026-10-01
web-tiendas3a-javier-prado-87,tiendas3a,Tiendas 3A Javier Prado 87,AV PROLONGACIÓN JAVIER PRADO 8736,Ate,Lima,Lima,150103,-12.043583,-76.930170,exact,web,https://www.tiendas3a.pe/ubicanos,verified,Solo en la lista oficial (coordenadas oficiales),2026-10-01
web-tiendas3a-jazmines-mzb-ate,tiendas3a,Tiendas 3A Jazmines Mzb Ate,PROG. VIV. Y COM. MZ B LT 8 ETAPA III RESD. LAS PRADERAS DE PARIACHI,Ate,Lima,Lima,150103,-12.006155,-76.844601,exact,web,https://www.tiendas3a.pe/ubicanos,verified,Solo en la lista oficial (coordenadas oficiales),2026-10-01
web-tiendas3a-metropolitana-mz-s,tiendas3a,Tiendas 3A Metropolitana Mz S,AV. METROPOLITANA MZ. S LTE. 09 Y LT. 10 ASOC. PRO. VIV. LOS ANGELES DE VITARTE - ZONA 3,Ate,Lima,Lima,150103,-12.031997,-76.932140,exact,web,https://www.tiendas3a.pe/ubicanos,verified,Solo en la lista oficial (coordenadas oficiales),2026-10-01
web-tiendas3a-nardos-3,tiendas3a,Tiendas 3A Nardos 3,URB. VALDIVIEZO CAL. LOS NARDOS MZ Ñ LOTE 01,Ate,Lima,Lima,150103,-12.059913,-76.991297,exact,web,https://www.tiendas3a.pe/ubicanos,verified,Solo en la lista oficial (coordenadas oficiales),2026-10-01
web-tiendas3a-olivar-2,tiendas3a,Tiendas 3A Olivar 2,AV JOSE CARLOS MARIATEGUI 792,Ate,Lima,Lima,150103,-12.026201,-76.912962,exact,web,https://www.tiendas3a.pe/ubicanos,verified,Solo en la lista oficial (coordenadas oficiales),2026-10-01
web-tiendas3a-paracas-1,tiendas3a,Tiendas 3A Paracas 1,"AV. LOS PARACAS 130, URB. SALMANCA",Ate,Lima,Lima,150103,-12.075998,-76.988394,exact,web,https://www.tiendas3a.pe/ubicanos,verified,Solo en la lista oficial (coordenadas oficiales),2026-10-01
web-tiendas3a-puente-llanos-1,tiendas3a,Tiendas 3A Puente Llanos 1,A.V. VILLA VITARTE SEC. 017 MZ A LOTE 12,Ate,Lima,Lima,150103,-12.029247,-76.923409,exact,web,https://www.tiendas3a.pe/ubicanos,verified,Solo en la lista oficial (coordenadas oficiales),2026-10-01
web-tiendas3a-puente-llanos-4,tiendas3a,Tiendas 3A Puente Llanos 4,URB. LAS GARZAS DE ATE MZ A LOTE 02,Ate,Lima,Lima,150103,-12.039977,-76.917482,exact,web,https://www.tiendas3a.pe/ubicanos,verified,Solo en la lista oficial (coordenadas oficiales),2026-10-01
web-tiendas3a-quechuas-13,tiendas3a,Tiendas 3A Quechuas 13,URB. LOS PARQUES DE MONTERRICO ZONA 1 AV. LOS QUECHUAS MZ D LOTE 02,Ate,Lima,Lima,150103,-12.075539,-76.977934,exact,web,https://www.tiendas3a.pe/ubicanos,verified,Solo en la lista oficial (coordenadas oficiales),2026-10-01
osm-w436474198,tiendas3a,Tiendas 3A Independencia 2,AV. INDEPENDENCIA 296,Barranco,Lima,Lima,150104,-12.155291,-77.021242,exact,osm,w436474198,verified,"También en la lista oficial; coordenadas oficiales (-11.9852537, -77.072062) descartadas: la latitud es idéntica a la de ""Tiendas 3A Independencia 27"" y la longitud es su valor -77.0072062 con un dígito menos; emparejada con este elemento OSM en tools/seed/overrides.json (es el único elemento de 3A en Barranco, a 18 m del Jirón Independencia; las coordenadas oficiales estaban corruptas); la lista oficial no trae coordenadas",2026-10-01
web-tiendas3a-brasil-9,tiendas3a,Tiendas 3A Brasil 9,AV. BRASIL 982,Breña,Lima,Lima,150105,-12.068832,-77.048933,exact,web,https://www.tiendas3a.pe/ubicanos,verified,Solo en la lista oficial (coordenadas oficiales),2026-10-01
web-tiendas3a-carhuaz-5,tiendas3a,Tiendas 3A Carhuaz 5,URB CHACRA COLORADA JR CARHUAZ NRO 0398 MZ 27 LOTE 21,Breña,Lima,Lima,150105,-12.054000,-77.049210,exact,web,https://www.tiendas3a.pe/ubicanos,verified,Solo en la lista oficial (coordenadas oficiales),2026-10-01
web-tiendas3a-ugarte-14,tiendas3a,Tiendas 3A Ugarte 14,AV. ALFONSO UGARTE 1456,Breña,Lima,Lima,150105,-12.059152,-77.041906,exact,web,https://www.tiendas3a.pe/ubicanos,verified,Solo en la lista oficial (coordenadas oficiales),2026-10-01
web-tiendas3a-7-de-agosto,tiendas3a,Tiendas 3A 7 de Agosto,URBANIZACION. 7 DE AGOSTO AV. PARQUE ZONAL MZ A LOTE 1,Carabayllo,Lima,Lima,150106,-11.887205,-77.024054,exact,web,https://www.tiendas3a.pe/ubicanos,verified,Solo en la lista oficial (coordenadas oficiales),2026-10-01
web-tiendas3a-abetos-b2,tiendas3a,Tiendas 3A Abetos B2,URB. ESMERALDA ETAPA 4 MZ 22 LOTE B2,Carabayllo,Lima,Lima,150106,-11.865451,-77.054380,exact,web,https://www.tiendas3a.pe/ubicanos,verified,Solo en la lista oficial (coordenadas oficiales),2026-10-01
web-tiendas3a-los-angeles,tiendas3a,Tiendas 3A Los Angeles,FND. VIÑA EL CARMEN MZ A LOTE 03,Carabayllo,Lima,Lima,150106,-11.903969,-77.030080,exact,web,https://www.tiendas3a.pe/ubicanos,verified,Solo en la lista oficial (coordenadas oficiales),2026-10-01
web-tiendas3a-lucyana-2,tiendas3a,Tiendas 3A Lucyana 2,AV. JOSE CARLOS MARIATEGUI 273 URB. LUCYANA,Carabayllo,Lima,Lima,150106,-11.894091,-77.032439,exact,web,https://www.tiendas3a.pe/ubicanos,verified,Solo en la lista oficial (coordenadas oficiales),2026-10-01
web-tiendas3a-madre-selva-3,tiendas3a,Tiendas 3A Madre Selva 3,"MZ N, LT. 43, URB. SANTA ISABEL",Carabayllo,Lima,Lima,150106,-11.900667,-77.036861,exact,web,https://www.tiendas3a.pe/ubicanos,verified,Solo en la lista oficial (coordenadas oficiales),2026-10-01
web-tiendas3a-mariano-mz-v,tiendas3a,Tiendas 3A Mariano Mz V,AV MARIANO CONDORCANQUI MZ Q1 LT 25 IV ETAPA DE STO. DOMINGO,Carabayllo,Lima,Lima,150106,-11.878670,-77.030511,exact,web,https://www.tiendas3a.pe/ubicanos,verified,Solo en la lista oficial (coordenadas oficiales),2026-10-01
web-tiendas3a-merino-1,tiendas3a,Tiendas 3A Merino 1,AV. MERINO REYNA 124,Carabayllo,Lima,Lima,150106,-11.890738,-77.026660,exact,web,https://www.tiendas3a.pe/ubicanos,verified,Solo en la lista oficial (coordenadas oficiales),2026-10-01
web-tiendas3a-rosales-1,tiendas3a,Tiendas 3A Rosales 1,A.V. LOS ROSALES DE CHILLON MZ D LOTE 1,Carabayllo,Lima,Lima,150106,-11.862134,-77.009253,exact,web,https://www.tiendas3a.pe/ubicanos,verified,Solo en la lista oficial (coordenadas oficiales),2026-10-01
web-tiendas3a-santo-domingo-w2,tiendas3a,Tiendas 3A Santo Domingo W2,"ASOC VIV LOS JARDINES DE CARABAYLLO 1 ETAPA, AV STO DOMINGO MZ LL LT 2",Carabayllo,Lima,Lima,150106,-11.869306,-77.025972,exact,web,https://www.tiendas3a.pe/ubicanos,verified,Solo en la lista oficial (coordenadas oficiales),2026-10-01
web-tiendas3a-torre-blanca,tiendas3a,Tiendas 3A Torre Blanca,MANUEL PRADO N° 174 ZONA 2 MZ LQ LT. 7 ZONA 2 PSJE. PROGRESO,Carabayllo,Lima,Lima,150106,-11.851361,-77.002569,exact,web,https://www.tiendas3a.pe/ubicanos,verified,Solo en la lista oficial (coordenadas oficiales),2026-10-01
web-tiendas3a-trapiche-l1,tiendas3a,Tiendas 3A Trapiche L1,"AV TRAPICHE CHILLON, URB STO. DOMINGO MZ L1 - LT36",Carabayllo,Lima,Lima,150106,-11.873575,-77.029851,exact,web,https://www.tiendas3a.pe/ubicanos,verified,Solo en la lista oficial (coordenadas oficiales),2026-10-01
web-tiendas3a-la-floresta,tiendas3a,Tiendas 3A La Floresta,COO. COOPERATIVA DE VIVIENDA LA FLORESTA AV. LA FLORESTA MZ E LOTE 1,Chaclacayo,Lima,Lima,150107,-11.992154,-76.821812,exact,web,https://www.tiendas3a.pe/ubicanos,verified,Solo en la lista oficial (coordenadas oficiales),2026-10-01
web-tiendas3a-alameda-7,tiendas3a,Tiendas 3A Alameda 7,URB. LOS CEDROS DE VILLA AV. ALAMEDA SUR 777,Chorrillos,Lima,Lima,150108,-12.198885,-77.012340,exact,web,https://www.tiendas3a.pe/ubicanos,verified,Solo en la lista oficial (coordenadas oficiales),2026-10-01
web-tiendas3a-alameda-los-cedros-2,tiendas3a,Tiendas 3A Alameda los Cedros 2,AV ALAMEDA LOS CEDROS 213,Chorrillos,Lima,Lima,150108,-12.203470,-77.014534,exact,web,https://www.tiendas3a.pe/ubicanos,verified,Solo en la lista oficial (coordenadas oficiales),2026-10-01
web-tiendas3a-costa-azul-16,tiendas3a,Tiendas 3A Costa Azul 16,JR. COSTA AZUL URB. JOSE ALAYA MZ.B LT.16,Chorrillos,Lima,Lima,150108,-12.174556,-77.016378,exact,web,https://www.tiendas3a.pe/ubicanos,verified,Solo en la lista oficial (coordenadas oficiales),2026-10-01
web-tiendas3a-defensores-9,tiendas3a,Tiendas 3A Defensores 9,AV. DEFENSORES DEL MORRO 926 928,Chorrillos,Lima,Lima,150108,-12.172534,-77.021082,exact,web,https://www.tiendas3a.pe/ubicanos,verified,Solo en la lista oficial (coordenadas oficiales),2026-10-01
web-tiendas3a-guardia-10,tiendas3a,Tiendas 3A Guardia 10,"AV. GUARDIA PERUANA MZ D, SUB LOTE 12-B, URB. LA CAMPIÑA, PRIMERA ETAPA",Chorrillos,Lima,Lima,150108,-12.182098,-77.000596,exact,web,https://www.tiendas3a.pe/ubicanos,verified,Solo en la lista oficial (coordenadas oficiales),2026-10-01
web-tiendas3a-guardia-6,tiendas3a,Tiendas 3A Guardia 6,URB. SANTA MARIA DE VILLA AV. GUARDIA PERUANA 669,Chorrillos,Lima,Lima,150108,-12.177162,-77.006110,exact,web,https://www.tiendas3a.pe/ubicanos,verified,Solo en la lista oficial (coordenadas oficiales),2026-10-01
web-tiendas3a-matellini-1,tiendas3a,Tiendas 3A Matellini 1,AV ARIOSTO MATELLINI MZ J LT5 URB. SANTA LEONOR,Chorrillos,Lima,Lima,150108,-12.179975,-77.011233,exact,web,https://www.tiendas3a.pe/ubicanos,verified,Solo en la lista oficial (coordenadas oficiales),2026-10-01
web-tiendas3a-proceres-6,tiendas3a,Tiendas 3A Proceres 6,AV PROCERES MZ F6 LOTE 6,Chorrillos,Lima,Lima,150108,-12.196631,-76.983617,exact,web,https://www.tiendas3a.pe/ubicanos,verified,Solo en la lista oficial (coordenadas oficiales),2026-10-01
web-tiendas3a-san-martin-22,tiendas3a,Tiendas 3A San Martin 22,AV. SAN MARTIN MZ F. LOTE SUB 17 A Y B,Cieneguilla,Lima,Lima,150109,-12.111060,-76.822411,exact,web,https://www.tiendas3a.pe/ubicanos,verified,Solo en la lista oficial (coordenadas oficiales),2026-10-01
web-tiendas3a-alvarado-67,tiendas3a,Tiendas 3A Alvarado 67,OTR. PASAJE PAMPA DE COMAS JR. ARNALDO ALVARADO NRO 674 MZ J,Comas,Lima,Lima,150110,-11.955530,-77.047811,exact,web,https://www.tiendas3a.pe/ubicanos,verified,Solo en la lista oficial (coordenadas oficiales),2026-10-01
web-tiendas3a-bastidas-d2,tiendas3a,Tiendas 3A Bastidas D2,AV. MICAELA BASTIDAS MZ. D2 LT. 28 EL ÁLAMO,Comas,Lima,Lima,150110,-11.925540,-77.062725,exact,web,https://www.tiendas3a.pe/ubicanos,verified,Solo en la lista oficial (coordenadas oficiales),2026-10-01
web-tiendas3a-belaunde-4,tiendas3a,Tiendas 3A Belaunde 4,AV. VICTOR A BELAUNDE NRO 495 MZ 1 LOTE 09,Comas,Lima,Lima,150110,-11.940439,-77.044806,exact,web,https://www.tiendas3a.pe/ubicanos,verified,Solo en la lista oficial (coordenadas oficiales),2026-10-01
web-tiendas3a-belaunde-este-1,tiendas3a,Tiendas 3A Belaunde Este 1,AV. BELAUNDE ESTE 107,Comas,Lima,Lima,150110,-11.941056,-77.049694,exact,web,https://www.tiendas3a.pe/ubicanos,verified,Solo en la lista oficial (coordenadas oficiales),2026-10-01
web-tiendas3a-calle-30,tiendas3a,Tiendas 3A Calle 30,URB. EL PINAR PARCELA A CAL. CALLE 30 MZ Q1 LOTE 9,Comas,Lima,Lima,150110,-11.915846,-77.055905,exact,web,https://www.tiendas3a.pe/ubicanos,verified,Solo en la lista oficial (coordenadas oficiales),2026-10-01
web-tiendas3a-calle-8,tiendas3a,Tiendas 3A Calle 8,URB. CARABAYLLO JR. 8 444,Comas,Lima,Lima,150110,-11.965685,-77.060205,exact,web,https://www.tiendas3a.pe/ubicanos,verified,Solo en la lista oficial (coordenadas oficiales),2026-10-01
web-tiendas3a-carabayllo-10,tiendas3a,Tiendas 3A Carabayllo 10,URB. EL PARRAL AV. CARABAYLLO MZ O LOTE 7-8,Comas,Lima,Lima,150110,-11.952496,-77.056369,exact,web,https://www.tiendas3a.pe/ubicanos,verified,Solo en la lista oficial (coordenadas oficiales),2026-10-01
web-tiendas3a-carabayllo-a6,tiendas3a,Tiendas 3A Carabayllo A6,"LOTE Nº 6 MANZANA A, URBANIZACIÓN SANTA ISOLINA III ETAPA",Comas,Lima,Lima,150110,-11.958332,-77.058807,exact,web,https://www.tiendas3a.pe/ubicanos,verified,Solo en la lista oficial (coordenadas oficiales),2026-10-01
web-tiendas3a-cisneros,tiendas3a,Tiendas 3A Cisneros,URB. SANTA LUZMILA AV. METROPOLITANA NRO 6202 MZ P-II LOTE 17A,Comas,Lima,Lima,150110,-11.952320,-77.064513,exact,web,https://www.tiendas3a.pe/ubicanos,verified,Solo en la lista oficial (coordenadas oficiales),2026-10-01
web-tiendas3a-collique-3,tiendas3a,Tiendas 3A Collique 3,AV. COLLIQUE 300,Comas,Lima,Lima,150110,-11.931994,-77.066469,exact,web,https://www.tiendas3a.pe/ubicanos,verified,Solo en la lista oficial (coordenadas oficiales),2026-10-01
web-tiendas3a-guillermo-2,tiendas3a,Tiendas 3A Guillermo 2,AV. GUILLERMO DE LA FUENTE MZ W LOTE 10,Comas,Lima,Lima,150110,-11.941434,-77.063306,exact,web,https://www.tiendas3a.pe/ubicanos,verified,Solo en la lista oficial (coordenadas oficiales),2026-10-01
web-tiendas3a-guillermo-de-la-fuente-4,tiendas3a,Tiendas 3A Guillermo de la Fuente 4,URB. SANTA LUZMILA AV. GUILLERMO DE LA FUENTE 481,Comas,Lima,Lima,150110,-11.943411,-77.058540,exact,web,https://www.tiendas3a.pe/ubicanos,verified,Solo en la lista oficial (coordenadas oficiales),2026-10-01
web-tiendas3a-maestro-peruano-4,tiendas3a,Tiendas 3A Maestro Peruano 4,URB. URBANIZACION CARABAYLLO II ETAPA AV. EL MAESTRO PERUANO 402-408 MZ L LOTE 2,Comas,Lima,Lima,150110,-11.964525,-77.058310,exact,web,https://www.tiendas3a.pe/ubicanos,verified,Solo en la lista oficial (coordenadas oficiales),2026-10-01
web-tiendas3a-manuel-11,tiendas3a,Tiendas 3A Manuel 11,JR. MANUEL GONZALES 1124 1128,Comas,Lima,Lima,150110,-11.930165,-77.058166,exact,web,https://www.tiendas3a.pe/ubicanos,verified,Solo en la lista oficial (coordenadas oficiales),2026-10-01
web-tiendas3a-manuel-5,tiendas3a,Tiendas 3A Manuel 5,URB. EL RETABLO JR. MANUEL GONZALES 716,Comas,Lima,Lima,150110,-11.933511,-77.060114,approx,web,https://www.tiendas3a.pe/ubicanos,to_verify,"Control de numeración: el punto de calle que dio Nominatim (Jirón Manuel Gonzales Prada, Collique Zona 1, Año Nuevo) quedaba a 3.2 km del n.º 716; posición extrapolada a partir del n.º 902 (Mass Jr. Manuel Gonzales 902 - 900 (coordenadas oficiales)) y el n.º 1580 (Mass Av. Manuel Gonzáles Prada 1580 (coordenadas oficiales)) de la misma calle",2026-10-01
web-tiendas3a-micaela-2,tiendas3a,Tiendas 3A Micaela 2,AV. MICAELA BASTIDAS 279,Comas,Lima,Lima,150110,-11.932291,-77.049593,exact,web,https://www.tiendas3a.pe/ubicanos,verified,Solo en la lista oficial (coordenadas oficiales),2026-10-01
web-tiendas3a-miguel-1,tiendas3a,Tiendas 3A Miguel 1,AV MIGUEL GRAU 179,Comas,Lima,Lima,150110,-11.924791,-77.041413,exact,web,https://www.tiendas3a.pe/ubicanos,verified,Solo en la lista oficial (coordenadas oficiales),2026-10-01
web-tiendas3a-pimentel-2,tiendas3a,Tiendas 3A Pimentel 2,JR. PIMENTEL 276,Comas,Lima,Lima,150110,-11.907531,-77.036990,exact,web,https://www.tiendas3a.pe/ubicanos,verified,Solo en la lista oficial (coordenadas oficiales),2026-10-01
web-tiendas3a-retablo-11,tiendas3a,Tiendas 3A Retablo 11,"AV RETABLO 1187, MZ R LT 19 URB RETABLO II ETAPA",Comas,Lima,Lima,150110,-11.927341,-77.055267,exact,web,https://www.tiendas3a.pe/ubicanos,verified,Solo en la lista oficial (coordenadas oficiales),2026-10-01
web-tiendas3a-revolucion-26,tiendas3a,Tiendas 3A Revolución 26,A.H. COLLIQUE IV ZONA AV. REVOLUCION MZ U1 LOTE 3,Comas,Lima,Lima,150110,-11.913286,-77.015647,exact,web,https://www.tiendas3a.pe/ubicanos,verified,Solo en la lista oficial (coordenadas oficiales),2026-10-01
web-tiendas3a-tupac-10,tiendas3a,Tiendas 3A Tupac 10,URB. TUPAC AMARU 1010-1012-1014 PJ PAMPA DE COMAS MZ A LOTE 10,Comas,Lima,Lima,150110,-11.957631,-77.052900,exact,web,https://www.tiendas3a.pe/ubicanos,verified,Solo en la lista oficial (coordenadas oficiales),2026-10-01
web-tiendas3a-tupac-13,tiendas3a,Tiendas 3A Tupac 13,URB.HUAQUILLAY AV. TUPAC AMARU NRO 5201 MZ A1 LOTE 34,Comas,Lima,Lima,150110,-11.952292,-77.051485,exact,web,https://www.tiendas3a.pe/ubicanos,verified,Solo en la lista oficial (coordenadas oficiales),2026-10-01
web-tiendas3a-tupac-44,tiendas3a,Tiendas 3A Tupac 44,OTR. PASAJE AÑO NUEVO ZONA A AV. TUPAC AMARU NRO 4485-4499 MZ G LOTE 001,Comas,Lima,Lima,150110,-11.926476,-77.043066,exact,web,https://www.tiendas3a.pe/ubicanos,verified,Solo en la lista oficial (coordenadas oficiales),2026-10-01
web-tiendas3a-tupac-57,tiendas3a,Tiendas 3A Tupac 57,URB. HUAQUILLAY AV. TUPAC AMARU 5721,Comas,Lima,Lima,150110,-11.944861,-77.050604,exact,web,https://www.tiendas3a.pe/ubicanos,verified,Solo en la lista oficial (coordenadas oficiales),2026-10-01
web-tiendas3a-tupac-65,tiendas3a,Tiendas 3A Tupac 65,"AV TUPAC AMARU 6518, 6520 Y 6522 URB. LA PASCANA",Comas,Lima,Lima,150110,-11.934745,-77.047157,exact,web,https://www.tiendas3a.pe/ubicanos,verified,Solo en la lista oficial (coordenadas oficiales),2026-10-01
web-tiendas3a-los-algarrobos,tiendas3a,Tiendas 3A Los Algarrobos,URB. TAYACAJA AV. LOS ALGARROBOS N 449 - 451 MZ M LOTE 21,El Agustino,Lima,Lima,150111,-12.038342,-76.993148,exact,web,https://www.tiendas3a.pe/ubicanos,verified,Solo en la lista oficial (coordenadas oficiales),2026-10-01
web-tiendas3a-almendras-3,tiendas3a,Tiendas 3A Almendras 3,AV. LAS ALMENDRAS N° 384 MZ B LOTE 3,Independencia,Lima,Lima,150112,-11.985897,-77.062243,exact,web,https://www.tiendas3a.pe/ubicanos,verified,"Solo en la lista oficial (coordenadas oficiales); distrito según la lista oficial: San Martín de Porres",2026-10-01
web-tiendas3a-antisuyo-4,tiendas3a,Tiendas 3A Antisuyo 4,URB. TAHUANTINSUYO AV. ANTISUYO NRO 407 409,Independencia,Lima,Lima,150112,-11.979116,-77.046680,exact,web,https://www.tiendas3a.pe/ubicanos,verified,Solo en la lista oficial (coordenadas oficiales),2026-10-01
web-tiendas3a-violetas-7,tiendas3a,Tiendas 3A Violetas 7,AV. LAS VIOLETAS 702,Independencia,Lima,Lima,150112,-11.999419,-77.054818,exact,web,https://www.tiendas3a.pe/ubicanos,verified,Solo en la lista oficial (coordenadas oficiales),2026-10-01
web-tiendas3a-bahamas,tiendas3a,Tiendas 3A Bahamas,AV LAS BAHAMAS 199,La Molina,Lima,Lima,150114,-12.083797,-76.898068,exact,web,https://www.tiendas3a.pe/ubicanos,verified,Solo en la lista oficial (coordenadas oficiales),2026-10-01
web-tiendas3a-flora-tristan-6,tiendas3a,Tiendas 3A Flora Tristan 6,URB. SANTA PATRICIA II ETAPA AV.FLORA TRISTAN MZ W LOTE 44,La Molina,Lima,Lima,150114,-12.068716,-76.943126,exact,web,https://www.tiendas3a.pe/ubicanos,verified,Solo en la lista oficial (coordenadas oficiales),2026-10-01
web-tiendas3a-fresnos-10,tiendas3a,Tiendas 3A Fresnos 10,URB. VALLE DE LA MOLINA ASPOVILM AV. LOS FRESNOS NRO 1010 MZ B LOTE 22,La Molina,Lima,Lima,150114,-12.100881,-76.943615,exact,web,https://www.tiendas3a.pe/ubicanos,verified,Solo en la lista oficial (coordenadas oficiales),2026-10-01
web-tiendas3a-fresnos-19,tiendas3a,Tiendas 3A Fresnos 19,URB. PORTADA DEL SOL III ETAPA JR. PUERTA DE SOL MZ E1 LOTE 22,La Molina,Lima,Lima,150114,-12.112581,-76.936905,exact,web,https://www.tiendas3a.pe/ubicanos,verified,Solo en la lista oficial (coordenadas oficiales),2026-10-01
web-tiendas3a-barton-2,tiendas3a,Tiendas 3A Barton 2,JR. ALBERTO BARTON NRO 230 MZ 1 LOTE 9,La Victoria,Lima,Lima,150115,-12.083858,-77.025028,exact,web,https://www.tiendas3a.pe/ubicanos,verified,Solo en la lista oficial (coordenadas oficiales),2026-10-01
web-tiendas3a-horacio-1,tiendas3a,Tiendas 3A Horacio 1,URB. SANTA CATALINA JR. HORACIO CACHAY DIAZ 152,La Victoria,Lima,Lima,150115,-12.088384,-77.013081,exact,web,https://www.tiendas3a.pe/ubicanos,verified,Solo en la lista oficial (coordenadas oficiales),2026-10-01
web-tiendas3a-manco-capac-5,tiendas3a,Tiendas 3A Manco Capac 5,AV. MANCO CAPAC 588,La Victoria,Lima,Lima,150115,-12.065604,-77.029276,exact,web,https://www.tiendas3a.pe/ubicanos,verified,Solo en la lista oficial (coordenadas oficiales),2026-10-01
web-tiendas3a-san-eugenio,tiendas3a,Tiendas 3A San Eugenio,AV. SAN EUGENIO NRO 931 933,La Victoria,Lima,Lima,150115,-12.085406,-77.016513,exact,web,https://www.tiendas3a.pe/ubicanos,verified,Solo en la lista oficial (coordenadas oficiales),2026-10-01
web-tiendas3a-alborada-14,tiendas3a,Tiendas 3A Alborada 14,AV. LA ALBORADA 1475 MZ E LT. 9 URB. LAS BRISAS,Lima,Lima,Lima,150101,-12.063454,-77.066669,exact,web,https://www.tiendas3a.pe/ubicanos,verified,Solo en la lista oficial (coordenadas oficiales),2026-10-01
web-tiendas3a-arica-25,tiendas3a,Tiendas 3A Arica 25,URB. LA TRINIDAD AV. ARICA NRO 2588-2590-2594 2598,Lima,Lima,Lima,150101,-12.052297,-77.066384,exact,web,https://www.tiendas3a.pe/ubicanos,verified,Solo en la lista oficial (coordenadas oficiales),2026-10-01
web-tiendas3a-aurelio-18,tiendas3a,Tiendas 3A Aurelio 18,AV.AURELIO GARCIA Y GARCIA 1806,Lima,Lima,Lima,150101,-12.058450,-77.075945,exact,web,https://www.tiendas3a.pe/ubicanos,verified,Solo en la lista oficial (coordenadas oficiales),2026-10-01
web-tiendas3a-belisario-11,tiendas3a,Tiendas 3A Belisario 11,AV. BELISARIO SOSA PELAEZ 1180,Lima,Lima,Lima,150101,-12.059868,-77.063455,exact,web,https://www.tiendas3a.pe/ubicanos,verified,Solo en la lista oficial (coordenadas oficiales),2026-10-01
web-tiendas3a-duenas-2,tiendas3a,Tiendas 3A Dueñas 2,AV DUEÑAS 201,Lima,Lima,Lima,150101,-12.036431,-77.065958,exact,web,https://www.tiendas3a.pe/ubicanos,verified,Solo en la lista oficial (coordenadas oficiales),2026-10-01
web-tiendas3a-elvira-27,tiendas3a,Tiendas 3A Elvira 27,CALLE ELVIRA GARCIA Y GARCIA 2789,Lima,Lima,Lima,150101,-12.051562,-77.077948,exact,web,https://www.tiendas3a.pe/ubicanos,verified,Solo en la lista oficial (coordenadas oficiales),2026-10-01
web-tiendas3a-naciones-unidas-16,tiendas3a,Tiendas 3A Naciones Unidas 16,AV. NACIONES UNIDAS 1689,Lima,Lima,Lima,150101,-12.053409,-77.061150,exact,web,https://www.tiendas3a.pe/ubicanos,verified,Solo en la lista oficial (coordenadas oficiales),2026-10-01
web-tiendas3a-santa-teodosia,tiendas3a,Tiendas 3A Santa Teodosia,JR. SANTA TEODOSIA MZ A-1 LOTE 2,Lima,Lima,Lima,150101,-12.064095,-77.077244,exact,web,https://www.tiendas3a.pe/ubicanos,verified,Solo en la lista oficial (coordenadas oficiales),2026-10-01
web-tiendas3a-sarria,tiendas3a,Tiendas 3A Sarria,AV. VÍCTOR SARRIA ARZUBIAGA 1366,Lima,Lima,Lima,150101,-12.054109,-77.071039,exact,web,https://www.tiendas3a.pe/ubicanos,verified,Solo en la lista oficial (coordenadas oficiales),2026-10-01
web-tiendas3a-teodoro-cardenas,tiendas3a,Tiendas 3A Teodoro Cardenas,URB. SANTA BEATRIZ CAL. TEODORO CARDENAS 336,Lima,Lima,Lima,150101,-12.077628,-77.033958,exact,web,https://www.tiendas3a.pe/ubicanos,verified,Solo en la lista oficial (coordenadas oficiales),2026-10-01
web-tiendas3a-bartolome-herrera,tiendas3a,Tiendas 3A Bartolome Herrera,AV BARTOLOME HERRERA 455,Lince,Lima,Lima,150116,-12.080926,-77.032367,exact,web,https://www.tiendas3a.pe/ubicanos,verified,Solo en la lista oficial (coordenadas oficiales),2026-10-01
web-tiendas3a-canevaro-3-lc,tiendas3a,Tiendas 3A Canevaro 3 Lc,AV. CESAR CANEVARO 330,Lince,Lima,Lima,150116,-12.083751,-77.037365,exact,web,https://www.tiendas3a.pe/ubicanos,verified,Solo en la lista oficial (coordenadas oficiales),2026-10-01
web-tiendas3a-ignacio-merino-26,tiendas3a,Tiendas 3A Ignacio Merino 26,AV IGNACIO MERINO 2669,Lince,Lima,Lima,150116,-12.089989,-77.031570,exact,web,https://www.tiendas3a.pe/ubicanos,verified,Solo en la lista oficial (coordenadas oficiales),2026-10-01
web-tiendas3a-los-mirtos-3,tiendas3a,Tiendas 3A Los Mirtos 3,CALLE LOS MIRTOS 371,Lince,Lima,Lima,150116,-12.088742,-77.026692,exact,web,https://www.tiendas3a.pe/ubicanos,verified,Solo en la lista oficial (coordenadas oficiales),2026-10-01
web-tiendas3a-alfredo-mendiola,tiendas3a,Tiendas 3A Alfredo Mendiola,"AV ALFREDO MENDIOLA MZ F LT9, ASOC. LA ESTRELLA",Los Olivos,Lima,Lima,150117,-11.939473,-77.072104,exact,web,https://www.tiendas3a.pe/ubicanos,verified,Solo en la lista oficial (coordenadas oficiales),2026-10-01
web-tiendas3a-beta-1,tiendas3a,Tiendas 3A Beta 1,URB. TREBOL CAL. JOSE DE LA RIVA AGUERO MZ V LOTE 1,Los Olivos,Lima,Lima,150117,-12.009683,-77.070545,exact,web,https://www.tiendas3a.pe/ubicanos,verified,Solo en la lista oficial (coordenadas oficiales),2026-10-01
web-tiendas3a-confraternidad,tiendas3a,Tiendas 3A Confraternidad,URB. PRO 5 JR. CONFRATERNIDAD MZ EE5 LOTE 57,Los Olivos,Lima,Lima,150117,-11.933457,-77.074656,exact,web,https://www.tiendas3a.pe/ubicanos,verified,Solo en la lista oficial (coordenadas oficiales),2026-10-01
web-tiendas3a-cordialidad-d1,tiendas3a,Tiendas 3A Cordialidad D1,AV. CORDIALIDAD MZ D LT 5,Los Olivos,Lima,Lima,150117,-11.936444,-77.081250,exact,web,https://www.tiendas3a.pe/ubicanos,verified,Solo en la lista oficial (coordenadas oficiales),2026-10-01
web-tiendas3a-guayabas,tiendas3a,Tiendas 3A Guayabas,JR GUAYABAS MZ A LTE26 URB EL TREBOL III ETAPA,Los Olivos,Lima,Lima,150117,-12.006615,-77.073034,exact,web,https://www.tiendas3a.pe/ubicanos,verified,Solo en la lista oficial (coordenadas oficiales),2026-10-01
web-tiendas3a-izaguirre-5,tiendas3a,Tiendas 3A Izaguirre 5,"COO. COOPERATIVA MAGDALENA MZ B LOTE 4 AV.IZAGUIRRE, CARLOS ALBERTO 513",Los Olivos,Lima,Lima,150117,-11.990612,-77.066688,exact,web,https://www.tiendas3a.pe/ubicanos,verified,Solo en la lista oficial (coordenadas oficiales),2026-10-01
web-tiendas3a-maranon-39,tiendas3a,Tiendas 3A Marañon 39,AV. DEL RIO MARAÑON MZ O LOTE 1 URB. VILLA UNIVERSITARIA,Los Olivos,Lima,Lima,150117,-11.972029,-77.076156,exact,web,https://www.tiendas3a.pe/ubicanos,verified,Solo en la lista oficial (coordenadas oficiales),2026-10-01
web-tiendas3a-mayolo-15,tiendas3a,Tiendas 3A Mayolo 15,AV SANTIAGO DE ANTUNEZ DE MAYOLO 1529-1533,Los Olivos,Lima,Lima,150117,-11.996062,-77.082431,exact,web,https://www.tiendas3a.pe/ubicanos,verified,Solo en la lista oficial (coordenadas oficiales),2026-10-01
web-tiendas3a-mayolo-8,tiendas3a,Tiendas 3A Mayolo 8,AV. SANTIAGO ANTUNEZ DE MAYOLO 876,Los Olivos,Lima,Lima,150117,-11.992989,-77.071700,exact,web,https://www.tiendas3a.pe/ubicanos,verified,Solo en la lista oficial (coordenadas oficiales),2026-10-01
web-tiendas3a-palmeras-52,tiendas3a,Tiendas 3A Palmeras 52,AV LAS PALMERAS 5258,Los Olivos,Lima,Lima,150117,-11.975284,-77.072259,exact,web,https://www.tiendas3a.pe/ubicanos,verified,Solo en la lista oficial (coordenadas oficiales),2026-10-01
osm-n12720736482,tiendas3a,Tiendas 3A Parihuanca Mz Q,PARIAHUANCA MZ Q LT23 URB. NARANJAL 1 ETAPA,Los Olivos,Lima,Lima,150117,-11.980765,-77.067187,exact,osm,n12720736482,verified,También en la lista oficial,2026-10-01
web-tiendas3a-productores-mz-p,tiendas3a,Tiendas 3A Productores Mz P,"CALLE LOS OLIVOS N° 27, MANZANA P, LT 2, AA.HH. LOS JAZMINES DE NARANJAL",Los Olivos,Lima,Lima,150117,-11.981438,-77.080710,exact,web,https://www.tiendas3a.pe/ubicanos,verified,Solo en la lista oficial (coordenadas oficiales),2026-10-01
web-tiendas3a-rio-santa,tiendas3a,Tiendas 3A Rio Santa,AV. SANTA ELVIRA MZ E LOTE 1 ASC. EL OLIVAR,Los Olivos,Lima,Lima,150117,-11.950139,-77.073361,exact,web,https://www.tiendas3a.pe/ubicanos,verified,Solo en la lista oficial (coordenadas oficiales),2026-10-01
web-tiendas3a-carapongo,tiendas3a,Tiendas 3A Carapongo,URB. SAN ANTONIO DE CARAPONGO AV. NRO 2 MZ H-1 LOTE 3-4,Lurigancho,Lima,Lima,150118,-12.003944,-76.877722,exact,web,https://www.tiendas3a.pe/ubicanos,verified,Solo en la lista oficial (coordenadas oficiales),2026-10-01
web-tiendas3a-jicamarca-1,tiendas3a,Tiendas 3A Jicamarca 1,AV. UNIÓN JICAMARCA 23C5+F3F,Lurigancho,Lima,Lima,150118,-11.978841,-76.942290,exact,web,https://www.tiendas3a.pe/ubicanos,verified,"Solo en la lista oficial (coordenadas oficiales); distrito según la lista oficial: San Antonio",2026-10-01
web-tiendas3a-panamericana-sur,tiendas3a,Tiendas 3A Panamericana Sur,URB. LAS VIRREYNAS CARRETERA ANTIGUA PANAMERICANA SUR MZ E LOTE 1,Lurín,Lima,Lima,150119,-12.277580,-76.869068,exact,web,https://www.tiendas3a.pe/ubicanos,verified,Solo en la lista oficial (coordenadas oficiales),2026-10-01
web-tiendas3a-villa-alejandro,tiendas3a,Tiendas 3A Villa Alejandro,A.H. VILLA ALEJANDRO L ETAPA MZ M LOTE 06,Lurín,Lima,Lima,150119,-12.236861,-76.909972,exact,web,https://www.tiendas3a.pe/ubicanos,verified,Solo en la lista oficial (coordenadas oficiales),2026-10-01
web-tiendas3a-tacna-8,tiendas3a,Tiendas 3A Tacna 8,JR. TACNA 853,Magdalena del Mar,Lima,Lima,150120,-12.090482,-77.071327,exact,web,https://www.tiendas3a.pe/ubicanos,verified,Solo en la lista oficial (coordenadas oficiales),2026-10-01
web-tiendas3a-ejercito-1,tiendas3a,Tiendas 3A Ejercito 1,AV. EJERCITO 182 194,Miraflores,Lima,Lima,150122,-12.118232,-77.043319,exact,web,https://www.tiendas3a.pe/ubicanos,verified,Solo en la lista oficial (coordenadas oficiales),2026-10-01
web-tiendas3a-ejercito-10,tiendas3a,Tiendas 3A Ejercito 10,AV. DEL EJERCITO 1020,Miraflores,Lima,Lima,150122,-12.112113,-77.049273,exact,web,https://www.tiendas3a.pe/ubicanos,verified,Solo en la lista oficial (coordenadas oficiales),2026-10-01
web-tiendas3a-malasquez,tiendas3a,Tiendas 3A Malasquez,C.P. LOS HUERTOS DE MANCHAY AV. VICTOR MALASQUEZ MZ C LOTE 3-B,Pachacámac,Lima,Lima,150123,-12.113279,-76.873319,exact,web,https://www.tiendas3a.pe/ubicanos,verified,Solo en la lista oficial (coordenadas oficiales),2026-10-01
web-tiendas3a-torres-belon,tiendas3a,Tiendas 3A Torres Belon,SEC. BALNEARIO DE PUCUSANA AV. ALFONSO UGARTE MZ 29 LOTE 7-8,Pucusana,Lima,Lima,150124,-12.482675,-76.797514,exact,web,https://www.tiendas3a.pe/ubicanos,verified,Solo en la lista oficial (coordenadas oficiales),2026-10-01
web-tiendas3a-amazonas-7,tiendas3a,Tiendas 3A Amazonas 7,JR. AMAZONAS N° 712,Pueblo Libre,Lima,Lima,150121,-12.084508,-77.069188,exact,web,https://www.tiendas3a.pe/ubicanos,verified,Solo en la lista oficial (coordenadas oficiales),2026-10-01
web-tiendas3a-bolivar-16,tiendas3a,Tiendas 3A Bolivar 16,URB. CUEVA SEGUNDA ZONA AV. BOLIVAR MZ A LOTE 9,Pueblo Libre,Lima,Lima,150121,-12.071868,-77.071912,exact,web,https://www.tiendas3a.pe/ubicanos,verified,Solo en la lista oficial (coordenadas oficiales),2026-10-01
web-tiendas3a-cipriano-14,tiendas3a,Tiendas 3A Cipriano 14,AV. MANUEL CIPRIANO DULANTO 1475,Pueblo Libre,Lima,Lima,150121,-12.077420,-77.070736,exact,web,https://www.tiendas3a.pe/ubicanos,verified,Solo en la lista oficial (coordenadas oficiales),2026-10-01
web-tiendas3a-cornejo-13,tiendas3a,Tiendas 3A Cornejo 13,AV.MARIANO H.CORNEJO 1349,Pueblo Libre,Lima,Lima,150121,-12.067824,-77.064151,exact,web,https://www.tiendas3a.pe/ubicanos,verified,Solo en la lista oficial (coordenadas oficiales),2026-10-01
web-tiendas3a-rio-grande,tiendas3a,Tiendas 3A Rio Grande,AV. RÍO GRANDE 199,Pueblo Libre,Lima,Lima,150121,-12.067811,-77.055614,exact,web,https://www.tiendas3a.pe/ubicanos,verified,Solo en la lista oficial (coordenadas oficiales),2026-10-01
web-tiendas3a-sucre-6,tiendas3a,Tiendas 3A Sucre 6,AV. SUCRE 692,Pueblo Libre,Lima,Lima,150121,-12.078267,-77.065284,exact,web,https://www.tiendas3a.pe/ubicanos,verified,Solo en la lista oficial (coordenadas oficiales),2026-10-01
web-tiendas3a-valer-7,tiendas3a,Tiendas 3A Valer 7,JR. CORONEL JUAN VALER SANDOVAL 757,Pueblo Libre,Lima,Lima,150121,-12.077624,-77.074685,exact,web,https://www.tiendas3a.pe/ubicanos,verified,Solo en la lista oficial (coordenadas oficiales),2026-10-01
web-tiendas3a-buenos-aires-3,tiendas3a,Tiendas 3A Buenos Aires 3,AV. BUENOS AIRES 342,Puente Piedra,Lima,Lima,150125,-11.865709,-77.077774,exact,web,https://www.tiendas3a.pe/ubicanos,verified,Solo en la lista oficial (coordenadas oficiales),2026-10-01
web-tiendas3a-calle-9,tiendas3a,Tiendas 3A Calle 9,A.V. ROSA LUZ I ETAPA MZ R LOTE 18,Puente Piedra,Lima,Lima,150125,-11.880110,-77.072194,exact,web,https://www.tiendas3a.pe/ubicanos,verified,Solo en la lista oficial (coordenadas oficiales),2026-10-01
web-tiendas3a-cercado-de-puente,tiendas3a,Tiendas 3A Cercado de Puente,AV. CERCADO DE PUENTE PIEDRA MZ. 62 LT. 3,Puente Piedra,Lima,Lima,150125,-11.861765,-77.077870,exact,web,https://www.tiendas3a.pe/ubicanos,verified,Solo en la lista oficial (coordenadas oficiales),2026-10-01
web-tiendas3a-las-vinas,tiendas3a,Tiendas 3A Las Viñas,URB. ZONA 02 - PROGRAMA DE VIVIENDA LAS VIÑAS DEL NORTE,Puente Piedra,Lima,Lima,150125,-11.852703,-77.083167,exact,web,https://www.tiendas3a.pe/ubicanos,verified,Solo en la lista oficial (coordenadas oficiales),2026-10-01
web-tiendas3a-porvenir-mz-c,tiendas3a,Tiendas 3A Porvenir Mz C,PASAJE EL PORVENIR MZ C LT 3A ASOC VIV EL PORVENIR,Puente Piedra,Lima,Lima,150125,-11.851056,-77.088250,exact,web,https://www.tiendas3a.pe/ubicanos,verified,Solo en la lista oficial (coordenadas oficiales),2026-10-01
web-tiendas3a-primavera,tiendas3a,Tiendas 3A Primavera,OTR. TERRENO RUSTICO TAMBO RUEDA AV. BUENOS AIRES PARCELA AS,Puente Piedra,Lima,Lima,150125,-11.848825,-77.098057,exact,web,https://www.tiendas3a.pe/ubicanos,verified,Solo en la lista oficial (coordenadas oficiales),2026-10-01
web-tiendas3a-san-juan-11,tiendas3a,Tiendas 3A San Juan 11,AH. ADP Y COMITE DE OBRAS PUBLICAS AV. TARAPACA MZ D,Puente Piedra,Lima,Lima,150125,-11.857884,-77.085978,exact,web,https://www.tiendas3a.pe/ubicanos,verified,Solo en la lista oficial (coordenadas oficiales),2026-10-01
web-tiendas3a-garcia-rada,tiendas3a,Tiendas 3A Garcia Rada,AV. GARCIA RADA MZ M,Punta Hermosa,Lima,Lima,150126,-12.332267,-76.824636,exact,web,https://www.tiendas3a.pe/ubicanos,verified,Solo en la lista oficial (coordenadas oficiales),2026-10-01
web-tiendas3a-amancaes-11,tiendas3a,Tiendas 3A Amancaes 11,URB. LA FLORIDA AV. AMANCAES 116 118,Rímac,Lima,Lima,150128,-12.025961,-77.033556,exact,web,https://www.tiendas3a.pe/ubicanos,verified,Solo en la lista oficial (coordenadas oficiales),2026-10-01
web-tiendas3a-antares-5,tiendas3a,Tiendas 3A Antares 5,CL. ANTARES 501,Rímac,Lima,Lima,150128,-12.027324,-77.037860,exact,web,https://www.tiendas3a.pe/ubicanos,verified,Solo en la lista oficial (coordenadas oficiales),2026-10-01
web-tiendas3a-armando-filomeno-2,tiendas3a,Tiendas 3A Armando Filomeno 2,AV. ARMANDO FILOMENO 200,Rímac,Lima,Lima,150128,-12.024055,-77.028972,exact,web,https://www.tiendas3a.pe/ubicanos,verified,Solo en la lista oficial (coordenadas oficiales),2026-10-01
web-tiendas3a-braulio-2,tiendas3a,Tiendas 3A Braulio 2,AV. BRAULIO SANCHO DAVILA 295 MZ E LOTE 2,Rímac,Lima,Lima,150128,-12.017347,-77.033575,exact,web,https://www.tiendas3a.pe/ubicanos,verified,Solo en la lista oficial (coordenadas oficiales),2026-10-01
web-tiendas3a-aldana-3,tiendas3a,Tiendas 3A Aldana 3,CALLE LUIS ALDANA 391,San Isidro,Lima,Lima,150131,-12.091583,-77.010111,exact,web,https://www.tiendas3a.pe/ubicanos,verified,Solo en la lista oficial (coordenadas oficiales),2026-10-01
web-tiendas3a-arenales-25,tiendas3a,Tiendas 3A Arenales 25,AV ARENALES 2556,San Isidro,Lima,Lima,150131,-12.089591,-77.035034,exact,web,https://www.tiendas3a.pe/ubicanos,verified,"Solo en la lista oficial (coordenadas oficiales); distrito según la lista oficial: Lince",2026-10-01
web-tiendas3a-13-de-enero,tiendas3a,Tiendas 3A 13 de Enero,COO. LA HUAYRONA AV. 13 DE ENERO 2269,San Juan de Lurigancho,Lima,Lima,150132,-11.993066,-77.005435,exact,web,https://www.tiendas3a.pe/ubicanos,verified,Solo en la lista oficial (coordenadas oficiales),2026-10-01
web-tiendas3a-ampliacion,tiendas3a,Tiendas 3A Ampliacion,"OTR. PROGRAMA CIUDAD MARISCAL CACERES COMUNA 21 SECTOR III ETAPA 1ERA, 2DA Y 3ERA MZ K19 LOTE 19A",San Juan de Lurigancho,Lima,Lima,150132,-11.942972,-76.982000,exact,web,https://www.tiendas3a.pe/ubicanos,verified,Solo en la lista oficial (coordenadas oficiales),2026-10-01
web-tiendas3a-bayovar-42,tiendas3a,Tiendas 3A Bayovar 42,OTR. PROG. CIUDAD MARISCAL CACERES MZ 06 LOTE 41,San Juan de Lurigancho,Lima,Lima,150132,-11.960083,-76.988000,exact,web,https://www.tiendas3a.pe/ubicanos,verified,Solo en la lista oficial (coordenadas oficiales),2026-10-01
web-tiendas3a-cajamarquilla-7,tiendas3a,Tiendas 3A Cajamarquilla 7,"JR CAJAMARQUILLA 788 - URB ZÁRATE, SAN JUAN DE LURIGANCHO",San Juan de Lurigancho,Lima,Lima,150132,-12.022762,-77.000707,exact,web,https://www.tiendas3a.pe/ubicanos,verified,Solo en la lista oficial (coordenadas oficiales),2026-10-01
web-tiendas3a-canto-grande-24,tiendas3a,Tiendas 3A Canto Grande 24,OTR UNIDAD INMOBILIARIA ELIZABETH COMUNA 9 MZ C LOTE 22,San Juan de Lurigancho,Lima,Lima,150132,-11.989514,-77.015187,exact,web,https://www.tiendas3a.pe/ubicanos,verified,Solo en la lista oficial (coordenadas oficiales),2026-10-01
web-tiendas3a-canto-grande-26,tiendas3a,Tiendas 3A Canto Grande 26,AV CANTO GRANDE 2657,San Juan de Lurigancho,Lima,Lima,150132,-11.984134,-77.017334,exact,web,https://www.tiendas3a.pe/ubicanos,verified,Solo en la lista oficial (coordenadas oficiales),2026-10-01
web-tiendas3a-canto-grande-36,tiendas3a,Tiendas 3A Canto Grande 36,CANTO GRANDE 3690 MZ A LOTE 20,San Juan de Lurigancho,Lima,Lima,150132,-11.968514,-77.004264,exact,web,https://www.tiendas3a.pe/ubicanos,verified,Solo en la lista oficial (coordenadas oficiales),2026-10-01
web-tiendas3a-cenepa-1,tiendas3a,Tiendas 3A Cenepa 1,AV. LOS HEROES DE CENEPA 158,San Juan de Lurigancho,Lima,Lima,150132,-11.959740,-76.985905,exact,web,https://www.tiendas3a.pe/ubicanos,verified,Solo en la lista oficial (coordenadas oficiales),2026-10-01
web-tiendas3a-central-39,tiendas3a,Tiendas 3A Central 39,"COOPERATIVA DE VIVIENDA LA UNIÓN, MZ I, LT. 17,",San Juan de Lurigancho,Lima,Lima,150132,-11.966678,-76.988363,exact,web,https://www.tiendas3a.pe/ubicanos,verified,Solo en la lista oficial (coordenadas oficiales),2026-10-01
web-tiendas3a-chimu-11,tiendas3a,Tiendas 3A Chimú 11,AV. GRAN CHIMU 1150,San Juan de Lurigancho,Lima,Lima,150132,-12.024463,-76.992501,exact,web,https://www.tiendas3a.pe/ubicanos,verified,Solo en la lista oficial (coordenadas oficiales),2026-10-01
web-tiendas3a-chimu-14,tiendas3a,Tiendas 3A Chimu 14,URB. LADO DERECHO URBANIZACION ZARATE AV. GRAN CHIMU MZ C-6-,San Juan de Lurigancho,Lima,Lima,150132,-12.024221,-76.988531,exact,web,https://www.tiendas3a.pe/ubicanos,verified,Solo en la lista oficial (coordenadas oficiales),2026-10-01
web-tiendas3a-chimu-2,tiendas3a,Tiendas 3A Chimú 2,AV. GRAN CHIMU 220,San Juan de Lurigancho,Lima,Lima,150132,-12.028587,-77.010542,exact,web,https://www.tiendas3a.pe/ubicanos,verified,Solo en la lista oficial (coordenadas oficiales),2026-10-01
web-tiendas3a-ebanistas,tiendas3a,Tiendas 3A Ebanistas,SEC. I CAL. SANTA FE MZ P4 LOTE 05,San Juan de Lurigancho,Lima,Lima,150132,-11.966497,-76.983521,exact,web,https://www.tiendas3a.pe/ubicanos,verified,Solo en la lista oficial (coordenadas oficiales),2026-10-01
web-tiendas3a-flores-4,tiendas3a,Tiendas 3A Flores 4,AV. LAS FLORES 433,San Juan de Lurigancho,Lima,Lima,150132,-12.022447,-77.012859,exact,web,https://www.tiendas3a.pe/ubicanos,verified,Solo en la lista oficial (coordenadas oficiales),2026-10-01
web-tiendas3a-galaxias,tiendas3a,Tiendas 3A Galaxias,APV. SANTA ELIZABETH AV. JORGE BASADRE OESTE MZ N LOTE 13,San Juan de Lurigancho,Lima,Lima,150132,-11.989092,-77.011027,exact,web,https://www.tiendas3a.pe/ubicanos,verified,Solo en la lista oficial (coordenadas oficiales),2026-10-01
web-tiendas3a-hatun-11,tiendas3a,Tiendas 3A Hatun 11,URB. MANGOMARCA COMUNA 4 JR. HATUN COLLA S/N MZ J LOTE 41,San Juan de Lurigancho,Lima,Lima,150132,-12.017376,-76.984023,exact,web,https://www.tiendas3a.pe/ubicanos,verified,Solo en la lista oficial (coordenadas oficiales),2026-10-01
web-tiendas3a-independencia-27,tiendas3a,Tiendas 3A Independencia 27,AV. PROCERES NRO 2771 MZ K1 LOTE 36B URBANIZACIÓN SAN CARLOS,San Juan de Lurigancho,Lima,Lima,150132,-11.985254,-77.007206,exact,web,https://www.tiendas3a.pe/ubicanos,verified,Solo en la lista oficial (coordenadas oficiales),2026-10-01
web-tiendas3a-ingenieros-36,tiendas3a,Tiendas 3A Ingenieros 36,CALLE LOS INGENIEROS CDRA 36,San Juan de Lurigancho,Lima,Lima,150132,-11.969540,-76.993137,exact,web,https://www.tiendas3a.pe/ubicanos,verified,Solo en la lista oficial (coordenadas oficiales),2026-10-01
web-tiendas3a-jardines-3,tiendas3a,Tiendas 3A Jardines 3,AV. LOS JARDINES 375,San Juan de Lurigancho,Lima,Lima,150132,-12.003986,-77.002976,exact,web,https://www.tiendas3a.pe/ubicanos,verified,Solo en la lista oficial (coordenadas oficiales),2026-10-01
web-tiendas3a-jardines-este-7,tiendas3a,Tiendas 3A Jardines Este 7,URB. INCA MANCO CÁPAC AV. LOS JARDINES ESTE MZ K-5 LOTE 40.,San Juan de Lurigancho,Lima,Lima,150132,-12.002154,-76.998666,exact,web,https://www.tiendas3a.pe/ubicanos,verified,Solo en la lista oficial (coordenadas oficiales),2026-10-01
web-tiendas3a-los-postes-oeste,tiendas3a,Tiendas 3A Los Postes Oeste,APV. SAN HILARION AV. LOS POSTES OESTE MZ E-2 LOTE 02,San Juan de Lurigancho,Lima,Lima,150132,-11.997764,-77.011107,exact,web,https://www.tiendas3a.pe/ubicanos,verified,Solo en la lista oficial (coordenadas oficiales),2026-10-01
web-tiendas3a-proceres-23,tiendas3a,Tiendas 3A Proceres 23,URB. POPULAR COOP VIVIENDA EL MANTARO OTR. S/N MZ A LOTE 1,San Juan de Lurigancho,Lima,Lima,150132,-11.993307,-77.010556,exact,web,https://www.tiendas3a.pe/ubicanos,verified,Solo en la lista oficial (coordenadas oficiales),2026-10-01
web-tiendas3a-proceres-34,tiendas3a,Tiendas 3A Proceres 34,APV. GARAGAY AV. PROCERES DE LA INDEPENDENCIA 3412,San Juan de Lurigancho,Lima,Lima,150132,-11.974785,-76.999775,exact,web,https://www.tiendas3a.pe/ubicanos,verified,Solo en la lista oficial (coordenadas oficiales),2026-10-01
web-tiendas3a-santa-rosa-20,tiendas3a,Tiendas 3A Santa Rosa 20,AV. SANTA ROSA 2050,San Juan de Lurigancho,Lima,Lima,150132,-11.997393,-77.000284,exact,web,https://www.tiendas3a.pe/ubicanos,verified,Solo en la lista oficial (coordenadas oficiales),2026-10-01
web-tiendas3a-tusilagos-2,tiendas3a,Tiendas 3A Tusilagos 2,AV. LOS TUSILAGOS OESTE 289,San Juan de Lurigancho,Lima,Lima,150132,-12.013077,-77.006144,exact,web,https://www.tiendas3a.pe/ubicanos,verified,Solo en la lista oficial (coordenadas oficiales),2026-10-01
web-tiendas3a-valle-sagrado-mz-k,tiendas3a,Tiendas 3A Valle Sagrado Mz K,"COO. CANTO GRANDE COMUNA 14, UNIDAD 2A AV. SAN MARTIN DE PORRES MZ LOTE 17",San Juan de Lurigancho,Lima,Lima,150132,-11.967082,-77.006141,exact,web,https://www.tiendas3a.pe/ubicanos,verified,Solo en la lista oficial (coordenadas oficiales),2026-10-01
web-tiendas3a-vara-de-oro-2,tiendas3a,Tiendas 3A Vara de Oro 2,URB. ZARATE JR. VARA DE ORO 242,San Juan de Lurigancho,Lima,Lima,150132,-12.025528,-76.998221,exact,web,https://www.tiendas3a.pe/ubicanos,verified,Solo en la lista oficial (coordenadas oficiales),2026-10-01
web-tiendas3a-bernal,tiendas3a,Tiendas 3A Bernal,"AV. JOAQUIN BERNAL 474, MZ B2 LOTE 27",San Juan de Miraflores,Lima,Lima,150133,-12.156636,-76.973410,exact,web,https://www.tiendas3a.pe/ubicanos,verified,Solo en la lista oficial (coordenadas oficiales),2026-10-01
web-tiendas3a-buenaventura,tiendas3a,Tiendas 3A Buenaventura,URB. CIUDAD DE DIOS ZONA K JR. BUENAVENTURA REY NRO 520 MZ 8 LOTE 2,San Juan de Miraflores,Lima,Lima,150133,-12.153783,-76.970621,exact,web,https://www.tiendas3a.pe/ubicanos,verified,Solo en la lista oficial (coordenadas oficiales),2026-10-01
web-tiendas3a-cesar-3-sjm,tiendas3a,Tiendas 3A Cesar 3 Sjm,AV CESAR CANEVARO 371 ZONA URBANA SAN JUAN.,San Juan de Miraflores,Lima,Lima,150133,-12.165817,-76.969392,exact,web,https://www.tiendas3a.pe/ubicanos,verified,Solo en la lista oficial (coordenadas oficiales),2026-10-01
web-tiendas3a-heroes-2,tiendas3a,Tiendas 3A Heroes 2,AV LOS HEROES 273,San Juan de Miraflores,Lima,Lima,150133,-12.151294,-76.977461,exact,web,https://www.tiendas3a.pe/ubicanos,verified,Solo en la lista oficial (coordenadas oficiales),2026-10-01
web-tiendas3a-miguel-7,tiendas3a,Tiendas 3A Miguel 7,AV MIGUEL IGLESIAS 790,San Juan de Miraflores,Lima,Lima,150133,-12.163139,-76.959944,exact,web,https://www.tiendas3a.pe/ubicanos,verified,Solo en la lista oficial (coordenadas oficiales),2026-10-01
web-tiendas3a-miguel-iglesias,tiendas3a,Tiendas 3A Miguel Iglesias,"AV. MIGUEL IGLESIAS MZ B LT 15 INT A, REPU. DEMO. ALEMANA PAMPAS DE SAN JUAN, SAN JUAN DE MIRAFLORES",San Juan de Miraflores,Lima,Lima,150133,-12.177811,-76.962382,exact,web,https://www.tiendas3a.pe/ubicanos,verified,Solo en la lista oficial (coordenadas oficiales),2026-10-01
web-tiendas3a-navedad-11,tiendas3a,Tiendas 3A Navedad 11,URB. SAN JUAN JR. JUSTO NAVEDA NRO 1190 MZ XIII LOTE 34,San Juan de Miraflores,Lima,Lima,150133,-12.154951,-76.971407,exact,web,https://www.tiendas3a.pe/ubicanos,verified,Solo en la lista oficial (coordenadas oficiales),2026-10-01
web-tiendas3a-neyra-5,tiendas3a,Tiendas 3A Neyra 5,"JR. JUAN NEYRA 580, MZ H1 LOTE 22",San Juan de Miraflores,Lima,Lima,150133,-12.144446,-76.973200,exact,web,https://www.tiendas3a.pe/ubicanos,verified,Solo en la lista oficial (coordenadas oficiales),2026-10-01
web-tiendas3a-torrico-11,tiendas3a,Tiendas 3A Torrico 11,JR. JOAQUIN TORRICO 1164,San Juan de Miraflores,Lima,Lima,150133,-12.153614,-76.974782,exact,web,https://www.tiendas3a.pe/ubicanos,verified,Solo en la lista oficial (coordenadas oficiales),2026-10-01
web-tiendas3a-umamarca,tiendas3a,Tiendas 3A Umamarca,COO. VIVIENDA UMAMARCA MZ C LOTE 15,San Juan de Miraflores,Lima,Lima,150133,-12.180560,-76.977868,exact,web,https://www.tiendas3a.pe/ubicanos,verified,Solo en la lista oficial (coordenadas oficiales),2026-10-01
web-tiendas3a-universo-5,tiendas3a,Tiendas 3A Universo 5,ASOC. VIVIENDA EL UNIVERSO MZ. D LT.5 PAMPAS DE SAN JUAN,San Juan de Miraflores,Lima,Lima,150133,-12.188638,-76.957869,exact,web,https://www.tiendas3a.pe/ubicanos,verified,Solo en la lista oficial (coordenadas oficiales),2026-10-01
web-tiendas3a-canada-40,tiendas3a,Tiendas 3A Canada 40,AV. CANADA 4068,San Luis,Lima,Lima,150134,-12.078251,-76.989361,exact,web,https://www.tiendas3a.pe/ubicanos,verified,Solo en la lista oficial (coordenadas oficiales),2026-10-01
web-tiendas3a-rosa-toro-4,tiendas3a,Tiendas 3A Rosa Toro 4,AV. AGUSTÍN DE LA ROSA TORO 493,San Luis,Lima,Lima,150134,-12.075221,-76.998360,exact,web,https://www.tiendas3a.pe/ubicanos,verified,Solo en la lista oficial (coordenadas oficiales),2026-10-01
web-tiendas3a-12-de-octubre,tiendas3a,Tiendas 3A 12 de Octubre,ASC. VIV. MIGUEL GRAU CAL. 6 MZ M LOTE 1,San Martín de Porres,Lima,Lima,150135,-11.998841,-77.092732,exact,web,https://www.tiendas3a.pe/ubicanos,verified,Solo en la lista oficial (coordenadas oficiales),2026-10-01
web-tiendas3a-alcides-6,tiendas3a,Tiendas 3A Alcides 6,AV DANIEL ALCIDES CARRION 616,San Martín de Porres,Lima,Lima,150135,-11.993934,-77.090226,exact,web,https://www.tiendas3a.pe/ubicanos,verified,Solo en la lista oficial (coordenadas oficiales),2026-10-01
web-tiendas3a-dominicos-29,tiendas3a,Tiendas 3A Dominicos 29,AV DOMINICOS 2907,San Martín de Porres,Lima,Lima,150135,-11.994596,-77.105146,exact,web,https://www.tiendas3a.pe/ubicanos,verified,Solo en la lista oficial (coordenadas oficiales),2026-10-01
web-tiendas3a-el-dorado,tiendas3a,Tiendas 3A El Dorado,A.V. SAN VALENTIN DE SANTA ROSA - 1RA ETAPA MZ B LOTE 02,San Martín de Porres,Lima,Lima,150135,-11.986881,-77.112303,exact,web,https://www.tiendas3a.pe/ubicanos,verified,Solo en la lista oficial (coordenadas oficiales),2026-10-01
web-tiendas3a-german-4,tiendas3a,Tiendas 3A German 4,"URB. SAN AMADEO, SECTOR 34 AV. GERMAN AGUIRRE UGARTE S/N MZ L LOTE 21",San Martín de Porres,Lima,Lima,150135,-12.012656,-77.070251,exact,web,https://www.tiendas3a.pe/ubicanos,verified,Solo en la lista oficial (coordenadas oficiales),2026-10-01
web-tiendas3a-german-9,tiendas3a,Tiendas 3A German 9,"AV GERMAN AGUIRRE 946. 944, 938A",San Martín de Porres,Lima,Lima,150135,-12.018000,-77.074194,exact,web,https://www.tiendas3a.pe/ubicanos,verified,Solo en la lista oficial (coordenadas oficiales),2026-10-01
web-tiendas3a-habich-1,tiendas3a,Tiendas 3A Habich 1,"URB. INGENIERIA 1ERA-2DA 1820-1830, SECTOR 44 AV. EDUARDO DE HABICH 189 MZ A-3 LOTE 04",San Martín de Porres,Lima,Lima,150135,-12.024655,-77.051681,exact,web,https://www.tiendas3a.pe/ubicanos,verified,Solo en la lista oficial (coordenadas oficiales),2026-10-01
web-tiendas3a-habich-348,tiendas3a,Tiendas 3A Habich 348,AV. EDUARDO DE HABICH 348 URBANIZACIÓN INGENIERIA,San Martín de Porres,Lima,Lima,150135,-12.025843,-77.054212,exact,web,https://www.tiendas3a.pe/ubicanos,verified,Solo en la lista oficial (coordenadas oficiales),2026-10-01
web-tiendas3a-honorio-2,tiendas3a,Tiendas 3A Honorio 2,URB. INGENIERIA IV ETAPA AV. HONORIO DELGADO 215,San Martín de Porres,Lima,Lima,150135,-12.021306,-77.053778,exact,web,https://www.tiendas3a.pe/ubicanos,verified,Solo en la lista oficial (coordenadas oficiales),2026-10-01
web-tiendas3a-honorio-5,tiendas3a,Tiendas 3A Honorio 5,URB. INGENIERIA IV ETAPA AV. HONORIO DELGADO NRO 582 MZ E LOTE 23,San Martín de Porres,Lima,Lima,150135,-12.025879,-77.058092,exact,web,https://www.tiendas3a.pe/ubicanos,verified,Solo en la lista oficial (coordenadas oficiales),2026-10-01
web-tiendas3a-juvenal-4,tiendas3a,Tiendas 3A Juvenal 4,URB. SAN AMADEO DE GARAGAY AV. JUVENAL VILLAVERDE MZ K LOTE 16,San Martín de Porres,Lima,Lima,150135,-12.012469,-77.074749,exact,web,https://www.tiendas3a.pe/ubicanos,verified,Solo en la lista oficial (coordenadas oficiales),2026-10-01
web-tiendas3a-las-casas,tiendas3a,Tiendas 3A las Casas,URB. LOS JARDINES AV. FRAYBARTOLOME DELAS CASAS MZ W LOTE 2,San Martín de Porres,Lima,Lima,150135,-12.012490,-77.055809,exact,web,https://www.tiendas3a.pe/ubicanos,verified,Solo en la lista oficial (coordenadas oficiales),2026-10-01
web-tiendas3a-lima-36,tiendas3a,Tiendas 3A Lima 36,AV LIMA 3632 SAN MARTIN DE PORRES,San Martín de Porres,Lima,Lima,150135,-12.028522,-77.085724,exact,web,https://www.tiendas3a.pe/ubicanos,verified,Solo en la lista oficial (coordenadas oficiales),2026-10-01
web-tiendas3a-luna-pizarro,tiendas3a,Tiendas 3A Luna Pizarro,URB. INGENIERÍA – QUINTA ETAPA AV. JAVIER LUNA PIZARRO MZ W LOTE 2,San Martín de Porres,Lima,Lima,150135,-12.024283,-77.060006,exact,web,https://www.tiendas3a.pe/ubicanos,verified,Solo en la lista oficial (coordenadas oficiales),2026-10-01
web-tiendas3a-olivos-2,tiendas3a,Tiendas 3A Olivos 2,COO. HUAYTALLANA AV. LOS OLIVOS MZ O LOTE 24,San Martín de Porres,Lima,Lima,150135,-11.988361,-77.082472,exact,web,https://www.tiendas3a.pe/ubicanos,verified,Solo en la lista oficial (coordenadas oficiales),2026-10-01
web-tiendas3a-pacasmayo-mz-f-smp,tiendas3a,Tiendas 3A Pacasmayo Mz F Smp,"AV. PACASMAYO MZ F, LT 7, URB. NUEVO HORIZONTE II",San Martín de Porres,Lima,Lima,150135,-11.973639,-77.103306,exact,web,https://www.tiendas3a.pe/ubicanos,verified,Solo en la lista oficial (coordenadas oficiales),2026-10-01
web-tiendas3a-peru-37,tiendas3a,Tiendas 3A Peru 37,AV PERU 3754,San Martín de Porres,Lima,Lima,150135,-12.030290,-77.089149,exact,web,https://www.tiendas3a.pe/ubicanos,verified,Solo en la lista oficial (coordenadas oficiales),2026-10-01
web-tiendas3a-pisac-mz-b,tiendas3a,Tiendas 3A Pisac Mz B,AV. SAN REMO LL MZ B LOTE 20,San Martín de Porres,Lima,Lima,150135,-11.996058,-77.115129,exact,web,https://www.tiendas3a.pe/ubicanos,verified,Solo en la lista oficial (coordenadas oficiales),2026-10-01
web-tiendas3a-ricardo-2,tiendas3a,Tiendas 3A Ricardo 2,"AV. RICARDO LEÓN VELARDE, MZ. M LT. 3, ASOC. PROVIV LOS LIBERTADORES",San Martín de Porres,Lima,Lima,150135,-12.005743,-77.086004,exact,web,https://www.tiendas3a.pe/ubicanos,verified,Solo en la lista oficial (coordenadas oficiales),2026-10-01
web-tiendas3a-rio-bamba-4,tiendas3a,Tiendas 3A Rio Bamba 4,A.H. URBANIZACION PERU JR. RIOBAMBA NRO 482-486 488,San Martín de Porres,Lima,Lima,150135,-12.032717,-77.058236,exact,web,https://www.tiendas3a.pe/ubicanos,verified,Solo en la lista oficial (coordenadas oficiales),2026-10-01
web-tiendas3a-san-jose,tiendas3a,Tiendas 3A San Jose,URB. LA FLORESTA II AV. SAN JOSE SN 32 MZ A LOTE 10,San Martín de Porres,Lima,Lima,150135,-11.977602,-77.099829,exact,web,https://www.tiendas3a.pe/ubicanos,verified,Solo en la lista oficial (coordenadas oficiales),2026-10-01
web-tiendas3a-santa-maria-mz-n-smp,tiendas3a,Tiendas 3A Santa Maria Mz N Smp,"JR. SANTA MARIA MZ N1. LOTE 11, URBANIZACION SAN DIEGO - VIPOL",San Martín de Porres,Lima,Lima,150135,-11.946098,-77.088327,exact,web,https://www.tiendas3a.pe/ubicanos,verified,Solo en la lista oficial (coordenadas oficiales),2026-10-01
web-tiendas3a-santa-rosa-3,tiendas3a,Tiendas 3A Santa Rosa 3,LOS CHASQUIS 2DA ETAPA MZ. B LT. 29,San Martín de Porres,Lima,Lima,150135,-11.991998,-77.097885,exact,web,https://www.tiendas3a.pe/ubicanos,verified,Solo en la lista oficial (coordenadas oficiales),2026-10-01
web-tiendas3a-santa-rosa-mz-d,tiendas3a,Tiendas 3A Santa Rosa Mz D,"APV. LOS ANDES, SECTOR 20, PARCELA 10242 DEL FUNDO DE SANTA ROSA AV. SANTA ROSA MZ D LOTE 23",San Martín de Porres,Lima,Lima,150135,-11.989486,-77.096638,exact,web,https://www.tiendas3a.pe/ubicanos,verified,Solo en la lista oficial (coordenadas oficiales),2026-10-01
web-tiendas3a-sol-b1,tiendas3a,Tiendas 3A Sol B1,"AV. SOL DE NARANJAL MZ B, LT 1, ASOC DE VIV EL MIRADOR",San Martín de Porres,Lima,Lima,150135,-11.973738,-77.089279,exact,web,https://www.tiendas3a.pe/ubicanos,verified,Solo en la lista oficial (coordenadas oficiales),2026-10-01
web-tiendas3a-sol-de-naranjal,tiendas3a,Tiendas 3A Sol de Naranjal,"AV. SOL DE NARANJAL 2DA ETAPA, MZ A, LT.43 - PROG. VIV MAYORAZGO DE NARANJAL - 2DA ETAPA.",San Martín de Porres,Lima,Lima,150135,-11.971725,-77.094451,exact,web,https://www.tiendas3a.pe/ubicanos,verified,Solo en la lista oficial (coordenadas oficiales),2026-10-01
web-tiendas3a-tantamayo-1,tiendas3a,Tiendas 3A Tantamayo 1,AV. TANTAMAYO MZ. I LOTE 10,San Martín de Porres,Lima,Lima,150135,-11.960170,-77.096094,exact,web,https://www.tiendas3a.pe/ubicanos,verified,Solo en la lista oficial (coordenadas oficiales),2026-10-01
web-tiendas3a-tantamayo-10,tiendas3a,Tiendas 3A Tantamayo 10,URB. VIPOL DE NARANJAL MZ S LOTE 30,San Martín de Porres,Lima,Lima,150135,-11.965198,-77.091547,exact,web,https://www.tiendas3a.pe/ubicanos,verified,Solo en la lista oficial (coordenadas oficiales),2026-10-01
web-tiendas3a-tupac-8,tiendas3a,Tiendas 3A Tupac 8,AV. TUPAC AMARU 863,San Martín de Porres,Lima,Lima,150135,-12.014986,-77.052231,exact,web,https://www.tiendas3a.pe/ubicanos,verified,"Solo en la lista oficial (coordenadas oficiales); distrito según la lista oficial: Comas",2026-10-01
web-tiendas3a-universitaria-26,tiendas3a,Tiendas 3A Universitaria 26,URB. VILLA UNIVERSITARIA AV. UNIVERSITARIA NORTE MZ A LOTE 04,San Martín de Porres,Lima,Lima,150135,-11.995129,-77.084478,exact,web,https://www.tiendas3a.pe/ubicanos,verified,Solo en la lista oficial (coordenadas oficiales),2026-10-01
web-tiendas3a-ayacucho-2-san-miguel,tiendas3a,Tiendas 3A Ayacucho 2 San Miguel,PROLONGACIÓN AYACUCHO 271,San Miguel,Lima,Lima,150136,-12.085318,-77.075464,exact,web,https://www.tiendas3a.pe/ubicanos,verified,Solo en la lista oficial (coordenadas oficiales),2026-10-01
web-tiendas3a-bertolotto-7,tiendas3a,Tiendas 3A Bertolotto 7,URB. SAN MIGUEL ANTIGUO AV. JUAN BERTOLOTTO 720,San Miguel,Lima,Lima,150136,-12.092562,-77.081076,approx,web,https://www.tiendas3a.pe/ubicanos,to_verify,"Geocodificada a partir de la dirección oficial (Nominatim, a nivel de calle: Avenida Juan Bertolotto Negro, San Miguel, Lima)",2026-10-01
web-tiendas3a-cuzco-8,tiendas3a,Tiendas 3A Cuzco 8,JR. CUZCO 845,San Miguel,Lima,Lima,150136,-12.087883,-77.074257,exact,web,https://www.tiendas3a.pe/ubicanos,verified,"Solo en la lista oficial (coordenadas oficiales); distrito según la lista oficial: Magdalena del Mar",2026-10-01
web-tiendas3a-escardo-4,tiendas3a,Tiendas 3A Escardo 4,AV. RAFAEL ESCARDO 433,San Miguel,Lima,Lima,150136,-12.078406,-77.093992,exact,web,https://www.tiendas3a.pe/ubicanos,verified,Solo en la lista oficial (coordenadas oficiales),2026-10-01
web-tiendas3a-faucett-2,tiendas3a,Tiendas 3A Faucett 2,AV. ELMER FAUCETT 298,San Miguel,Lima,Lima,150136,-12.069748,-77.097837,exact,web,https://www.tiendas3a.pe/ubicanos,verified,Solo en la lista oficial (coordenadas oficiales),2026-10-01
web-tiendas3a-insurgente-3,tiendas3a,Tiendas 3A Insurgente 3,COO. SANTA ELISA AV. LOS INSURGENTES 380 MZ 0HP LOTE 13,San Miguel,Lima,Lima,150136,-12.073828,-77.105723,exact,web,https://www.tiendas3a.pe/ubicanos,verified,Solo en la lista oficial (coordenadas oficiales),2026-10-01
web-tiendas3a-intisuyo-2,tiendas3a,Tiendas 3A Intisuyo 2,URB. MARANGA 7MA ETAPA SAN MIGUEL CAL. INTISUYO NRO 234 MZ H,San Miguel,Lima,Lima,150136,-12.074298,-77.090687,exact,web,https://www.tiendas3a.pe/ubicanos,verified,Solo en la lista oficial (coordenadas oficiales),2026-10-01
web-tiendas3a-libertad-16,tiendas3a,Tiendas 3A Libertad 16,AV. LIBERTAD 1604,San Miguel,Lima,Lima,150136,-12.082567,-77.096588,exact,web,https://www.tiendas3a.pe/ubicanos,verified,Solo en la lista oficial (coordenadas oficiales),2026-10-01
web-tiendas3a-libertad-27,tiendas3a,Tiendas 3A Libertad 27,AV. LIBERTAD 2701,San Miguel,Lima,Lima,150136,-12.078025,-77.106372,exact,web,https://www.tiendas3a.pe/ubicanos,verified,Solo en la lista oficial (coordenadas oficiales),2026-10-01
web-tiendas3a-precursores-6,tiendas3a,Tiendas 3A Precursores 6,URB. MARANGA PRIMERA FASE - 5TA ETAPA AV. DE LOS PRECURSORES 676,San Miguel,Lima,Lima,150136,-12.069225,-77.095994,exact,web,https://www.tiendas3a.pe/ubicanos,verified,Solo en la lista oficial (coordenadas oficiales),2026-10-01
web-tiendas3a-rivaguero-2,tiendas3a,Tiendas 3A Rivaguero 2,URB. PANDO 7MA ETAPA DIG. QUISPE 296 AV. JOSE DE LA RIVAGÜERO 200,San Miguel,Lima,Lima,150136,-12.084777,-77.085878,exact,web,https://www.tiendas3a.pe/ubicanos,verified,Solo en la lista oficial (coordenadas oficiales),2026-10-01
web-tiendas3a-universitaria-21,tiendas3a,Tiendas 3A Universitaria 21,URB. RIGEL AV. UNIVERSITARIA 2113,San Miguel,Lima,Lima,150136,-12.061950,-77.079240,exact,web,https://www.tiendas3a.pe/ubicanos,verified,Solo en la lista oficial (coordenadas oficiales),2026-10-01
web-tiendas3a-bolognesi-9,tiendas3a,Tiendas 3A Bolognesi 9,"AV. BOLOGNESI 970 MZ S2 LT33, URB LOS FICUS",Santa Anita,Lima,Lima,150137,-12.030149,-76.950893,exact,web,https://www.tiendas3a.pe/ubicanos,to_verify,"Solo en la lista oficial (coordenadas oficiales); posible registro duplicado en la lista oficial",2026-10-01
web-tiendas3a-imperial-4,tiendas3a,Tiendas 3A Imperial 4,AV. IMPERIAL 478,Santa Anita,Lima,Lima,150137,-12.036858,-76.965753,exact,web,https://www.tiendas3a.pe/ubicanos,verified,Solo en la lista oficial (coordenadas oficiales),2026-10-01
web-tiendas3a-la-cultura,tiendas3a,Tiendas 3A La Cultura,AV. LA CULTURA MZ O LOTE 3 COOPERATIVA VIÑA SAN FRANCISCO,Santa Anita,Lima,Lima,150137,-12.029938,-76.950838,exact,web,https://www.tiendas3a.pe/ubicanos,to_verify,"Solo en la lista oficial (coordenadas oficiales); posible registro duplicado en la lista oficial",2026-10-01
web-tiendas3a-ruisenores-santa-anita,tiendas3a,Tiendas 3A Ruiseñores Santa Anita,AV. LOS RUISEÑORES 364,Santa Anita,Lima,Lima,150137,-12.052454,-76.965319,exact,web,https://www.tiendas3a.pe/ubicanos,verified,Solo en la lista oficial (coordenadas oficiales),2026-10-01
web-tiendas3a-ancash-1,tiendas3a,Tiendas 3A Ancash 1,ASOCIACION ADV SANTA ROSA DE LIMA MZ F LTE 07,Santa Rosa,Lima,Lima,150139,-11.785578,-77.156664,exact,web,https://www.tiendas3a.pe/ubicanos,verified,Solo en la lista oficial (coordenadas oficiales),2026-10-01
osm-n12094322863,tiendas3a,Tiendas 3A Almeria 5,URB. RESIDENCIAL HIGUERETA CAL. ALMERIA 558,Santiago de Surco,Lima,Lima,150140,-12.126918,-77.001860,exact,osm,n12094322863,verified,También en la lista oficial,2026-10-01
web-tiendas3a-benavides-44,tiendas3a,Tiendas 3A Benavides 44,URB. VISTA ALEGRE AV. ALFREDO BENAVIDES 4430 4434,Santiago de Surco,Lima,Lima,150140,-12.128212,-76.990819,exact,web,https://www.tiendas3a.pe/ubicanos,verified,Solo en la lista oficial (coordenadas oficiales),2026-10-01
web-tiendas3a-caminos-26,tiendas3a,Tiendas 3A Caminos 26,URB. MONTERRICO AV. CAMINOS DEL INCA MZ T-1 LOTE 5,Santiago de Surco,Lima,Lima,150140,-12.138258,-76.984494,exact,web,https://www.tiendas3a.pe/ubicanos,verified,Solo en la lista oficial (coordenadas oficiales),2026-10-01
web-tiendas3a-caminos-32,tiendas3a,Tiendas 3A Caminos 32,URB. PROLONGACIÓN BENAVIDES AV. CAMINOS DEL INCA MZ 04 LOTE 14,Santiago de Surco,Lima,Lima,150140,-12.143751,-76.985127,exact,web,https://www.tiendas3a.pe/ubicanos,verified,Solo en la lista oficial (coordenadas oficiales),2026-10-01
web-tiendas3a-cineraria,tiendas3a,Tiendas 3A Cineraria,URB. VILLA LIBERTAD DE MONTERRICO JR. CINERARIA MZ E LOTE 14,Santiago de Surco,Lima,Lima,150140,-12.096232,-76.963710,exact,web,https://www.tiendas3a.pe/ubicanos,verified,Solo en la lista oficial (coordenadas oficiales),2026-10-01
web-tiendas3a-corbeta,tiendas3a,Tiendas 3A Corbeta,JIRÓN CORBETA LA UNIÓN URBANIZACIÓN CERCADO SECTOR 01,Santiago de Surco,Lima,Lima,150140,-12.145611,-77.007848,exact,web,https://www.tiendas3a.pe/ubicanos,verified,Solo en la lista oficial (coordenadas oficiales),2026-10-01
web-tiendas3a-dona-virginia,tiendas3a,Tiendas 3A Doña Virginia,CALLE DOÑA VIRGINIA 137 MZ.W LT.25 SECTOR 2 URB. LOS ROSALES,Santiago de Surco,Lima,Lima,150140,-12.140528,-76.999178,exact,web,https://www.tiendas3a.pe/ubicanos,verified,Solo en la lista oficial (coordenadas oficiales),2026-10-01
web-tiendas3a-gaviotas-20,tiendas3a,Tiendas 3A Gaviotas 20,URB. VILLA EL CONTADO JR. LAS GAVIOTAS 2001,Santiago de Surco,Lima,Lima,150140,-12.160176,-76.994338,exact,web,https://www.tiendas3a.pe/ubicanos,verified,Solo en la lista oficial (coordenadas oficiales),2026-10-01
web-tiendas3a-jorge-chavez-14,tiendas3a,Tiendas 3A Jorge Chavez 14,RB. EL PALMAR AV. JORGE CHAVEZ N 1476 MZ H LOTE 25,Santiago de Surco,Lima,Lima,150140,-12.151188,-77.005775,exact,web,https://www.tiendas3a.pe/ubicanos,verified,Solo en la lista oficial (coordenadas oficiales),2026-10-01
web-tiendas3a-lorenzo-iglesias,tiendas3a,Tiendas 3A Lorenzo Iglesias,URB. VILLA ALEGRE JR. LORENZO IGLESIAS PINO MZ D LOTE 21,Santiago de Surco,Lima,Lima,150140,-12.162707,-76.991683,exact,web,https://www.tiendas3a.pe/ubicanos,verified,Solo en la lista oficial (coordenadas oficiales),2026-10-01
web-tiendas3a-nazarenas-2,tiendas3a,Tiendas 3A Nazarenas 2,URB. PROLONGACION BENAVIDES AV. LAS NAZARENAS MZ B1 LOTE 32,Santiago de Surco,Lima,Lima,150140,-12.131365,-76.987381,exact,web,https://www.tiendas3a.pe/ubicanos,verified,Solo en la lista oficial (coordenadas oficiales),2026-10-01
web-tiendas3a-angamos-10,tiendas3a,Tiendas 3A Angamos 10,AV. ANGAMOS ESTE 1083,Surquillo,Lima,Lima,150141,-12.112907,-77.020393,exact,web,https://www.tiendas3a.pe/ubicanos,verified,Solo en la lista oficial (coordenadas oficiales),2026-10-01
web-tiendas3a-arriba-peru,tiendas3a,Tiendas 3A Arriba Peru,"SECTOR 06 GRUPO 2, MZ B LT 20",Villa El Salvador,Lima,Lima,150142,-12.211250,-76.951056,exact,web,https://www.tiendas3a.pe/ubicanos,verified,Solo en la lista oficial (coordenadas oficiales),2026-10-01
web-tiendas3a-calle-4,tiendas3a,Tiendas 3A Calle 4,"PUEBLO JOVEN VILLA EL SALVADOR MZ D LOTE 31 GRUPO RESIDENCIAL 16, SECTOR PRIMERO",Villa El Salvador,Lima,Lima,150142,-12.191455,-76.955269,exact,web,https://www.tiendas3a.pe/ubicanos,verified,Solo en la lista oficial (coordenadas oficiales),2026-10-01
web-tiendas3a-micaela-bastidas-3,tiendas3a,Tiendas 3A Micaela Bastidas 3,AV. MICAELA MZ. N LT 3 GRUPO 16 SECTOR 2,Villa El Salvador,Lima,Lima,150142,-12.203872,-76.948789,exact,web,https://www.tiendas3a.pe/ubicanos,verified,Solo en la lista oficial (coordenadas oficiales),2026-10-01
web-tiendas3a-pastor-sevilla,tiendas3a,Tiendas 3A Pastor Sevilla,SEC. 06 GRUPO 08A MZ A LOTE 12,Villa El Salvador,Lima,Lima,150142,-12.225674,-76.941482,exact,web,https://www.tiendas3a.pe/ubicanos,verified,Solo en la lista oficial (coordenadas oficiales),2026-10-01
web-tiendas3a-talara,tiendas3a,Tiendas 3A Talara,"AV. TALARA SECTOR 03 GRUPO 18, MZ N LT 08",Villa El Salvador,Lima,Lima,150142,-12.227205,-76.931182,exact,web,https://www.tiendas3a.pe/ubicanos,verified,Solo en la lista oficial (coordenadas oficiales),2026-10-01
web-tiendas3a-el-triunfo,tiendas3a,Tiendas 3A El Triunfo,AV. EL TRIUNFO 774,Villa María del Triunfo,Lima,Lima,150143,-12.163568,-76.944581,exact,web,https://www.tiendas3a.pe/ubicanos,verified,Solo en la lista oficial (coordenadas oficiales),2026-10-01
web-tiendas3a-mariategui-jcm-7,tiendas3a,Tiendas 3A Mariategui Jcm 7,AV. JOSE CARLOS MARIATEGUI 772,Villa María del Triunfo,Lima,Lima,150143,-12.154906,-76.952809,exact,web,https://www.tiendas3a.pe/ubicanos,verified,Solo en la lista oficial (coordenadas oficiales),2026-10-01
web-tiendas3a-union-mz-3a,tiendas3a,Tiendas 3A Union Mz 3a,P.J. SAN FRANCISCO DE LA TABLADA DE LURÍN JR. UNIÓN MZ 3A LOTE 12,Villa María del Triunfo,Lima,Lima,150143,-12.202054,-76.925375,exact,web,https://www.tiendas3a.pe/ubicanos,verified,Solo en la lista oficial (coordenadas oficiales),2026-10-01
web-tiendas3a-villa-maria-2,tiendas3a,Tiendas 3A Villa Maria 2,"AV. VILLA MARÍA 231, MZ H2 LOTE 07",Villa María del Triunfo,Lima,Lima,150143,-12.165696,-76.949931,exact,web,https://www.tiendas3a.pe/ubicanos,verified,Solo en la lista oficial (coordenadas oficiales),2026-10-01
web-mass-aux-panamericana-norte,mass,Mass Aux. Panamericana Norte,Aux. Panamericana Norte (En El Óvalo Casma),Casma,Casma,Áncash,020801,-9.474757,-78.296232,exact,web,https://www.tiendasmass.com.pe/ubicame/,verified,Solo en la lista oficial (coordenadas oficiales),2026-10-01
web-mass-av-nepena,mass,Mass Av. Nepeña,Av. Nepeña (Frente Al Banco De La Nación Casma),Casma,Casma,Áncash,020801,-9.475457,-78.304578,exact,web,https://www.tiendasmass.com.pe/ubicame/,verified,Solo en la lista oficial (coordenadas oficiales),2026-10-01
web-mass-av-panamericana-norte-3,mass,Mass Av. Panamericana Norte,Av. Panamericana Norte (Junto Al Rest. Uchukuta),Casma,Casma,Áncash,020801,-9.474830,-78.300712,exact,web,https://www.tiendasmass.com.pe/ubicame/,verified,Solo en la lista oficial (coordenadas oficiales),2026-10-01
web-mass-cl-los-maglares,mass,Mass Cl. Los Maglares,Cl. Los Maglares (A Una Cdra. Del Grifo Rubi),Casma,Casma,Áncash,020801,-9.458069,-78.294294,exact,web,https://www.tiendasmass.com.pe/ubicame/,verified,Solo en la lista oficial (coordenadas oficiales),2026-10-01
web-mass-av-28-de-julio-138,mass,Mass Av. 28 De Julio 138,Av. 28 De Julio 138,Huarmey,Huarmey,Áncash,021101,-10.069236,-78.151050,exact,web,https://www.tiendasmass.com.pe/ubicame/,verified,Solo en la lista oficial (coordenadas oficiales),2026-10-01
web-mass-jr-28-de-julio,mass,Mass Jr. 28 De Julio,Jr. 28 De Julio (Frente A La Plz. De Armas De Huarmey),Huarmey,Huarmey,Áncash,021101,-10.068888,-78.152153,exact,web,https://www.tiendasmass.com.pe/ubicame/,verified,Solo en la lista oficial (coordenadas oficiales),2026-10-01
web-mass-a-h-villa-el-sol-ii-etapa-nuevo-eden,mass,Mass A.H. Villa El Sol II Etapa - Nuevo Edén,A.H. Villa El Sol II Etapa - Nuevo Edén (Frente Al Rest. El Reventón),Chimbote,Santa,Áncash,021801,-9.088654,-78.562698,approx,web,https://www.tiendasmass.com.pe/ubicame/,to_verify,"Solo en la lista oficial (coordenadas oficiales); las coordenadas oficiales caen en Chimbote (Áncash), pero la lista oficial indica La Victoria, Lambayeque; distrito según la lista oficial: La Victoria",2026-10-01
web-mass-auxiliar-panamericana-norte,mass,Mass Auxiliar Panamericana Norte,Auxiliar Panamericana Norte (Frente Al Vivero Mun. De Chimbote),Chimbote,Santa,Áncash,021801,-9.060565,-78.589170,exact,web,https://www.tiendasmass.com.pe/ubicame/,verified,Solo en la lista oficial (coordenadas oficiales),2026-10-01
web-mass-av-buenos-aires-727-chimbote,mass,Mass Av. Buenos Aires 727 - CHIMBOTE,Av. Buenos Aires 727 - CHIMBOTE,Chimbote,Santa,Áncash,021801,-9.066630,-78.583680,exact,web,https://www.tiendasmass.com.pe/ubicame/,verified,Solo en la lista oficial (coordenadas oficiales),2026-10-01
web-mass-av-camino-real,mass,Mass Av. Camino Real,Av. Camino Real (A Media Cdra. Del Cruce Con Manuel Seaone),Chimbote,Santa,Áncash,021801,-9.074540,-78.577060,exact,web,https://www.tiendasmass.com.pe/ubicame/,verified,Solo en la lista oficial (coordenadas oficiales),2026-10-01
web-mass-av-collasuyo,mass,Mass Av. Collasuyo,Av. Collasuyo (Frente A La Urb. Los Pinos) - CHIMBOTE,Chimbote,Santa,Áncash,021801,-9.052790,-78.587960,exact,web,https://www.tiendasmass.com.pe/ubicame/,verified,Solo en la lista oficial (coordenadas oficiales),2026-10-01
web-mass-av-enrique-meiggs,mass,Mass Av. Enrique Meiggs,Av. Enrique Meiggs (Cerca A Cl. Junín ),Chimbote,Santa,Áncash,021801,-9.086840,-78.575682,exact,web,https://www.tiendasmass.com.pe/ubicame/,verified,Solo en la lista oficial (coordenadas oficiales),2026-10-01
osm-n13144432404,mass,Mass Av. Enrique Meiggs 2300,Av. Enrique Meiggs 2300,Chimbote,Santa,Áncash,021801,-9.093311,-78.569532,exact,osm,n13144432404,verified,También en la lista oficial,2026-10-01
web-mass-av-enrique-meiggs-721,mass,Mass Av. Enrique Meiggs 721,Av. Enrique Meiggs 721,Chimbote,Santa,Áncash,021801,-9.080481,-78.580793,exact,web,https://www.tiendasmass.com.pe/ubicame/,verified,Solo en la lista oficial (coordenadas oficiales),2026-10-01
web-mass-av-huanuco,mass,Mass Av. Huánuco,Av. Huánuco (Frente Al Colegio IE 288229 San Juan),Chimbote,Santa,Áncash,021801,-9.088101,-78.568477,exact,web,https://www.tiendasmass.com.pe/ubicame/,verified,Solo en la lista oficial (coordenadas oficiales),2026-10-01
web-mass-av-pardo-3737,mass,Mass Av. Pardo 3737,Av. Pardo 3737,Chimbote,Santa,Áncash,021801,-9.095340,-78.563180,exact,web,https://www.tiendasmass.com.pe/ubicame/,verified,Solo en la lista oficial (coordenadas oficiales),2026-10-01
web-mass-av-peru,mass,Mass Av. Perú,Av. Perú (Frente Al Colegio Corpus Christi),Chimbote,Santa,Áncash,021801,-9.070940,-78.578990,exact,web,https://www.tiendasmass.com.pe/ubicame/,verified,Solo en la lista oficial (coordenadas oficiales),2026-10-01
web-mass-av-prol-buenos-aires,mass,Mass Av. Prol. Buenos Aires,Av. Prol. Buenos Aires (Cruce Con Jr. Pomobamba),Chimbote,Santa,Áncash,021801,-9.055168,-78.575659,exact,web,https://www.tiendasmass.com.pe/ubicame/,verified,Solo en la lista oficial (coordenadas oficiales),2026-10-01
web-mass-calle-u-02,mass,Mass Calle U 02,Calle U 02 (A Una Cdra. Del Parque Cívico),Chimbote,Santa,Áncash,021801,-9.100269,-78.565358,exact,web,https://www.tiendasmass.com.pe/ubicame/,verified,Solo en la lista oficial (coordenadas oficiales),2026-10-01
web-mass-jr-abancay,mass,Mass Jr. Abancay,Jr. Abancay (A Media Cdra. De Cl. Jorge Chávez),Chimbote,Santa,Áncash,021801,-9.049986,-78.578052,exact,web,https://www.tiendasmass.com.pe/ubicame/,verified,Solo en la lista oficial (coordenadas oficiales),2026-10-01
web-mass-jr-alfonso-ugarte-205,mass,Mass Jr. Alfonso Ugarte 205,Jr. Alfonso Ugarte 205,Chimbote,Santa,Áncash,021801,-9.071140,-78.595330,exact,web,https://www.tiendasmass.com.pe/ubicame/,verified,Solo en la lista oficial (coordenadas oficiales),2026-10-01
web-mass-jr-balta-1029,mass,Mass Jr. Balta 1029,Jr. Balta 1029 (Cerca A Cl. Dioniso Derteano),Chimbote,Santa,Áncash,021801,-9.069536,-78.585132,exact,web,https://www.tiendasmass.com.pe/ubicame/,verified,Solo en la lista oficial (coordenadas oficiales),2026-10-01
web-mass-jr-bolivar-186,mass,Mass Jr. Bolívar 186,Jr. Bolívar 186,Chimbote,Santa,Áncash,021801,-9.065560,-78.588520,exact,web,https://www.tiendasmass.com.pe/ubicame/,verified,Solo en la lista oficial (coordenadas oficiales),2026-10-01
web-mass-jr-camino-real,mass,Mass Jr. Camino Real,Jr. Camino Real (Cruce Con Av. Moquegua),Chimbote,Santa,Áncash,021801,-9.074205,-78.570117,exact,web,https://www.tiendasmass.com.pe/ubicame/,verified,Solo en la lista oficial (coordenadas oficiales),2026-10-01
web-mass-jr-enrique-palacios-538-5,mass,Mass Jr. Enrique Palacios 538-5,Jr. Enrique Palacios 538-5,Chimbote,Santa,Áncash,021801,-9.072182,-78.593434,exact,web,https://www.tiendasmass.com.pe/ubicame/,verified,Solo en la lista oficial (coordenadas oficiales),2026-10-01
web-mass-jr-ladislao,mass,Mass Jr. Ladislao,Jr. Ladislao (Entre Av. Balta Y Av. Aviación),Chimbote,Santa,Áncash,021801,-9.074930,-78.586930,exact,web,https://www.tiendasmass.com.pe/ubicame/,verified,Solo en la lista oficial (coordenadas oficiales),2026-10-01
web-mass-jr-pallasca,mass,Mass Jr. Pallasca,Jr. Pallasca (Al Lado De Martitha - Rest. & Pollería),Chimbote,Santa,Áncash,021801,-8.998522,-78.554792,exact,web,https://www.tiendasmass.com.pe/ubicame/,verified,"Solo en la lista oficial (coordenadas oficiales); distrito según la lista oficial: Chimbote - Cambio Puente",2026-10-01
web-mass-prol-buenos-aires,mass,Mass Prol. Buenos Aires,Prol. Buenos Aires (A 90m. De Euforia Gym),Chimbote,Santa,Áncash,021801,-9.058530,-78.577920,exact,web,https://www.tiendasmass.com.pe/ubicame/,verified,Solo en la lista oficial (coordenadas oficiales),2026-10-01
web-mass-av-antigua-panamericana-435,mass,Mass Av. Antigua Panamericana 435,Av. Antigua Panamericana 435,Coishco,Santa,Áncash,021803,-9.020570,-78.615128,exact,web,https://www.tiendasmass.com.pe/ubicame/,verified,"Solo en la lista oficial (coordenadas oficiales); distrito según la lista oficial: Santa - Coishco",2026-10-01
web-mass-av-jorge-chavez-596,mass,Mass Av. Jorge Chávez 596,Av. Jorge Chávez 596,Coishco,Santa,Áncash,021803,-9.025421,-78.615848,exact,web,https://www.tiendasmass.com.pe/ubicame/,verified,"Solo en la lista oficial (coordenadas oficiales); distrito según la lista oficial: Santa - Coishco",2026-10-01
web-mass-jr-villa-del-mar-481,mass,Mass Jr. Villa Del Mar 481,Jr. Villa Del Mar 481,Coishco,Santa,Áncash,021803,-9.023220,-78.617425,exact,web,https://www.tiendasmass.com.pe/ubicame/,verified,"Solo en la lista oficial (coordenadas oficiales); distrito según la lista oficial: Santa - Coishco",2026-10-01
osm-n13153411901,mass,Mass Av. Macash,Av. Macash (Cruce Con Cl. Túpac Amaru),Moro,Santa,Áncash,021805,-9.139160,-78.181678,exact,osm,n13153411901,verified,"También en la lista oficial; distrito según la lista oficial: Santa - Moro",2026-10-01
web-mass-av-progreso-2,mass,Mass Av. Progreso,Av. Progreso (Frente Al Óvalo Machetero),Nepeña,Santa,Áncash,021806,-9.152350,-78.279238,exact,web,https://www.tiendasmass.com.pe/ubicame/,verified,Solo en la lista oficial (coordenadas oficiales),2026-10-01
web-mass-aux-av-pacifico,mass,Mass Aux. Av. Pacífico,Aux. Av. Pacífico (A Espaldas Del Pq. Biosaludable La Esperanza),Nuevo Chimbote,Santa,Áncash,021809,-9.130885,-78.510928,exact,web,https://www.tiendasmass.com.pe/ubicame/,verified,"Solo en la lista oficial (coordenadas oficiales); distrito según la lista oficial: A.h. Belén",2026-10-01
web-mass-av-28-de-julio-2,mass,Mass Av. 28 De Julio,Av. 28 De Julio (Cruce Con Panamericana Norte),Nuevo Chimbote,Santa,Áncash,021809,-9.117376,-78.543645,exact,web,https://www.tiendasmass.com.pe/ubicame/,verified,Solo en la lista oficial (coordenadas oficiales),2026-10-01
web-mass-av-a,mass,Mass Av. A,Av. A (A Media Cdra. De La Aut. Admin. Del Agua Huarmey Chicama),Nuevo Chimbote,Santa,Áncash,021809,-9.134440,-78.521380,exact,web,https://www.tiendasmass.com.pe/ubicame/,verified,Solo en la lista oficial (coordenadas oficiales),2026-10-01
web-mass-av-a-3,mass,Mass Av. A,Av. A (Cerca DeL Parque Del Amor Y La Amistad),Nuevo Chimbote,Santa,Áncash,021809,-9.130580,-78.517730,exact,web,https://www.tiendasmass.com.pe/ubicame/,verified,Solo en la lista oficial (coordenadas oficiales),2026-10-01
web-mass-av-agraria,mass,Mass Av. Agraria,Av. Agraria (Frente Al Mcdo. Santa Rosa),Nuevo Chimbote,Santa,Áncash,021809,-9.118457,-78.506714,exact,web,https://www.tiendasmass.com.pe/ubicame/,verified,Solo en la lista oficial (coordenadas oficiales),2026-10-01
web-mass-av-anchoveta,mass,Mass Av. Anchoveta,Av. Anchoveta (cruce Con Av. Brasil),Nuevo Chimbote,Santa,Áncash,021809,-9.119310,-78.522410,exact,web,https://www.tiendasmass.com.pe/ubicame/,verified,Solo en la lista oficial (coordenadas oficiales),2026-10-01
web-mass-av-chinecas,mass,Mass Av. Chinecas,Av. Chinecas (Cruce Con Elías Vallejo),Nuevo Chimbote,Santa,Áncash,021809,-9.135328,-78.494280,exact,web,https://www.tiendasmass.com.pe/ubicame/,verified,Solo en la lista oficial (coordenadas oficiales),2026-10-01
osm-n13144462702,mass,Mass Av. Integración Con C.15,Av. Integración Con C.15 (Al Frente De Ayme Mercado),Nuevo Chimbote,Santa,Áncash,021809,-9.137406,-78.509366,exact,osm,n13144462702,verified,También en la lista oficial,2026-10-01
web-mass-av-jose-pardo,mass,Mass Av. José Pardo,Av. José Pardo (Cerca A Jr. Iquitos),Nuevo Chimbote,Santa,Áncash,021809,-9.115840,-78.541090,exact,web,https://www.tiendasmass.com.pe/ubicame/,verified,Solo en la lista oficial (coordenadas oficiales),2026-10-01
web-mass-av-la-paz,mass,Mass Av. La Paz,Av. La Paz (A Media Cdra. De Inkafarma),Nuevo Chimbote,Santa,Áncash,021809,-9.145080,-78.507060,exact,web,https://www.tiendasmass.com.pe/ubicame/,verified,Solo en la lista oficial (coordenadas oficiales),2026-10-01
web-mass-av-pacifico,mass,Mass Av. Pacífico,Av. Pacífico (A Cdra. Y Media De Av. Alcatraces),Nuevo Chimbote,Santa,Áncash,021809,-9.139328,-78.504280,exact,web,https://www.tiendasmass.com.pe/ubicame/,verified,Solo en la lista oficial (coordenadas oficiales),2026-10-01
web-mass-av-pacifico-2,mass,Mass Av. Pacífico,Av. Pacífico (Cerca De Av. Country),Nuevo Chimbote,Santa,Áncash,021809,-9.123822,-78.530437,exact,web,https://www.tiendasmass.com.pe/ubicame/,verified,Solo en la lista oficial (coordenadas oficiales),2026-10-01
web-mass-av-pacifico-3,mass,Mass Av. Pacífico,Av. Pacífico (Cruce Con Calle 11),Nuevo Chimbote,Santa,Áncash,021809,-9.128490,-78.519830,exact,web,https://www.tiendasmass.com.pe/ubicame/,verified,Solo en la lista oficial (coordenadas oficiales),2026-10-01
web-mass-av-universitaria-2,mass,Mass Av. Universitaria,Av. Universitaria (A Una Cdra. De Av. Brasil),Nuevo Chimbote,Santa,Áncash,021809,-9.118202,-78.514635,exact,web,https://www.tiendasmass.com.pe/ubicame/,verified,Solo en la lista oficial (coordenadas oficiales),2026-10-01
web-mass-calle-a,mass,Mass Calle A,Calle A (Cruce Con Av. Buenos Aires),Nuevo Chimbote,Santa,Áncash,021809,-9.110030,-78.536640,exact,web,https://www.tiendasmass.com.pe/ubicame/,verified,Solo en la lista oficial (coordenadas oficiales),2026-10-01
web-mass-calle-p,mass,Mass Calle P,Calle P (Al Lado De La Iglesia Cristiana Misión San Luis),Nuevo Chimbote,Santa,Áncash,021809,-9.124681,-78.496109,exact,web,https://www.tiendasmass.com.pe/ubicame/,verified,Solo en la lista oficial (coordenadas oficiales),2026-10-01
web-mass-cruce-de-av-agraria-con-pje-miguel-grau,mass,Mass Cruce De Av. Agraria Con Pje. Miguel Grau,Cruce De Av. Agraria Con Pje. Miguel Grau (Frente Al Pqe. Infantil Bellamar),Nuevo Chimbote,Santa,Áncash,021809,-9.114862,-78.509900,exact,web,https://www.tiendasmass.com.pe/ubicame/,verified,Solo en la lista oficial (coordenadas oficiales),2026-10-01
web-mass-ctra-panamericana-norte,mass,Mass Ctra. Panamericana Norte,Ctra. Panamericana Norte (Cruce Con Av. Aviación) - CHIMBOTE,Nuevo Chimbote,Santa,Áncash,021809,-9.120160,-78.540490,approx,web,https://www.tiendasmass.com.pe/ubicame/,to_verify,"Solo en la lista oficial (coordenadas oficiales); coordenadas oficiales dudosas; distrito según la lista oficial: Chimbote",2026-10-01
web-mass-interseccion-con-calle-la-amistad,mass,Mass Intersección Con Calle La Amistad,Intersección Con Calle La Amistad (Al Frente De La Farmacia MED&FARMA),Nuevo Chimbote,Santa,Áncash,021809,-9.148492,-78.501215,exact,web,https://www.tiendasmass.com.pe/ubicame/,verified,Solo en la lista oficial (coordenadas oficiales),2026-10-01
osm-n12410238001,mass,Mass Jr. Marañón 435,Jr. Marañón 435,Santa,Santa,Áncash,021808,-8.989163,-78.614775,exact,osm,n12410238001,verified,"También en la lista oficial; distrito según la lista oficial: Chimbote",2026-10-01
web-mass-jr-pachitea,mass,Mass Jr. Pachitea,Jr. Pachitea (Cerca De Jr. Amazonas),Santa,Santa,Áncash,021808,-8.985930,-78.613060,approx,web,https://www.tiendasmass.com.pe/ubicame/,to_verify,"Solo en la lista oficial (coordenadas oficiales); coordenadas oficiales dudosas; distrito según la lista oficial: Chimbote",2026-10-01
web-mass-av-22-de-febrero-410,mass,Mass Av. 22 De Febrero 410,Av. 22 De Febrero 410,Alto Selva Alegre,Arequipa,Arequipa,040102,-16.371242,-71.509714,exact,web,https://www.tiendasmass.com.pe/ubicame/,verified,Solo en la lista oficial (coordenadas oficiales),2026-10-01
web-mass-av-arequipa-623,mass,Mass Av. Arequipa 623,Av. Arequipa 623,Alto Selva Alegre,Arequipa,Arequipa,040102,-16.385925,-71.522106,exact,web,https://www.tiendasmass.com.pe/ubicame/,verified,Solo en la lista oficial (coordenadas oficiales),2026-10-01
web-mass-av-francisco-mostajo-306,mass,Mass Av. Francisco Mostajo 306,Av. Francisco Mostajo 306,Alto Selva Alegre,Arequipa,Arequipa,040102,-16.369738,-71.527262,exact,web,https://www.tiendasmass.com.pe/ubicame/,verified,Solo en la lista oficial (coordenadas oficiales),2026-10-01
web-mass-av-francisco-mostajo-806,mass,Mass Av. Francisco Mostajo 806,Av. Francisco Mostajo 806,Alto Selva Alegre,Arequipa,Arequipa,040102,-16.364107,-71.522671,exact,web,https://www.tiendasmass.com.pe/ubicame/,verified,Solo en la lista oficial (coordenadas oficiales),2026-10-01
web-mass-av-las-torres,mass,Mass Av. Las Torres,Av. Las Torres (A Una Cdra. De La Iglesia Cristo Rey),Alto Selva Alegre,Arequipa,Arequipa,040102,-16.374052,-71.521302,exact,web,https://www.tiendasmass.com.pe/ubicame/,verified,Solo en la lista oficial (coordenadas oficiales),2026-10-01
web-mass-av-los-andes-500,mass,Mass Av. Los Andes 500,Av. Los Andes 500,Alto Selva Alegre,Arequipa,Arequipa,040102,-16.381596,-71.518728,exact,web,https://www.tiendasmass.com.pe/ubicame/,verified,Solo en la lista oficial (coordenadas oficiales),2026-10-01
web-mass-av-los-andes-906,mass,Mass Av. Los Andes 906,Av. Los Andes 906 (Cerca Del Mcdo. Villa Hermosa),Alto Selva Alegre,Arequipa,Arequipa,040102,-16.379276,-71.519972,exact,web,https://www.tiendasmass.com.pe/ubicame/,verified,Solo en la lista oficial (coordenadas oficiales),2026-10-01
web-mass-av-obrera-1006,mass,Mass Av. Obrera 1006,Av. Obrera 1006,Alto Selva Alegre,Arequipa,Arequipa,040102,-16.377213,-71.516923,exact,web,https://www.tiendasmass.com.pe/ubicame/,verified,Solo en la lista oficial (coordenadas oficiales),2026-10-01
web-mass-av-obrera-1508,mass,Mass Av. Obrera 1508,Av. Obrera 1508,Alto Selva Alegre,Arequipa,Arequipa,040102,-16.374797,-71.513463,exact,web,https://www.tiendasmass.com.pe/ubicame/,verified,Solo en la lista oficial (coordenadas oficiales),2026-10-01
web-mass-av-roosevelt-713,mass,Mass Av. Roosevelt 713,Av. Roosevelt 713,Alto Selva Alegre,Arequipa,Arequipa,040102,-16.385690,-71.527060,exact,web,https://www.tiendasmass.com.pe/ubicame/,verified,Solo en la lista oficial (coordenadas oficiales),2026-10-01
web-mass-calle-1-de-mayo,mass,Mass Calle 1 De Mayo,Calle 1 De Mayo (Cruce Con Calle 13 De Abril),Alto Selva Alegre,Arequipa,Arequipa,040102,-16.388691,-71.526203,exact,web,https://www.tiendasmass.com.pe/ubicame/,verified,Solo en la lista oficial (coordenadas oficiales),2026-10-01
web-mass-cl-elias-aguirre,mass,Mass Cl. Elias Aguirre,Cl. Elias Aguirre (Cerca De Cl. Girasoles),Alto Selva Alegre,Arequipa,Arequipa,040102,-16.366144,-71.517490,exact,web,https://www.tiendasmass.com.pe/ubicame/,verified,Solo en la lista oficial (coordenadas oficiales),2026-10-01
web-mass-cl-francisco-montajo,mass,Mass Cl. Francisco Montajo,Cl. Francisco Montajo (Cerca Del Cjo. Dep. Villa Asunción),Alto Selva Alegre,Arequipa,Arequipa,040102,-16.361528,-71.516482,exact,web,https://www.tiendasmass.com.pe/ubicame/,verified,Solo en la lista oficial (coordenadas oficiales),2026-10-01
web-mass-pblo-joven-pampa-de-polanco,mass,Mass Pblo. Joven Pampa De Polanco,Pblo. Joven Pampa De Polanco (Frente A La Iglesia Guadalupe),Alto Selva Alegre,Arequipa,Arequipa,040102,-16.379739,-71.526513,exact,web,https://www.tiendasmass.com.pe/ubicame/,verified,"Solo en la lista oficial (coordenadas oficiales); distrito según la lista oficial: Arequipa",2026-10-01
osm-n13122786201,mass,Mass Villa Confraternidad - Zona A,Villa Confraternidad - Zona A (frente Al Mcdo. Horacio Zeballos),Alto Selva Alegre,Arequipa,Arequipa,040102,-16.360253,-71.525748,exact,osm,n13122786201,verified,"También en la lista oficial; también mapeada en OSM como n13122840401; coordenadas oficiales a 124 m",2026-10-01
web-mass-villa-ecologica,mass,Mass Villa Ecólogica,Villa Ecólogica (A Cuatro Cdras. De Plaza De Toros),Alto Selva Alegre,Arequipa,Arequipa,040102,-16.351464,-71.522140,exact,web,https://www.tiendasmass.com.pe/ubicame/,verified,Solo en la lista oficial (coordenadas oficiales),2026-10-01
web-mass-av-jorge-chavez-407,mass,Mass Av. Jorge Chavez 407,Av. Jorge Chavez 407,Arequipa,Arequipa,Arequipa,040101,-16.404817,-71.532104,exact,web,https://www.tiendasmass.com.pe/ubicame/,verified,Solo en la lista oficial (coordenadas oficiales),2026-10-01
web-mass-av-lambramani-158-c,mass,Mass Av. Lambramani 158 C,Av. Lambramani 158 C (Frente A La Parroq. San Juan La Cruz De Lambramani) - Arequipa,Arequipa,Arequipa,Arequipa,040101,-16.409389,-71.523614,exact,web,https://www.tiendasmass.com.pe/ubicame/,verified,Solo en la lista oficial (coordenadas oficiales),2026-10-01
web-mass-av-quiroz,mass,Mass Av. Quiroz,Av. Quiroz (Cruce Con Salaverry 106 - 108),Arequipa,Arequipa,Arequipa,040101,-16.407649,-71.538839,exact,web,https://www.tiendasmass.com.pe/ubicame/,verified,Solo en la lista oficial (coordenadas oficiales),2026-10-01
web-mass-av-venezuela-140-142,mass,Mass Av. Venezuela 140 - 142,Av. Venezuela 140 - 142,Arequipa,Arequipa,Arequipa,040101,-16.413160,-71.538010,exact,web,https://www.tiendasmass.com.pe/ubicame/,verified,Solo en la lista oficial (coordenadas oficiales),2026-10-01
web-mass-av-vidaurrazaga,mass,Mass Av. Vidaurrazaga,Av. Vidaurrazaga (Cerca Del Grifo Los Incas),Arequipa,Arequipa,Arequipa,040101,-16.418564,-71.539068,exact,web,https://www.tiendasmass.com.pe/ubicame/,verified,Solo en la lista oficial (coordenadas oficiales),2026-10-01
web-mass-cl-ayacucho-115,mass,Mass Cl. Ayacucho 115,Cl. Ayacucho 115 (Cruce Con Cl. Peral),Arequipa,Arequipa,Arequipa,040101,-16.395429,-71.531284,exact,web,https://www.tiendasmass.com.pe/ubicame/,verified,Solo en la lista oficial (coordenadas oficiales),2026-10-01
osm-n12536789665,mass,Mass Cl. La Merced 113,Cl. La Merced 113,Arequipa,Arequipa,Arequipa,040101,-16.399449,-71.537818,exact,osm,n12536789665,verified,También en la lista oficial,2026-10-01
web-mass-cl-ricardo-palma-602,mass,Mass Cl. Ricardo Palma 602,Cl. Ricardo Palma 602 (Frente Al Pqe Libertad De Expresión),Arequipa,Arequipa,Arequipa,040101,-16.404029,-71.547751,exact,web,https://www.tiendasmass.com.pe/ubicame/,verified,"Solo en la lista oficial (coordenadas oficiales); distrito según la lista oficial: Umacollo",2026-10-01
web-mass-urb-villa-gloria,mass,Mass Urb. Villa Gloria,Urb. Villa Gloria (Frente A La Resd. Francisco Mostajo),Arequipa,Arequipa,Arequipa,040101,-16.410719,-71.532287,exact,web,https://www.tiendasmass.com.pe/ubicame/,verified,Solo en la lista oficial (coordenadas oficiales),2026-10-01
web-mass-av-bolognesi-124,mass,Mass Av Bolognesi 124,Av Bolognesi 124,Cayma,Arequipa,Arequipa,040103,-16.380239,-71.544933,exact,web,https://www.tiendasmass.com.pe/ubicame/,verified,Solo en la lista oficial (coordenadas oficiales),2026-10-01
web-mass-av-bolognesi,mass,Mass Av. Bolognesi,Av. Bolognesi (A Una Cdra. Del Hospital De Policia),Cayma,Arequipa,Arequipa,040103,-16.375164,-71.544710,exact,web,https://www.tiendasmass.com.pe/ubicame/,verified,Solo en la lista oficial (coordenadas oficiales),2026-10-01
web-mass-av-cayma-620,mass,Mass Av. Cayma 620,Av. Cayma 620,Cayma,Arequipa,Arequipa,040103,-16.388644,-71.547485,exact,web,https://www.tiendasmass.com.pe/ubicame/,verified,Solo en la lista oficial (coordenadas oficiales),2026-10-01
web-mass-av-principal,mass,Mass Av. Principal,Av. Principal (A Espaldas De Distribuidor Pecsa Gas),Cayma,Arequipa,Arequipa,040103,-16.331296,-71.547268,exact,web,https://www.tiendasmass.com.pe/ubicame/,verified,Solo en la lista oficial (coordenadas oficiales),2026-10-01
web-mass-av-principal-3,mass,Mass Av. Principal,Av. Principal (Frente Al Mcdo. Dean Valdivia),Cayma,Arequipa,Arequipa,040103,-16.329636,-71.542745,exact,web,https://www.tiendasmass.com.pe/ubicame/,verified,Solo en la lista oficial (coordenadas oficiales),2026-10-01
web-mass-av-ramon-castilla-864,mass,Mass Av. Ramón Castilla 864,Av. Ramón Castilla 864,Cayma,Arequipa,Arequipa,040103,-16.345650,-71.541349,exact,web,https://www.tiendasmass.com.pe/ubicame/,verified,Solo en la lista oficial (coordenadas oficiales),2026-10-01
web-mass-av-sol-de-oro,mass,Mass Av. Sol De Oro,Av. Sol De Oro (Cruce Con Av. 28 De Julio),Cayma,Arequipa,Arequipa,040103,-16.339754,-71.552366,exact,web,https://www.tiendasmass.com.pe/ubicame/,verified,Solo en la lista oficial (coordenadas oficiales),2026-10-01
web-mass-calle-union,mass,Mass Calle Unión,Calle Unión (Cruce Con Cl. Los Rosales),Cayma,Arequipa,Arequipa,040103,-16.342882,-71.543322,exact,web,https://www.tiendasmass.com.pe/ubicame/,verified,Solo en la lista oficial (coordenadas oficiales),2026-10-01
osm-n14079385350,mass,Mass Cl. Mariano Melgar,Cl. Mariano Melgar (Cruce Con Cl. Lari Lari),Cayma,Arequipa,Arequipa,040103,-16.381280,-71.548189,exact,osm,n14079385350,verified,También en la lista oficial,2026-10-01
web-mass-cl-progreso-1100,mass,Mass Cl. Progreso 1100,Cl. Progreso 1100,Cayma,Arequipa,Arequipa,040103,-16.345661,-71.541503,exact,web,https://www.tiendasmass.com.pe/ubicame/,verified,Solo en la lista oficial (coordenadas oficiales),2026-10-01
web-mass-cl-san-martin,mass,Mass Cl. San Martín,Cl. San Martín (Al Lado De La Municipio De Socabaya),Cayma,Arequipa,Arequipa,040103,-16.359421,-71.543790,approx,web,https://www.tiendasmass.com.pe/ubicame/,to_verify,"Solo en la lista oficial (coordenadas oficiales); coordenadas oficiales dudosas; las coordenadas oficiales caen a 8.4 km del distrito indicado (Socabaya); distrito según la lista oficial: Socabaya",2026-10-01
web-mass-jr-8-de-noviembre,mass,Mass Jr. 8 De Noviembre,Jr. 8 De Noviembre (Frente A Plz. De Buenos Aires),Cayma,Arequipa,Arequipa,040103,-16.354285,-71.550884,exact,web,https://www.tiendasmass.com.pe/ubicame/,verified,Solo en la lista oficial (coordenadas oficiales),2026-10-01
web-mass-a-h-villa-canteras,mass,Mass A.H Villa Canteras,A.H Villa Canteras (Frente Al Pque. De Villa Las Canteras),Cerro Colorado,Arequipa,Arequipa,040104,-16.336137,-71.583609,exact,web,https://www.tiendasmass.com.pe/ubicame/,verified,Solo en la lista oficial (coordenadas oficiales),2026-10-01
web-mass-asoc-villa-cerrillos,mass,Mass Asoc. Villa Cerrillos,Asoc. Villa Cerrillos (A Una Cdra. Del Mdo. Central Villa Cerrilllos),Cerro Colorado,Arequipa,Arequipa,040104,-16.312881,-71.549713,exact,web,https://www.tiendasmass.com.pe/ubicame/,verified,Solo en la lista oficial (coordenadas oficiales),2026-10-01
web-mass-aux-av-54,mass,Mass Aux. Av. 54,Aux. Av. 54 (Al Lado De Farmacia Vida),Cerro Colorado,Arequipa,Arequipa,040104,-16.327164,-71.562382,exact,web,https://www.tiendasmass.com.pe/ubicame/,verified,Solo en la lista oficial (coordenadas oficiales),2026-10-01
web-mass-av-54,mass,Mass Av. 54,Av. 54 (Al Lado Del INEI Sur),Cerro Colorado,Arequipa,Arequipa,040104,-16.327385,-71.575329,exact,web,https://www.tiendasmass.com.pe/ubicame/,verified,Solo en la lista oficial (coordenadas oficiales),2026-10-01
web-mass-av-54-2,mass,Mass Av. 54,Av. 54 (Cerca De Parrillas El Dorado),Cerro Colorado,Arequipa,Arequipa,040104,-16.327620,-71.566814,exact,web,https://www.tiendasmass.com.pe/ubicame/,verified,Solo en la lista oficial (coordenadas oficiales),2026-10-01
web-mass-av-alfonso-ugarte-504,mass,Mass Av. Alfonso Ugarte 504,Av. Alfonso Ugarte 504,Cerro Colorado,Arequipa,Arequipa,040104,-16.375719,-71.559834,exact,web,https://www.tiendasmass.com.pe/ubicame/,verified,Solo en la lista oficial (coordenadas oficiales),2026-10-01
web-mass-av-los-incas,mass,Mass Av. Los Incas,Av. Los Incas (cerca Al Cruce Con Cl. Zarumilla) - Cerro Colorado - AREQUIPA,Cerro Colorado,Arequipa,Arequipa,040104,-16.390030,-71.570060,exact,web,https://www.tiendasmass.com.pe/ubicame/,verified,Solo en la lista oficial (coordenadas oficiales),2026-10-01
web-mass-av-prol-el-progreso,mass,Mass Av. Prol. El Progreso,Av. Prol. El Progreso (Cerca A Cl. Juan Santos Atahualpa),Cerro Colorado,Arequipa,Arequipa,040104,-16.399012,-71.568482,exact,web,https://www.tiendasmass.com.pe/ubicame/,verified,Solo en la lista oficial (coordenadas oficiales),2026-10-01
web-mass-av-republica-del-peru,mass,Mass Av. República Del Perú,Av. República Del Perú (Cruce Con Av. Venezuela),Cerro Colorado,Arequipa,Arequipa,040104,-16.394022,-71.575710,exact,web,https://www.tiendasmass.com.pe/ubicame/,verified,Solo en la lista oficial (coordenadas oficiales),2026-10-01
web-mass-av-sor-ana-de-los-angeles,mass,Mass Av. Sor Ana De Los Ángeles,Av. Sor Ana De Los Ángeles (Cruce Con Av. 54),Cerro Colorado,Arequipa,Arequipa,040104,-16.324001,-71.584008,exact,web,https://www.tiendasmass.com.pe/ubicame/,verified,Solo en la lista oficial (coordenadas oficiales),2026-10-01
web-mass-calle-48,mass,Mass Calle 48,Calle 48 (En Plz. Cívica) - Asoc. Cdad. Municipal Zona 6,Cerro Colorado,Arequipa,Arequipa,040104,-16.318906,-71.589844,exact,web,https://www.tiendasmass.com.pe/ubicame/,verified,Solo en la lista oficial (coordenadas oficiales),2026-10-01
web-mass-carr-a-yura,mass,Mass Carr. A Yura,Carr. A Yura (Cerca Del Grifo El Cóndor Repsol),Cerro Colorado,Arequipa,Arequipa,040104,-16.310228,-71.611775,exact,web,https://www.tiendasmass.com.pe/ubicame/,verified,"Solo en la lista oficial (coordenadas oficiales); distrito según la lista oficial: Yura",2026-10-01
web-mass-cl-alfonso-ugarte,mass,Mass Cl. Alfonso Ugarte,Cl. Alfonso Ugarte (A Una Cdra. De La Comisaría),Cerro Colorado,Arequipa,Arequipa,040104,-16.379909,-71.559076,exact,web,https://www.tiendasmass.com.pe/ubicame/,verified,Solo en la lista oficial (coordenadas oficiales),2026-10-01
web-mass-cl-maranon-322,mass,Mass Cl. Marañón 322,Cl. Marañón 322,Cerro Colorado,Arequipa,Arequipa,040104,-16.353211,-71.564557,exact,web,https://www.tiendasmass.com.pe/ubicame/,verified,Solo en la lista oficial (coordenadas oficiales),2026-10-01
web-mass-cl-peru-307,mass,Mass Cl. Perú 307,Cl. Perú 307,Cerro Colorado,Arequipa,Arequipa,040104,-16.384293,-71.569850,exact,web,https://www.tiendasmass.com.pe/ubicame/,verified,Solo en la lista oficial (coordenadas oficiales),2026-10-01
web-mass-coop-de-vivienda-la-alborada,mass,Mass Coop. De Vivienda La Alborada,Coop. De Vivienda La Alborada (A Dos Cdras. De La Piscina Sta. Rosa),Cerro Colorado,Arequipa,Arequipa,040104,-16.382167,-71.553613,exact,web,https://www.tiendasmass.com.pe/ubicame/,verified,Solo en la lista oficial (coordenadas oficiales),2026-10-01
osm-n12917907342,mass,Mass El Eden,El Eden (Cerca De La Polleria Real Crocante),Cerro Colorado,Arequipa,Arequipa,040104,-16.324069,-71.555882,exact,osm,n12917907342,verified,"También en la lista oficial; también mapeada en OSM como w1332538846",2026-10-01
web-mass-el-eden,mass,Mass El Eden,El Eden (Frente A Minimarket Rosita),Cerro Colorado,Arequipa,Arequipa,040104,-16.330242,-71.555668,exact,web,https://www.tiendasmass.com.pe/ubicame/,verified,Solo en la lista oficial (coordenadas oficiales),2026-10-01
web-mass-gonzales-prada-206,mass,Mass Gonzales Prada 206,Gonzales Prada 206,Cerro Colorado,Arequipa,Arequipa,040104,-16.392170,-71.567790,exact,web,https://www.tiendasmass.com.pe/ubicame/,verified,Solo en la lista oficial (coordenadas oficiales),2026-10-01
web-mass-prol-av-ejercito-601-100,mass,Mass Prol. Av. Ejército 601-100,Prol. Av. Ejército 601-100,Cerro Colorado,Arequipa,Arequipa,040104,-16.386751,-71.554033,exact,web,https://www.tiendasmass.com.pe/ubicame/,verified,Solo en la lista oficial (coordenadas oficiales),2026-10-01
web-mass-urb-eduardo-de-la-piniella,mass,Mass Urb. Eduardo De La Piniella,Urb. Eduardo De La Piniella (Frente Al Grifo Municipal Cono Norte),Cerro Colorado,Arequipa,Arequipa,040104,-16.326745,-71.595257,exact,web,https://www.tiendasmass.com.pe/ubicame/,verified,Solo en la lista oficial (coordenadas oficiales),2026-10-01
web-mass-urb-san-juan-2,mass,Mass Urb. San Juan,Urb. San Juan (Frente Al Innova Schools De Valle Blanco),Cerro Colorado,Arequipa,Arequipa,040104,-16.391908,-71.564287,exact,web,https://www.tiendasmass.com.pe/ubicame/,verified,Solo en la lista oficial (coordenadas oficiales),2026-10-01
web-mass-a-u-m-horacio-z-gamez-sector-b-calle-las-malvina,mass,Mass A.U.M Horacio Z. Gamez Sector B Calle Las Malvinas,A.U.M Horacio Z. Gamez Sector B Calle Las Malvinas ( Alt. Del Cruce Con Calle Heraud),Characato,Arequipa,Arequipa,040105,-16.475960,-71.503930,exact,web,https://www.tiendasmass.com.pe/ubicame/,verified,"Solo en la lista oficial (coordenadas oficiales); distrito según la lista oficial: Socabaya",2026-10-01
web-mass-alameda-nte,mass,Mass Alameda Nte.,Alameda Nte. (Frente A Pollería El Piquito),Characato,Arequipa,Arequipa,040105,-16.464229,-71.493999,exact,web,https://www.tiendasmass.com.pe/ubicame/,verified,Solo en la lista oficial (coordenadas oficiales),2026-10-01
web-mass-cl-mariategui,mass,Mass Cl. Mariategui,Cl. Mariategui (Frente A Centro De Salud Horacio Zeballos Games),Characato,Arequipa,Arequipa,040105,-16.478324,-71.499402,exact,web,https://www.tiendasmass.com.pe/ubicame/,verified,"Solo en la lista oficial (coordenadas oficiales); distrito según la lista oficial: Socabaya",2026-10-01
web-mass-pblo-trad-de-characato,mass,Mass Pblo. Trad. De Characato,Pblo. Trad. De Characato (Frente A La Plaza De Armas),Characato,Arequipa,Arequipa,040105,-16.468320,-71.484432,exact,web,https://www.tiendasmass.com.pe/ubicame/,verified,Solo en la lista oficial (coordenadas oficiales),2026-10-01
web-mass-av-brasilia-603,mass,Mass Av. Brasilia 603,Av. Brasilia 603 (Cerca De Av. Viña Del Mar),Jacobo Hunter,Arequipa,Arequipa,040107,-16.442734,-71.555713,exact,web,https://www.tiendasmass.com.pe/ubicame/,verified,Solo en la lista oficial (coordenadas oficiales),2026-10-01
web-mass-av-vina-del-mar-114,mass,Mass Av. Viña Del Mar 114,Av. Viña Del Mar 114 (Frente Al Óvalo De Hunter),Jacobo Hunter,Arequipa,Arequipa,040107,-16.440039,-71.559274,exact,web,https://www.tiendasmass.com.pe/ubicame/,verified,Solo en la lista oficial (coordenadas oficiales),2026-10-01
web-mass-san-miguel-de-piura-412,mass,Mass San Miguel De Piura 412,San Miguel De Piura 412,Jacobo Hunter,Arequipa,Arequipa,040107,-16.449987,-71.552091,exact,web,https://www.tiendasmass.com.pe/ubicame/,verified,"Solo en la lista oficial (coordenadas oficiales); distrito según la lista oficial: Hunter",2026-10-01
web-mass-av-dolores-183,mass,Mass Av. Dolores 183,Av. Dolores 183,José Luis Bustamante y Rivero,Arequipa,Arequipa,040129,-16.431121,-71.523164,exact,web,https://www.tiendasmass.com.pe/ubicame/,verified,Solo en la lista oficial (coordenadas oficiales),2026-10-01
web-mass-calle-hartley,mass,Mass Calle Hartley,Calle Hartley (Al Frente De Canchas Bravas),José Luis Bustamante y Rivero,Arequipa,Arequipa,040129,-16.428826,-71.523019,exact,web,https://www.tiendasmass.com.pe/ubicame/,verified,Solo en la lista oficial (coordenadas oficiales),2026-10-01
web-mass-cl-caracas-903,mass,Mass Cl. Caracas 903,Cl. Caracas 903,José Luis Bustamante y Rivero,Arequipa,Arequipa,040129,-16.443669,-71.516566,exact,web,https://www.tiendasmass.com.pe/ubicame/,verified,Solo en la lista oficial (coordenadas oficiales),2026-10-01
web-mass-cl-florida,mass,Mass Cl. Florida,Cl. Florida (Cruce Con Av. Túpac Amaru),José Luis Bustamante y Rivero,Arequipa,Arequipa,040129,-16.435330,-71.518318,exact,web,https://www.tiendasmass.com.pe/ubicame/,verified,Solo en la lista oficial (coordenadas oficiales),2026-10-01
web-mass-cl-honduras-203,mass,Mass Cl. Honduras 203,Cl. Honduras 203,José Luis Bustamante y Rivero,Arequipa,Arequipa,040129,-16.431755,-71.528621,exact,web,https://www.tiendasmass.com.pe/ubicame/,verified,Solo en la lista oficial (coordenadas oficiales),2026-10-01
web-mass-los-sauces,mass,Mass Los Sauces,Los Sauces (A Una Cdra. Del Cruce Con Avelino Cáceres),José Luis Bustamante y Rivero,Arequipa,Arequipa,040129,-16.424548,-71.531144,exact,web,https://www.tiendasmass.com.pe/ubicame/,verified,Solo en la lista oficial (coordenadas oficiales),2026-10-01
web-mass-lotizacion-viza-cala,mass,Mass Lotización Viza Cala,Lotización Viza Cala (Frente Al Mcdo.),José Luis Bustamante y Rivero,Arequipa,Arequipa,040129,-16.427907,-71.538414,exact,web,https://www.tiendasmass.com.pe/ubicame/,verified,Solo en la lista oficial (coordenadas oficiales),2026-10-01
web-mass-res-killari,mass,Mass Res. Killari,Res. Killari (A Dos Cdras. De Av. Lambramani),José Luis Bustamante y Rivero,Arequipa,Arequipa,040129,-16.416469,-71.518791,exact,web,https://www.tiendasmass.com.pe/ubicame/,verified,Solo en la lista oficial (coordenadas oficiales),2026-10-01
web-mass-urb-asoc-viv-villa-hermosa,mass,Mass Urb. Asoc. Viv. Villa Hermosa,Urb. Asoc. Viv. Villa Hermosa (A Dos Cdras. Ministerio De Agricultura),José Luis Bustamante y Rivero,Arequipa,Arequipa,040129,-16.427920,-71.545175,exact,web,https://www.tiendasmass.com.pe/ubicame/,verified,Solo en la lista oficial (coordenadas oficiales),2026-10-01
web-mass-verde,mass,Mass Verde,Puerta Verde (A Una Cdra. Del Cementerio General La Apacheta),José Luis Bustamante y Rivero,Arequipa,Arequipa,040129,-16.427317,-71.534054,exact,web,https://www.tiendasmass.com.pe/ubicame/,verified,"Solo en la lista oficial (coordenadas oficiales); distrito según la lista oficial: Arequipa",2026-10-01
web-mass-a-h-el-triunfo,mass,Mass A.H. El Triunfo,A.H. El Triunfo (A Una Cdra. De La Comisaría),La Joya,Arequipa,Arequipa,040108,-16.495011,-71.839037,exact,web,https://www.tiendasmass.com.pe/ubicame/,verified,Solo en la lista oficial (coordenadas oficiales),2026-10-01
web-mass-av-prudencio-vidal-paz-soldan,mass,Mass Av. Prudencio Vidal Paz Soldan,Av. Prudencio Vidal Paz Soldan (A Dos Cdras. De La Plaza De Armas),La Joya,Arequipa,Arequipa,040108,-16.425561,-71.821241,exact,web,https://www.tiendasmass.com.pe/ubicame/,verified,Solo en la lista oficial (coordenadas oficiales),2026-10-01
web-mass-av-argentina-1528,mass,Mass Av. Argentina 1528,Av. Argentina 1528,Mariano Melgar,Arequipa,Arequipa,040109,-16.404263,-71.492061,exact,web,https://www.tiendasmass.com.pe/ubicame/,verified,Solo en la lista oficial (coordenadas oficiales),2026-10-01
web-mass-av-argentina-926,mass,Mass Av. Argentina 926,Av. Argentina 926,Mariano Melgar,Arequipa,Arequipa,040109,-16.405086,-71.499832,exact,web,https://www.tiendasmass.com.pe/ubicame/,verified,Solo en la lista oficial (coordenadas oficiales),2026-10-01
web-mass-av-las-orquideas,mass,Mass Av. Las Orquídeas,Av. Las Orquídeas (Frente A La Cancha Sintética Nuevo Milenio),Mariano Melgar,Arequipa,Arequipa,040109,-16.392831,-71.484099,exact,web,https://www.tiendasmass.com.pe/ubicame/,verified,Solo en la lista oficial (coordenadas oficiales),2026-10-01
web-mass-av-lima-1009,mass,Mass Av. Lima 1009,Av. Lima 1009,Mariano Melgar,Arequipa,Arequipa,040109,-16.397171,-71.500061,exact,web,https://www.tiendasmass.com.pe/ubicame/,verified,Solo en la lista oficial (coordenadas oficiales),2026-10-01
web-mass-av-lima-505,mass,Mass Av. Lima 505,Av. Lima 505,Mariano Melgar,Arequipa,Arequipa,040109,-16.402878,-71.511642,exact,web,https://www.tiendasmass.com.pe/ubicame/,verified,Solo en la lista oficial (coordenadas oficiales),2026-10-01
web-mass-av-mariscal-castilla-1404,mass,Mass Av. Mariscal Castilla 1404,Av. Mariscal Castilla 1404,Mariano Melgar,Arequipa,Arequipa,040109,-16.408525,-71.507751,exact,web,https://www.tiendasmass.com.pe/ubicame/,verified,Solo en la lista oficial (coordenadas oficiales),2026-10-01
web-mass-calle-capitan-novoa,mass,Mass Calle Capitán Novoa,Calle Capitán Novoa (Cruce Con Cl. Amazonas),Mariano Melgar,Arequipa,Arequipa,040109,-16.396536,-71.508537,exact,web,https://www.tiendasmass.com.pe/ubicame/,verified,Solo en la lista oficial (coordenadas oficiales),2026-10-01
web-mass-cl-amazonas-302-308,mass,Mass Cl. Amazonas 302 - 308,Cl. Amazonas 302 - 308,Mariano Melgar,Arequipa,Arequipa,040109,-16.400492,-71.505815,exact,web,https://www.tiendasmass.com.pe/ubicame/,verified,Solo en la lista oficial (coordenadas oficiales),2026-10-01
web-mass-cl-republica-de-chile-127,mass,Mass Cl. República De Chile 127,Cl. República De Chile 127,Mariano Melgar,Arequipa,Arequipa,040109,-16.400845,-71.498368,exact,web,https://www.tiendasmass.com.pe/ubicame/,verified,Solo en la lista oficial (coordenadas oficiales),2026-10-01
web-mass-av-progreso-645,mass,Mass Av. Progreso 645,Av. Progreso 645,Miraflores,Arequipa,Arequipa,040110,-16.393853,-71.521811,exact,web,https://www.tiendasmass.com.pe/ubicame/,verified,Solo en la lista oficial (coordenadas oficiales),2026-10-01
web-mass-av-san-martin-2615,mass,Mass Av. San Martín 2615,Av. San Martín 2615,Miraflores,Arequipa,Arequipa,040110,-16.383665,-71.514568,exact,web,https://www.tiendasmass.com.pe/ubicame/,verified,Solo en la lista oficial (coordenadas oficiales),2026-10-01
web-mass-av-teniente-ferre-213,mass,Mass Av. Teniente Ferré 213,Av. Teniente Ferré 213,Miraflores,Arequipa,Arequipa,040110,-16.400219,-71.516168,exact,web,https://www.tiendasmass.com.pe/ubicame/,verified,Solo en la lista oficial (coordenadas oficiales),2026-10-01
web-mass-cl-jose-galvez-231,mass,Mass Cl. José Gálvez 231,Cl. José Gálvez 231,Miraflores,Arequipa,Arequipa,040110,-16.390927,-71.523228,exact,web,https://www.tiendasmass.com.pe/ubicame/,verified,Solo en la lista oficial (coordenadas oficiales),2026-10-01
web-mass-cl-tenente-rodriguez-1415,mass,Mass Cl. Tenente Rodriguez 1415,Cl. Tenente Rodriguez 1415,Miraflores,Arequipa,Arequipa,040110,-16.391354,-71.513564,exact,web,https://www.tiendasmass.com.pe/ubicame/,verified,Solo en la lista oficial (coordenadas oficiales),2026-10-01
web-mass-av-30-de-agosto,mass,Mass Av. 30 De Agosto,Av. 30 De Agosto (A Tres Cdras. Del Estadio Cahuaya Rosaspata),Paucarpata,Arequipa,Arequipa,040112,-16.429169,-71.481012,exact,web,https://www.tiendasmass.com.pe/ubicame/,verified,Solo en la lista oficial (coordenadas oficiales),2026-10-01
web-mass-av-cayro,mass,Mass Av. Cayro,Av. Cayro (Cruce Con Av. Jesús),Paucarpata,Arequipa,Arequipa,040112,-16.416948,-71.506037,exact,web,https://www.tiendasmass.com.pe/ubicame/,verified,Solo en la lista oficial (coordenadas oficiales),2026-10-01
web-mass-av-guardia-civil-350,mass,Mass Av. Guardia Civil 350,Av. Guardia Civil 350,Paucarpata,Arequipa,Arequipa,040112,-16.424009,-71.510969,exact,web,https://www.tiendasmass.com.pe/ubicame/,verified,Solo en la lista oficial (coordenadas oficiales),2026-10-01
web-mass-av-jesus,mass,Mass Av. Jesús,Av. Jesús (Frente Al Monumento Inca),Paucarpata,Arequipa,Arequipa,040112,-16.416300,-71.481819,exact,web,https://www.tiendasmass.com.pe/ubicame/,verified,Solo en la lista oficial (coordenadas oficiales),2026-10-01
web-mass-av-jesus-2203,mass,Mass Av. Jesús 2203,Av. Jesús 2203,Paucarpata,Arequipa,Arequipa,040112,-16.410923,-71.512165,exact,web,https://www.tiendasmass.com.pe/ubicame/,verified,Solo en la lista oficial (coordenadas oficiales),2026-10-01
web-mass-av-jesus-612,mass,Mass Av. Jesús 612,Av. Jesús 612 (Cerca De Av. Argentina),Paucarpata,Arequipa,Arequipa,040112,-16.412043,-71.512183,exact,web,https://www.tiendasmass.com.pe/ubicame/,verified,Solo en la lista oficial (coordenadas oficiales),2026-10-01
web-mass-av-la-colonial-505,mass,Mass Av. La Colonial 505,Av. La Colonial 505 (Cerca A Cl. Morro De Arica),Paucarpata,Arequipa,Arequipa,040112,-16.425007,-71.501072,exact,web,https://www.tiendasmass.com.pe/ubicame/,verified,Solo en la lista oficial (coordenadas oficiales),2026-10-01
web-mass-av-miguel-grau-516,mass,Mass Av. Miguel Grau 516,Av. Miguel Grau 516 (Cruce Con Cl. Misti),Paucarpata,Arequipa,Arequipa,040112,-16.409120,-71.489380,exact,web,https://www.tiendasmass.com.pe/ubicame/,verified,Solo en la lista oficial (coordenadas oficiales),2026-10-01
web-mass-av-pizarro-127,mass,Mass Av. Pizarro 127,Av. Pizarro 127,Paucarpata,Arequipa,Arequipa,040112,-16.423317,-71.515915,exact,web,https://www.tiendasmass.com.pe/ubicame/,verified,"Solo en la lista oficial (coordenadas oficiales); distrito según la lista oficial: José Luis Bustamante y Rivero",2026-10-01
web-mass-av-porongoche-202,mass,Mass Av. Porongoche 202,Av. Porongoche 202,Paucarpata,Arequipa,Arequipa,040112,-16.412722,-71.513605,exact,web,https://www.tiendasmass.com.pe/ubicame/,verified,Solo en la lista oficial (coordenadas oficiales),2026-10-01
web-mass-av-porongoche-510-a,mass,Mass Av. Porongoche 510 A,Av. Porongoche 510 A,Paucarpata,Arequipa,Arequipa,040112,-16.416746,-71.515687,exact,web,https://www.tiendasmass.com.pe/ubicame/,verified,"Solo en la lista oficial (coordenadas oficiales); distrito según la lista oficial: José Luis Bustamante y Rivero",2026-10-01
web-mass-av-revolucion-1208,mass,Mass Av. Revolución 1208,Av. Revolución 1208,Paucarpata,Arequipa,Arequipa,040112,-16.417489,-71.491676,exact,web,https://www.tiendasmass.com.pe/ubicame/,verified,Solo en la lista oficial (coordenadas oficiales),2026-10-01
web-mass-cl-jose-de-la-mar-101,mass,Mass Cl. José De La Mar 101,Cl. José De La Mar 101,Paucarpata,Arequipa,Arequipa,040112,-16.411970,-71.494740,exact,web,https://www.tiendasmass.com.pe/ubicame/,verified,Solo en la lista oficial (coordenadas oficiales),2026-10-01
web-mass-jr-alto-de-la-luna,mass,Mass Jr. Alto De La Luna,Jr. Alto De La Luna (Cruce Con Jr. Progreso),Paucarpata,Arequipa,Arequipa,040112,-16.427424,-71.492996,exact,web,https://www.tiendasmass.com.pe/ubicame/,verified,Solo en la lista oficial (coordenadas oficiales),2026-10-01
web-mass-los-incas-780,mass,Mass Los Incas 780,Los Incas 780,Paucarpata,Arequipa,Arequipa,040112,-16.414745,-71.482426,exact,web,https://www.tiendasmass.com.pe/ubicame/,verified,Solo en la lista oficial (coordenadas oficiales),2026-10-01
web-mass-pblo-joven-miguel-grau,mass,Mass Pblo. Joven Miguel Grau,Pblo. Joven Miguel Grau (Cerca Del Cruce De Av. Grau Con Av. Brasil),Paucarpata,Arequipa,Arequipa,040112,-16.408316,-71.481361,exact,web,https://www.tiendasmass.com.pe/ubicame/,verified,Solo en la lista oficial (coordenadas oficiales),2026-10-01
web-mass-urb-asoc-viv-trabajadores-unas,mass,Mass Urb. Asoc. Viv. Trabajadores Unas,Urb. Asoc. Viv. Trabajadores Unas (Frente A Res. Alas Del Sur),Paucarpata,Arequipa,Arequipa,040112,-16.431918,-71.511254,exact,web,https://www.tiendasmass.com.pe/ubicame/,verified,Solo en la lista oficial (coordenadas oficiales),2026-10-01
web-mass-av-brasil-203,mass,Mass Av. Brasil 203,Av. Brasil 203 (Cerca A Jr. Los Lirios),Sachaca,Arequipa,Arequipa,040117,-16.410251,-71.568299,exact,web,https://www.tiendasmass.com.pe/ubicame/,verified,Solo en la lista oficial (coordenadas oficiales),2026-10-01
web-mass-av-progreso-208,mass,Mass Av. Progreso 208,Av. Progreso 208,Sachaca,Arequipa,Arequipa,040117,-16.413243,-71.576438,exact,web,https://www.tiendasmass.com.pe/ubicame/,verified,Solo en la lista oficial (coordenadas oficiales),2026-10-01
web-mass-av-progreso-410,mass,Mass Av. Progreso 410,Av. Progreso 410,Sachaca,Arequipa,Arequipa,040117,-16.414920,-71.581009,exact,web,https://www.tiendasmass.com.pe/ubicame/,verified,Solo en la lista oficial (coordenadas oficiales),2026-10-01
web-mass-calle-n-4,mass,Mass Calle N° 4,Calle N° 4 (A Una Cdra. Del Palacio Goyeneche),Sachaca,Arequipa,Arequipa,040117,-16.429949,-71.568382,exact,web,https://www.tiendasmass.com.pe/ubicame/,verified,Solo en la lista oficial (coordenadas oficiales),2026-10-01
web-mass-a-h-augusto-gilardi,mass,Mass A.H. Augusto Gilardi,A.H. Augusto Gilardi (Frente Al Estadio De Sta. Rita De Siguas ),Santa Rita de Siguas,Arequipa,Arequipa,040121,-16.491370,-72.093980,exact,web,https://www.tiendasmass.com.pe/ubicame/,verified,Solo en la lista oficial (coordenadas oficiales),2026-10-01
web-mass-av-independencia-s-n,mass,Mass Av. Independencia S/N,Av. Independencia S/N ( A Una Cdra. De La Plaza Bellapampa),Socabaya,Arequipa,Arequipa,040122,-16.448761,-71.533257,exact,web,https://www.tiendasmass.com.pe/ubicame/,verified,Solo en la lista oficial (coordenadas oficiales),2026-10-01
web-mass-av-salaverry,mass,Mass Av. Salaverry,Av. Salaverry (Al Lado De La Comisaría De Socabaya),Socabaya,Arequipa,Arequipa,040122,-16.471811,-71.528253,exact,web,https://www.tiendasmass.com.pe/ubicame/,verified,Solo en la lista oficial (coordenadas oficiales),2026-10-01
web-mass-av-socabaya-407,mass,Mass Av. Socabaya 407,Av. Socabaya 407,Socabaya,Arequipa,Arequipa,040122,-16.440147,-71.529262,exact,web,https://www.tiendasmass.com.pe/ubicame/,verified,Solo en la lista oficial (coordenadas oficiales),2026-10-01
web-mass-av-arequipa,mass,Mass Av. Arequipa,Av. Arequipa (A Dos Cdras. De La Comisaría),Tiabaya,Arequipa,Arequipa,040123,-16.449051,-71.589554,exact,web,https://www.tiendasmass.com.pe/ubicame/,verified,Solo en la lista oficial (coordenadas oficiales),2026-10-01
web-mass-cl-n-3,mass,Mass Cl. Nº 3,Cl. Nº 3 (A Dos Cdras. De La Plaza Principal De Cerro Verde),Tiabaya,Arequipa,Arequipa,040123,-16.453032,-71.612884,exact,web,https://www.tiendasmass.com.pe/ubicame/,verified,"Solo en la lista oficial (coordenadas oficiales); distrito según la lista oficial: Uchumayo",2026-10-01
web-mass-av-jose-abelardo-quinones,mass,Mass Av. José Abelardo Quiñones,Av. José Abelardo Quiñones (A Una Cdra. De Cl. Pampita Zevallos),Yanahuara,Arequipa,Arequipa,040126,-16.394060,-71.548803,exact,web,https://www.tiendasmass.com.pe/ubicame/,verified,Solo en la lista oficial (coordenadas oficiales),2026-10-01
web-mass-av-victor-belaunde-331,mass,Mass Av. Víctor Belaúnde 331,Av. Víctor Belaúnde 331,Yanahuara,Arequipa,Arequipa,040126,-16.400093,-71.550145,exact,web,https://www.tiendasmass.com.pe/ubicame/,verified,Solo en la lista oficial (coordenadas oficiales),2026-10-01
web-mass-cl-grande-urb-las-malvinas,mass,Mass Cl. Grande - Urb. Las Malvinas,Cl. Grande - Urb. Las Malvinas (A Cuadra Y Media Del Cruce De Av. Metropolitana Con Cl. Grande),Yanahuara,Arequipa,Arequipa,040126,-16.391711,-71.553972,exact,web,https://www.tiendasmass.com.pe/ubicame/,verified,Solo en la lista oficial (coordenadas oficiales),2026-10-01
web-mass-leon-velarde-307,mass,Mass León Velarde 307,León Velarde 307,Yanahuara,Arequipa,Arequipa,040126,-16.384456,-71.539454,exact,web,https://www.tiendasmass.com.pe/ubicame/,verified,Solo en la lista oficial (coordenadas oficiales),2026-10-01
web-mass-zamacola-219,mass,Mass Zamacola 219,Zamacola 219,Yanahuara,Arequipa,Arequipa,040126,-16.395461,-71.546299,exact,web,https://www.tiendasmass.com.pe/ubicame/,verified,Solo en la lista oficial (coordenadas oficiales),2026-10-01
web-mass-asoc-ciudad-de-dios,mass,Mass Asoc. Ciudad De Dios,Asoc. Ciudad De Dios (Cerca De Iglesia Casa De Dios Norte),Yura,Arequipa,Arequipa,040128,-16.304590,-71.617546,exact,web,https://www.tiendasmass.com.pe/ubicame/,verified,Solo en la lista oficial (coordenadas oficiales),2026-10-01
web-mass-urb-ciudad-de-dios,mass,Mass Urb. Ciudad De Dios,Urb. Ciudad De Dios (A Cdra Y Media De La Municipalidad De Yura),Yura,Arequipa,Arequipa,040128,-16.300486,-71.622854,exact,web,https://www.tiendasmass.com.pe/ubicame/,verified,Solo en la lista oficial (coordenadas oficiales),2026-10-01
web-mass-av-lima-401,mass,Mass Av. Lima 401,Av. Lima 401 (Cruce Con Jirón Garcí Carbajal),Camaná,Camaná,Arequipa,040201,-16.619451,-72.709149,exact,web,https://www.tiendasmass.com.pe/ubicame/,verified,"Solo en la lista oficial (coordenadas oficiales); distrito según la lista oficial: Samuel Pastor",2026-10-01
web-mass-jr-28-de-julio-167a,mass,Mass Jr. 28 De Julio 167A,Jr. 28 De Julio 167A,Camaná,Camaná,Arequipa,040201,-16.623279,-72.710513,exact,web,https://www.tiendasmass.com.pe/ubicame/,verified,Solo en la lista oficial (coordenadas oficiales),2026-10-01
web-mass-ctra-panamericana-sur-s-n-km-15,mass,Mass Ctra. Panamericana Sur S/n Km 15,Ctra. Panamericana Sur S/n Km 15 (Cerca De Minimarket La Estrella),Mariscal Cáceres,Camaná,Arequipa,040204,-16.600320,-72.774300,exact,web,https://www.tiendasmass.com.pe/ubicame/,verified,"Solo en la lista oficial (coordenadas oficiales); distrito según la lista oficial: Camaná",2026-10-01
web-mass-av-camana,mass,Mass Av. Camaná,Av. Camaná (Paradero Santa Filomena),Majes,Caylloma,Arequipa,040520,-16.364106,-72.192386,exact,web,https://www.tiendasmass.com.pe/ubicame/,verified,Solo en la lista oficial (coordenadas oficiales),2026-10-01
web-mass-ciudad-de-majes,mass,Mass Ciudad De Majes,Ciudad De Majes (A 4 Cdras. De Av. Conquistadores),Majes,Caylloma,Arequipa,040520,-16.340090,-72.192580,exact,web,https://www.tiendasmass.com.pe/ubicame/,verified,Solo en la lista oficial (coordenadas oficiales),2026-10-01
web-mass-ciudad-de-majes-2,mass,Mass Ciudad De Majes,Ciudad De Majes (Cerca Del Chifa Pailas Wok),Majes,Caylloma,Arequipa,040520,-16.323260,-72.180320,exact,web,https://www.tiendasmass.com.pe/ubicame/,verified,Solo en la lista oficial (coordenadas oficiales),2026-10-01
web-mass-cl-dean-valdivia-731,mass,Mass Cl. Dean Valdivia 731,Cl. Dean Valdivia 731,Cocachacra,Islay,Arequipa,040702,-17.090879,-71.763482,exact,web,https://www.tiendasmass.com.pe/ubicame/,verified,Solo en la lista oficial (coordenadas oficiales),2026-10-01
web-mass-av-costanera-2,mass,Mass Av. Costanera,Av. Costanera (Cerca De Mun. De Dean Valdivia) - La Curva,Deán Valdivia,Islay,Arequipa,040703,-17.144610,-71.822580,approx,web,https://www.tiendasmass.com.pe/ubicame/,to_verify,"Solo en la lista oficial (coordenadas oficiales); las coordenadas oficiales caen a 27.7 km del distrito indicado (Islay); distrito según la lista oficial: Islay",2026-10-01
web-mass-ap-bahia-del-puerto,mass,Mass AP. Bahía Del Puerto,AP. Bahía Del Puerto (A Una Cdra. De La Plz. Miguel Grau De Matarani),Islay,Islay,Arequipa,040704,-17.001242,-72.097104,exact,web,https://www.tiendasmass.com.pe/ubicame/,verified,Solo en la lista oficial (coordenadas oficiales),2026-10-01
web-mass-cl-lima-100,mass,Mass Cl. Lima 100,Cl. Lima 100,Mollendo,Islay,Arequipa,040701,-17.017422,-72.014317,exact,web,https://www.tiendasmass.com.pe/ubicame/,verified,Solo en la lista oficial (coordenadas oficiales),2026-10-01
osm-n11753139938,mass,Mass Jr. General Córdova 498,Jr. General Córdova 498,Mollendo,Islay,Arequipa,040701,-17.025728,-72.015495,exact,osm,n11753139938,verified,También en la lista oficial,2026-10-01
web-mass-jr-maria-parado-de-bellido,mass,Mass Jr. María Parado De Bellido,Jr. María Parado De Bellido (Al Costado Centro De Salud Alto Inclán),Mollendo,Islay,Arequipa,040701,-17.020199,-72.005146,exact,web,https://www.tiendasmass.com.pe/ubicame/,verified,Solo en la lista oficial (coordenadas oficiales),2026-10-01
web-mass-av-olazabal-338,mass,Mass Av. Olazabal 338,Av. Olazabal 338,Punta de Bombón,Islay,Arequipa,040706,-17.169940,-71.795697,exact,web,https://www.tiendasmass.com.pe/ubicame/,verified,"Solo en la lista oficial (coordenadas oficiales); distrito según la lista oficial: Punta de Bombón - Islay",2026-10-01
web-mass-av-juan-pablo-ii-107-109,mass,Mass Av. Juan Pablo II 107 - 109,Av. Juan Pablo II 107 - 109,Bellavista,Callao,Callao,070102,-12.057728,-77.114395,exact,web,https://www.tiendasmass.com.pe/ubicame/,verified,Solo en la lista oficial (coordenadas oficiales),2026-10-01
web-mass-av-juan-velasco-alvarado-1213,mass,Mass Av. Juan Velasco Alvarado 1213,Av. Juan Velasco Alvarado 1213,Bellavista,Callao,Callao,070102,-12.061170,-77.105000,exact,web,https://www.tiendasmass.com.pe/ubicame/,verified,Solo en la lista oficial (coordenadas oficiales),2026-10-01
web-mass-av-oscar-r-benavides,mass,Mass Av. Oscar R. Benavides,Av. Oscar R. Benavides (Cerca De Calle Lucha Reyes),Bellavista,Callao,Callao,070102,-12.056269,-77.110723,exact,web,https://www.tiendasmass.com.pe/ubicame/,verified,Solo en la lista oficial (coordenadas oficiales),2026-10-01
web-mass-av-oscar-r-benavides-4698,mass,Mass Av. Óscar R. Benavides 4698,Av. Óscar R. Benavides 4698,Bellavista,Callao,Callao,070102,-12.052963,-77.094372,exact,web,https://www.tiendasmass.com.pe/ubicame/,verified,Solo en la lista oficial (coordenadas oficiales),2026-10-01
web-mass-av-san-jose-511,mass,Mass Av. San José 511,Av. San José 511,Bellavista,Callao,Callao,070102,-12.056802,-77.095997,exact,web,https://www.tiendasmass.com.pe/ubicame/,verified,Solo en la lista oficial (coordenadas oficiales),2026-10-01
web-mass-calle-21-n-104,mass,Mass Calle 21 N° 104,Calle 21 N° 104,Bellavista,Callao,Callao,070102,-12.058756,-77.105406,exact,web,https://www.tiendasmass.com.pe/ubicame/,verified,Solo en la lista oficial (coordenadas oficiales),2026-10-01
web-mass-jr-tupac-amaru-444,mass,Mass Jr. Tupac Amaru 444,Jr. Tupac Amaru 444,Bellavista,Callao,Callao,070102,-12.066616,-77.128873,exact,web,https://www.tiendasmass.com.pe/ubicame/,verified,Solo en la lista oficial (coordenadas oficiales),2026-10-01
web-mass-jr-victor-fajardo-200,mass,Mass Jr. Víctor Fajardo 200,Jr. Víctor Fajardo 200,Bellavista,Callao,Callao,070102,-12.060455,-77.129388,exact,web,https://www.tiendasmass.com.pe/ubicame/,verified,Solo en la lista oficial (coordenadas oficiales),2026-10-01
osm-n12431485301,mass,Mass,,Callao,Callao,Callao,070101,-12.006370,-77.098253,exact,osm,n12431485301,to_verify,"No figura en la lista oficial — posible cierre; elemento OSM v1, última edición el 2024-12-18",2026-10-01
web-mass-asoc-de-viv-de-los-trabajadores-del-puerto-del-c,mass,Mass Asoc. De Viv. De Los Trabajadores Del Puerto Del Callao,Asoc. De Viv. De Los Trabajadores Del Puerto Del Callao (A Esp. Del C.C. El Alamo),Callao,Callao,Callao,070101,-12.001142,-77.107674,exact,web,https://www.tiendasmass.com.pe/ubicame/,verified,Solo en la lista oficial (coordenadas oficiales),2026-10-01
web-mass-av-alejandro-bertello-bollati,mass,Mass Av. Alejandro Bertello Bollati,Av. Alejandro Bertello Bollati (Cruce Con Av. Manuel Mujica Gallo) - Urb. Las Delicias De Oquendo,Callao,Callao,Callao,070101,-11.982373,-77.114747,exact,web,https://www.tiendasmass.com.pe/ubicame/,verified,Solo en la lista oficial (coordenadas oficiales),2026-10-01
web-mass-av-auxiliar-juan-pablo-ii,mass,Mass Av. Auxiliar Juan Pablo II,Av. Auxiliar Juan Pablo II (Cruce Con Av. Comandante Pérez Salmón),Callao,Callao,Callao,070101,-12.053229,-77.115332,exact,web,https://www.tiendasmass.com.pe/ubicame/,verified,Solo en la lista oficial (coordenadas oficiales),2026-10-01
web-mass-av-bertello,mass,Mass Av. Bertello,Av. Bertello (A Media Cdra. De Spa Yovana),Callao,Callao,Callao,070101,-11.999887,-77.110809,exact,web,https://www.tiendasmass.com.pe/ubicame/,verified,Solo en la lista oficial (coordenadas oficiales),2026-10-01
web-mass-av-bocanegra,mass,Mass Av. Bocanegra,Av. Bocanegra (A Una Cdra. Del Mcdo. Virgen Del Carmen),Callao,Callao,Callao,070101,-12.007203,-77.101009,exact,web,https://www.tiendasmass.com.pe/ubicame/,verified,Solo en la lista oficial (coordenadas oficiales),2026-10-01
web-mass-av-canada,mass,Mass Av. Canadá,Av. Canadá (A Dos Cdras. De La Av. Canta Callao),Callao,Callao,Callao,070101,-11.998296,-77.118175,exact,web,https://www.tiendasmass.com.pe/ubicame/,verified,Solo en la lista oficial (coordenadas oficiales),2026-10-01
web-mass-av-conde-de-lemos-265,mass,Mass Av. Conde De Lemos 265,Av. Conde De Lemos 265,Callao,Callao,Callao,070101,-12.049568,-77.095927,exact,web,https://www.tiendasmass.com.pe/ubicame/,verified,Solo en la lista oficial (coordenadas oficiales),2026-10-01
web-mass-av-federico-fernandini-urb-sta-marina,mass,"Mass Av. Federico Fernandini, Urb. Sta. Marina","Av. Federico Fernandini, Urb. Sta. Marina (A Una Cdra. De Av. Guardia Chalaca)",Callao,Callao,Callao,070101,-12.057592,-77.128697,exact,web,https://www.tiendasmass.com.pe/ubicame/,verified,Solo en la lista oficial (coordenadas oficiales),2026-10-01
web-mass-av-los-alisos-3,mass,Mass Av. Los Alisos,Av. Los Alisos (Cruce Con Cl. Los Robles),Callao,Callao,Callao,070101,-11.974978,-77.116100,exact,web,https://www.tiendasmass.com.pe/ubicame/,verified,Solo en la lista oficial (coordenadas oficiales),2026-10-01
osm-n12432056601,mass,Mass Av. Los Dominícos,Av. Los Dominícos (Al Costado De La Panaderia,Callao,Callao,Callao,070101,-12.009296,-77.097888,exact,osm,n12432056601,verified,También en la lista oficial,2026-10-01
web-mass-av-los-dominicos,mass,Mass Av. Los Dominicos,Av. Los Dominicos (A Media Cdra. De Tottus),Callao,Callao,Callao,070101,-12.015651,-77.093959,exact,web,https://www.tiendasmass.com.pe/ubicame/,verified,Solo en la lista oficial (coordenadas oficiales),2026-10-01
osm-n12431466802,mass,Mass Av. Los Dominícos 1012,Av. Los Dominícos 1012,Callao,Callao,Callao,070101,-12.005328,-77.099352,exact,osm,n12431466802,verified,También en la lista oficial,2026-10-01
web-mass-av-miguel-grau-833-835,mass,Mass Av. Miguel Grau 833 - 835,Av. Miguel Grau 833 - 835,Callao,Callao,Callao,070101,-12.062753,-77.140532,exact,web,https://www.tiendasmass.com.pe/ubicame/,verified,Solo en la lista oficial (coordenadas oficiales),2026-10-01
web-mass-av-nestor-gambetta,mass,Mass Av. Nestor Gambetta,Av. Nestor Gambetta (Cruce Con Cl. Califormia),Callao,Callao,Callao,070101,-11.972314,-77.124763,exact,web,https://www.tiendasmass.com.pe/ubicame/,verified,Solo en la lista oficial (coordenadas oficiales),2026-10-01
web-mass-av-pacasmayo,mass,Mass Av. Pacasmayo,Av. Pacasmayo (Al Lado De Tambo),Callao,Callao,Callao,070101,-12.001466,-77.105947,exact,web,https://www.tiendasmass.com.pe/ubicame/,verified,Solo en la lista oficial (coordenadas oficiales),2026-10-01
osm-n12431484601,mass,Mass Av. Perú Prol. 5076,Av. Perú Prol. 5076,Callao,Callao,Callao,070101,-12.021291,-77.100170,exact,osm,n12431484601,verified,También en la lista oficial,2026-10-01
web-mass-av-quilca-1007,mass,Mass Av. Quilca 1007,Av. Quilca 1007,Callao,Callao,Callao,070101,-12.034318,-77.096321,exact,web,https://www.tiendasmass.com.pe/ubicame/,verified,Solo en la lista oficial (coordenadas oficiales),2026-10-01
web-mass-av-saenz-pena-342,mass,Mass Av. Saenz Peña 342,Av. Saenz Peña 342,Callao,Callao,Callao,070101,-12.061190,-77.143617,exact,web,https://www.tiendasmass.com.pe/ubicame/,verified,Solo en la lista oficial (coordenadas oficiales),2026-10-01
web-mass-av-saenz-pena-807,mass,Mass Av. Saenz Peña 807,Av. Saenz Peña 807,Callao,Callao,Callao,070101,-12.059877,-77.136824,exact,web,https://www.tiendasmass.com.pe/ubicame/,verified,Solo en la lista oficial (coordenadas oficiales),2026-10-01
web-mass-av-santa-rosa-515,mass,Mass Av. Santa Rosa 515,Av. Santa Rosa 515 (Av. Aux. Juan Pablo II Cruce Con Av. Argentina),Callao,Callao,Callao,070101,-12.050222,-77.115759,exact,web,https://www.tiendasmass.com.pe/ubicame/,verified,Solo en la lista oficial (coordenadas oficiales),2026-10-01
web-mass-c-c-minka-local-p02-g02-lo73,mass,Mass C.C. MINKA Local P02 - G02 - LO73,C.C. MINKA Local P02 - G02 - LO73,Callao,Callao,Callao,070101,-12.047816,-77.111116,exact,web,https://www.tiendasmass.com.pe/ubicame/,verified,Solo en la lista oficial (coordenadas oficiales),2026-10-01
web-mass-cl-01-n-4676,mass,Mass Cl. 01 N° 4676,Cl. 01 N° 4676,Callao,Callao,Callao,070101,-12.020297,-77.093053,exact,web,https://www.tiendasmass.com.pe/ubicame/,verified,Solo en la lista oficial (coordenadas oficiales),2026-10-01
osm-n12434555606,mass,Mass A.H. Reynoso,A.H. Reynoso (Cerca Al Cruce De Av. 1er De Mayo Y Jr. Melgar),Carmen de la Legua Reynoso,Callao,Callao,070103,-12.040581,-77.094090,exact,osm,n12434555606,verified,"También en la lista oficial; también mapeada en OSM como w1343896768",2026-10-01
web-mass-av-julio-c-tello-209-211,mass,Mass Av. Julio C. Tello 209 - 211,Av. Julio C. Tello 209 - 211,Carmen de la Legua Reynoso,Callao,Callao,070103,-12.041987,-77.096905,exact,web,https://www.tiendasmass.com.pe/ubicame/,verified,Solo en la lista oficial (coordenadas oficiales),2026-10-01
web-mass-av-callao-515,mass,Mass Av. Callao 515,Av. Callao 515,La Perla,Callao,Callao,070104,-12.071575,-77.116568,exact,web,https://www.tiendasmass.com.pe/ubicame/,verified,Solo en la lista oficial (coordenadas oficiales),2026-10-01
web-mass-av-insurgentes-355,mass,Mass Av. Insurgentes 355,Av. Insurgentes 355,La Perla,Callao,Callao,070104,-12.073833,-77.105956,exact,web,https://www.tiendasmass.com.pe/ubicame/,verified,"Solo en la lista oficial (coordenadas oficiales); distrito según la lista oficial: San Miguel",2026-10-01
web-mass-av-la-paz-2680,mass,Mass Av. La Paz 2680,Av. La Paz 2680,La Perla,Callao,Callao,070104,-12.077168,-77.110971,exact,web,https://www.tiendasmass.com.pe/ubicame/,verified,Solo en la lista oficial (coordenadas oficiales),2026-10-01
web-mass-av-santa-rosa-898,mass,Mass Av. Santa Rosa 898,Av. Santa Rosa 898,La Perla,Callao,Callao,070104,-12.072397,-77.123253,exact,web,https://www.tiendasmass.com.pe/ubicame/,verified,Solo en la lista oficial (coordenadas oficiales),2026-10-01
web-mass-av-victor-haya-de-la-torre-203,mass,Mass Av. Víctor Haya De La Torre 203,Av. Víctor Haya De La Torre 203,La Perla,Callao,Callao,070104,-12.068182,-77.109129,exact,web,https://www.tiendasmass.com.pe/ubicame/,verified,Solo en la lista oficial (coordenadas oficiales),2026-10-01
web-mass-cl-ayacucho,mass,Mass Cl. Ayacucho,Cl. Ayacucho (Frente Al Mcdo. Plaza Tropical),La Perla,Callao,Callao,070104,-12.070914,-77.113934,exact,web,https://www.tiendasmass.com.pe/ubicame/,verified,Solo en la lista oficial (coordenadas oficiales),2026-10-01
osm-w1348765046,mass,Mass Jr. Cahuide 950 - 970,Jr. Cahuide 950 - 970,La Perla,Callao,Callao,070104,-12.069360,-77.124932,exact,osm,w1348765046,verified,También en la lista oficial (nombre en OSM: Mass La Perla),2026-10-01
web-mass-av-miguel-grau-301,mass,Mass Av. Miguel Grau 301,Av. Miguel Grau 301 (Cruce Con Cl. Larco),La Punta,Callao,Callao,070105,-12.071944,-77.162959,exact,web,https://www.tiendasmass.com.pe/ubicame/,verified,Solo en la lista oficial (coordenadas oficiales),2026-10-01
osm-n11034927559,mass,Mass Jr. Enrique Palacios 399,Jr. Enrique Palacios 399,La Punta,Callao,Callao,070105,-12.070535,-77.161065,exact,osm,n11034927559,verified,"También en la lista oficial; coordenadas oficiales a 132 m",2026-10-01
web-mass-av-arequipa-3,mass,Mass Av. Arequipa,Av. Arequipa (Cruce Con La Av. Ayacucho),Mi Perú,Callao,Callao,070107,-11.857460,-77.125110,exact,web,https://www.tiendasmass.com.pe/ubicame/,verified,Solo en la lista oficial (coordenadas oficiales),2026-10-01
web-mass-av-trujillo-2,mass,Mass Av. Trujillo,Av. Trujillo (Frente Al Rest. Don Pedrito),Mi Perú,Callao,Callao,070107,-11.853719,-77.124399,exact,web,https://www.tiendasmass.com.pe/ubicame/,verified,Solo en la lista oficial (coordenadas oficiales),2026-10-01
web-mass-a-h-los-licenciados-de-ventanilla,mass,Mass A.H. Los Licenciados De Ventanilla,A.H. Los Licenciados De Ventanilla (A Una Cdra. Del Poder Judicial),Ventanilla,Callao,Callao,070106,-11.877980,-77.130158,exact,web,https://www.tiendasmass.com.pe/ubicame/,verified,Solo en la lista oficial (coordenadas oficiales),2026-10-01
web-mass-asoc-de-vivienda-sta-margarita,mass,Mass Asoc. De Vivienda Sta. Margarita,Asoc. De Vivienda Sta. Margarita (Frente Al Pque. Sta. Margarita),Ventanilla,Callao,Callao,070106,-11.825653,-77.128933,exact,web,https://www.tiendasmass.com.pe/ubicame/,verified,Solo en la lista oficial (coordenadas oficiales),2026-10-01
web-mass-av-225,mass,Mass Av. 225,Av. 225 (Al Lado Del C.C. Pachacutec ),Ventanilla,Callao,Callao,070106,-11.831940,-77.146130,exact,web,https://www.tiendasmass.com.pe/ubicame/,verified,Solo en la lista oficial (coordenadas oficiales),2026-10-01
web-mass-av-caminos-del-inca-2,mass,Mass Av. Caminos Del Inca,Av. Caminos Del Inca (A Una Cdra. Del Mcdo. El Ayllu),Ventanilla,Callao,Callao,070106,-11.843458,-77.152705,exact,web,https://www.tiendasmass.com.pe/ubicame/,verified,Solo en la lista oficial (coordenadas oficiales),2026-10-01
web-mass-av-el-salvador,mass,Mass Av. El Salvador,Av. El Salvador (mcdo. José Olaya),Ventanilla,Callao,Callao,070106,-11.839332,-77.125393,exact,web,https://www.tiendasmass.com.pe/ubicame/,verified,Solo en la lista oficial (coordenadas oficiales),2026-10-01
web-mass-av-los-arquitectos,mass,Mass Av. Los Arquitectos,Av. Los Arquitectos (Frente Al Mcdo. 13 De Julio),Ventanilla,Callao,Callao,070106,-11.827585,-77.137661,exact,web,https://www.tiendasmass.com.pe/ubicame/,verified,Solo en la lista oficial (coordenadas oficiales),2026-10-01
web-mass-av-los-constructores,mass,Mass Av. Los Constructores,Av. Los Constructores (A Una Cdra. De Academia De Arte Arttech),Ventanilla,Callao,Callao,070106,-11.846111,-77.147834,exact,web,https://www.tiendasmass.com.pe/ubicame/,verified,Solo en la lista oficial (coordenadas oficiales),2026-10-01
web-mass-av-nestor-gambetta-2,mass,Mass Av. Néstor Gambetta,Av. Néstor Gambetta (Cerca A Cl. Ruiseñores),Ventanilla,Callao,Callao,070106,-11.870203,-77.127961,exact,web,https://www.tiendasmass.com.pe/ubicame/,verified,Solo en la lista oficial (coordenadas oficiales),2026-10-01
web-mass-cl-12,mass,Mass Cl. 12,Cl. 12 (A Esp. De La Municipalidad De Ventanilla),Ventanilla,Callao,Callao,070106,-11.876977,-77.128853,exact,web,https://www.tiendasmass.com.pe/ubicame/,verified,Solo en la lista oficial (coordenadas oficiales),2026-10-01
web-mass-cl-juarez-perea,mass,Mass Cl. Juarez Perea,Cl. Juarez Perea (Frente Al Mcdo. Sátelite),Ventanilla,Callao,Callao,070106,-11.867905,-77.112554,exact,web,https://www.tiendasmass.com.pe/ubicame/,verified,Solo en la lista oficial (coordenadas oficiales),2026-10-01
web-mass-coop-montecarlo,mass,Mass Coop. Montecarlo,Coop. Montecarlo (A Media Cdra. Del Mcdo. Corazón De Jesús),Ventanilla,Callao,Callao,070106,-11.897993,-77.126995,exact,web,https://www.tiendasmass.com.pe/ubicame/,verified,Solo en la lista oficial (coordenadas oficiales),2026-10-01
web-mass-urb-antonia-moreno-de-caceres,mass,Mass Urb. Antonia Moreno De Cáceres,Urb. Antonia Moreno De Cáceres (Al Costado De Essalud),Ventanilla,Callao,Callao,070106,-11.886248,-77.123996,exact,web,https://www.tiendasmass.com.pe/ubicame/,verified,Solo en la lista oficial (coordenadas oficiales),2026-10-01
web-mass-urb-ciudad-satelite-de-ventanilla,mass,Mass Urb. Ciudad Satélite De Ventanilla,Urb. Ciudad Satélite De Ventanilla (Al Lado Del Restaurante La Taberna),Ventanilla,Callao,Callao,070106,-11.872592,-77.122601,exact,web,https://www.tiendasmass.com.pe/ubicame/,verified,Solo en la lista oficial (coordenadas oficiales),2026-10-01
web-mass-urb-coopemar,mass,Mass Urb. Coopemar,Urb. Coopemar (Al Lado Del Mcdo. Angel Castillo),Ventanilla,Callao,Callao,070106,-11.884502,-77.129749,exact,web,https://www.tiendasmass.com.pe/ubicame/,verified,Solo en la lista oficial (coordenadas oficiales),2026-10-01
web-mass-urb-pedro-cueva-vasquez,mass,Mass Urb. Pedro Cueva Vasquez,Urb. Pedro Cueva Vasquez (Cruce De Gambeta Con Cl. 11),Ventanilla,Callao,Callao,070106,-11.879688,-77.124447,exact,web,https://www.tiendasmass.com.pe/ubicame/,verified,Solo en la lista oficial (coordenadas oficiales),2026-10-01
web-mass-urb-popular-de-interes-social,mass,Mass Urb. Popular De Interés Social,Urb. Popular De Interés Social (Frente Al Grifo Repsol De Av. 225),Ventanilla,Callao,Callao,070106,-11.838526,-77.139086,exact,web,https://www.tiendasmass.com.pe/ubicame/,verified,Solo en la lista oficial (coordenadas oficiales),2026-10-01
web-mass-av-alcides-estrada,mass,Mass Av. Alcides Estrada,Av. Alcides Estrada (Frente Al Mcdo. Modelo De Calca),Calca,Calca,Cusco,080401,-13.321486,-71.952033,exact,web,https://www.tiendasmass.com.pe/ubicame/,verified,Solo en la lista oficial (coordenadas oficiales),2026-10-01
web-mass-calle-machupicchu,mass,Mass Calle Machupicchu,Calle Machupicchu (Cerca A Av. La Cultura),Cusco,Cusco,Cusco,080101,-13.524907,-71.952531,exact,web,https://www.tiendasmass.com.pe/ubicame/,verified,Solo en la lista oficial (coordenadas oficiales),2026-10-01
web-mass-prol-lucrepata,mass,Mass Prol. Lucrepata,Prol. Lucrepata (Cerca A Cruce Con Cl. Callejón Retiro),Cusco,Cusco,Cusco,080101,-13.515224,-71.969220,exact,web,https://www.tiendasmass.com.pe/ubicame/,verified,Solo en la lista oficial (coordenadas oficiales),2026-10-01
web-mass-av-08-san-agustin,mass,Mass Av. 08 San Agustín,Av. 08 San Agustín (Cruce Con Av. 3),San Jerónimo,Cusco,Cusco,080104,-13.530384,-71.901855,exact,web,https://www.tiendasmass.com.pe/ubicame/,verified,Solo en la lista oficial (coordenadas oficiales),2026-10-01
osm-n13542048601,mass,Mass Av. Prol. Ramón Castilla 120,Av. Prol. Ramón Castilla 120 (Cerca A Av. Llocllampata),San Jerónimo,Cusco,Cusco,080104,-13.543251,-71.889100,exact,osm,n13542048601,verified,También en la lista oficial,2026-10-01
osm-n13542048698,mass,Mass Cl. Capulí De Picol,Cl. Capulí De Picol (Cerca De Aux. Vía Evitamiento),San Jerónimo,Cusco,Cusco,080104,-13.545034,-71.899967,exact,osm,n13542048698,verified,También en la lista oficial,2026-10-01
osm-n13542048700,mass,Mass Cl. Lima,Cl. Lima (A Una Cdra. De Urb. Los Cedros),San Jerónimo,Cusco,Cusco,080104,-13.539926,-71.895487,exact,osm,n13542048700,verified,También en la lista oficial,2026-10-01
web-mass-cl-lima-2,mass,Mass Cl. Lima,Cl. Lima (Cruce Pza. Mayor De San Jerónimo),San Jerónimo,Cusco,Cusco,080104,-13.544028,-71.884317,exact,web,https://www.tiendasmass.com.pe/ubicame/,verified,Solo en la lista oficial (coordenadas oficiales),2026-10-01
osm-n13542004200,mass,Mass Av. 1,Av. 1 (Cruce Con Cl. Los Lirios) - Urb Sta. María,San Sebastián,Cusco,Cusco,080105,-13.532410,-71.904415,exact,osm,n13542004200,verified,También en la lista oficial,2026-10-01
osm-n13542048702,mass,Mass Av. Fernando Belaúnde Terry,Av. Fernando Belaúnde Terry (Cruce Con Cl. Marcavalle),San Sebastián,Cusco,Cusco,080105,-13.541701,-71.931815,exact,osm,n13542048702,verified,También en la lista oficial,2026-10-01
osm-n13542004199,mass,Mass Av. Las Flores,Av. Las Flores (Cerca A Pje. Las Bugamvilias),San Sebastián,Cusco,Cusco,080105,-13.533806,-71.911869,exact,osm,n13542004199,verified,"También en la lista oficial; coordenadas oficiales a 180 m",2026-10-01
web-mass-av-tupac-amaru-3,mass,Mass Av. Túpac Amaru,Av. Túpac Amaru (Cerca Del Paradero Las Joyas),San Sebastián,Cusco,Cusco,080105,-13.542252,-71.925077,exact,web,https://www.tiendasmass.com.pe/ubicame/,verified,Solo en la lista oficial (coordenadas oficiales),2026-10-01
web-mass-av-tupac-katari,mass,Mass Av. Túpac Katari,Av. Túpac Katari (Cerca De Aux. Vía De Evitamiento),San Sebastián,Cusco,Cusco,080105,-13.542215,-71.910994,exact,web,https://www.tiendasmass.com.pe/ubicame/,verified,Solo en la lista oficial (coordenadas oficiales),2026-10-01
web-mass-cl-de-la-amistad,mass,Mass Cl. De La Amistad,Cl. De La Amistad (Cruce Con Pje. Las Orquídeas) - A.D.V. San Antonio,San Sebastián,Cusco,Cusco,080105,-13.541229,-71.925743,exact,web,https://www.tiendasmass.com.pe/ubicame/,verified,Solo en la lista oficial (coordenadas oficiales),2026-10-01
web-mass-cl-felipe-sicus,mass,Mass Cl. Felipe Sicus,Cl. Felipe Sicus (Cruce Con Cl. Arco Iris),San Sebastián,Cusco,Cusco,080105,-13.531035,-71.931722,exact,web,https://www.tiendasmass.com.pe/ubicame/,verified,Solo en la lista oficial (coordenadas oficiales),2026-10-01
osm-n13541959534,mass,Mass Urb. Túpac Amaru T-13,Urb. Túpac Amaru T-13 (Cerca De La Plazoleta Micaella Bastidas),San Sebastián,Cusco,Cusco,080105,-13.539471,-71.909515,exact,osm,n13541959534,verified,También en la lista oficial,2026-10-01
osm-n13542048705,mass,Mass Cl. Los Álamos,Cl. Los Álamos (Cruce Con Cl. El Comercio),Santiago,Cusco,Cusco,080106,-13.533740,-71.975985,exact,osm,n13542048705,verified,También en la lista oficial,2026-10-01
web-mass-av-garcilazo-406,mass,Mass Av. Garcilazo 406,Av. Garcilazo 406 (Frente Al Mcdo. Wanchaq),Wanchaq,Cusco,Cusco,080108,-13.522698,-71.970597,exact,web,https://www.tiendasmass.com.pe/ubicame/,verified,Solo en la lista oficial (coordenadas oficiales),2026-10-01
osm-n12903890804,mass,Mass Av. Los Pinos,Av. Los Pinos (Entre Cl. Los Álamos Y Cl. Los Geranios),Wanchaq,Cusco,Cusco,080108,-13.531809,-71.964658,exact,osm,n12903890804,verified,También en la lista oficial,2026-10-01
osm-n12903835461,mass,Mass Av. Qosqo,Av. Qosqo (A Una Cdra. Del Parque Pukllaycancha),Wanchaq,Cusco,Cusco,080108,-13.531797,-71.954847,exact,osm,n12903835461,verified,También en la lista oficial,2026-10-01
osm-n12903835438,mass,Mass Av. Túpac Amaru,Av. Túpac Amaru (Cruce Con Jr. Paruro),Wanchaq,Cusco,Cusco,080108,-13.528765,-71.961996,exact,osm,n12903835438,verified,También en la lista oficial,2026-10-01
osm-n13302686801,mass,Mass Calle Manco II,Calle Manco II (Cruce Con Av. Mateo Pumacahua),Chinchero,Urubamba,Cusco,081302,-13.392560,-72.050739,exact,osm,n13302686801,verified,También en la lista oficial,2026-10-01
web-mass-av-ferrocarril-2,mass,Mass Av. Ferrocarril,Av. Ferrocarril (Frente Al Coliseo De Urubamba),Urubamba,Urubamba,Cusco,081301,-13.309532,-72.113778,exact,web,https://www.tiendasmass.com.pe/ubicame/,verified,Solo en la lista oficial (coordenadas oficiales),2026-10-01
web-mass-av-arequipa-2,mass,Mass Av. Arequipa,Av. Arequipa (Cruce Con Jr. Jorge Chavez),Pampas,Tayacaja,Huancavelica,090701,-12.396556,-74.864478,exact,web,https://www.tiendasmass.com.pe/ubicame/,verified,"Solo en la lista oficial (coordenadas oficiales); distrito según la lista oficial: Pampas - Tayacaja",2026-10-01
web-mass-jr-progreso-126,mass,Mass Jr. Progreso 126,Jr. Progreso 126 (Frente A La Plz. De Armas De Pampas),Pampas,Tayacaja,Huancavelica,090701,-12.398766,-74.867989,exact,web,https://www.tiendasmass.com.pe/ubicame/,verified,"Solo en la lista oficial (coordenadas oficiales); distrito según la lista oficial: Pampas - Tayacaja",2026-10-01
web-mass-av-esteban-pabletich,mass,Mass Av. Esteban Pabletich,Av. Esteban Pabletich (Cerca De Jr. San Lorenzo),Amarilis,Huánuco,Huánuco,100102,-9.892326,-76.218620,exact,web,https://www.tiendasmass.com.pe/ubicame/,verified,Solo en la lista oficial (coordenadas oficiales),2026-10-01
web-mass-av-via-colectora,mass,Mass Av. Vía Colectora,Av. Vía Colectora (Cruce Con Jr. Abu Dabi),Amarilis,Huánuco,Huánuco,100102,-9.920276,-76.230312,exact,web,https://www.tiendasmass.com.pe/ubicame/,verified,Solo en la lista oficial (coordenadas oficiales),2026-10-01
web-mass-av-via-colectora-2,mass,Mass Av. Vía Colectora,Av. Vía Colectora (Cruce Con Jr. Loma Umbrosa),Amarilis,Huánuco,Huánuco,100102,-9.914493,-76.228389,exact,web,https://www.tiendasmass.com.pe/ubicame/,verified,Solo en la lista oficial (coordenadas oficiales),2026-10-01
web-mass-jr-28-de-julio-1060,mass,Mass Jr. 28 De Julio 1060,Jr. 28 De Julio 1060,Huánuco,Huánuco,Huánuco,100101,-9.928748,-76.238507,exact,web,https://www.tiendasmass.com.pe/ubicame/,verified,Solo en la lista oficial (coordenadas oficiales),2026-10-01
web-mass-jr-leoncio-prado-1383,mass,Mass Jr. Leoncio Prado 1383,Jr. Leoncio Prado 1383 (Cruce De Jr. Constitución),Huánuco,Huánuco,Huánuco,100101,-9.924713,-76.242466,exact,web,https://www.tiendasmass.com.pe/ubicame/,verified,Solo en la lista oficial (coordenadas oficiales),2026-10-01
web-mass-jr-leoncio-prado-506,mass,Mass Jr. Leoncio Prado 506,Jr. Leoncio Prado 506 (Cruce Con Jr. Ayancocha 221),Huánuco,Huánuco,Huánuco,100101,-9.932717,-76.247584,exact,web,https://www.tiendasmass.com.pe/ubicame/,verified,Solo en la lista oficial (coordenadas oficiales),2026-10-01
web-mass-av-juan-velasco-alvarado,mass,Mass Av. Juan Velasco Alvarado,"Av. Juan Velasco Alvarado (calle de las coordenadas oficiales; el texto de dirección oficial es el de la tienda de Paracas)",Pillco Marca,Huánuco,Huánuco,100111,-9.965524,-76.247495,approx,web,https://www.tiendasmass.com.pe/ubicame/,to_verify,"Solo en la lista oficial (coordenadas oficiales); las coordenadas oficiales caen en Pillco Marca (Huánuco), pero la lista oficial indica Paracas, Ica; distrito según la lista oficial: Paracas; texto en la lista oficial: ""Mass Boulevard De Paracas"", ""Boulevard De Paracas (Al Lado Del Hotel El Viajero KokoPelli)""; el registro oficial copia el nombre y la dirección de la tienda de Paracas (que tiene su propia fila, 'Mass Boulevar De Paracas'), pero sus coordenadas y su código interno 'Juan21 HCO MS' (HCO = Huánuco, como en las demás tiendas Mass de Huánuco) corresponden a una tienda en Pillco Marca; nombre de la calle obtenido por geocodificación inversa (Nominatim) de las coordenadas oficiales",2026-10-01
web-mass-av-universitaria-3,mass,Mass Av. Universitaria,Av. Universitaria (Cruce Con Jr. Miraflores),Pillco Marca,Huánuco,Huánuco,100111,-9.960085,-76.246236,exact,web,https://www.tiendasmass.com.pe/ubicame/,verified,Solo en la lista oficial (coordenadas oficiales),2026-10-01
web-mass-av-independencia-2,mass,Mass Av. Independencia,Av. Independencia (Cerca A Av. San Luis),Alto Larán,Chincha,Ica,110202,-13.438468,-76.084189,exact,web,https://www.tiendasmass.com.pe/ubicame/,verified,"Solo en la lista oficial (coordenadas oficiales); distrito según la lista oficial: Chincha - Alto Larán",2026-10-01
web-mass-av-centenario-888,mass,Mass Av. Centenario 888,Av. Centenario 888,Chincha Alta,Chincha,Ica,110201,-13.411050,-76.140130,exact,web,https://www.tiendasmass.com.pe/ubicame/,verified,Solo en la lista oficial (coordenadas oficiales),2026-10-01
web-mass-av-luis-massaro-236,mass,Mass Av. Luis Massaro 236,Av. Luis Massaro 236,Chincha Alta,Chincha,Ica,110201,-13.419660,-76.135845,exact,web,https://www.tiendasmass.com.pe/ubicame/,verified,Solo en la lista oficial (coordenadas oficiales),2026-10-01
web-mass-av-oscar-r-benavides-510,mass,Mass Av. Óscar R. Benavides 510,Av. Óscar R. Benavides 510,Chincha Alta,Chincha,Ica,110201,-13.416395,-76.138357,exact,web,https://www.tiendasmass.com.pe/ubicame/,verified,Solo en la lista oficial (coordenadas oficiales),2026-10-01
web-mass-av-pardo-s-n,mass,Mass Av. Pardo S/N,Av. Pardo S/N (Cruce De Av. Pardo Con Cl. Rosario),Chincha Alta,Chincha,Ica,110201,-13.413852,-76.132385,exact,web,https://www.tiendasmass.com.pe/ubicame/,verified,"Solo en la lista oficial (coordenadas oficiales); distrito según la lista oficial: Chincha",2026-10-01
web-mass-av-san-martin-350,mass,Mass Av. San Martín 350,Av. San Martín 350,Chincha Alta,Chincha,Ica,110201,-13.418845,-76.128387,exact,web,https://www.tiendasmass.com.pe/ubicame/,verified,Solo en la lista oficial (coordenadas oficiales),2026-10-01
web-mass-av-victoria-dos-puentes,mass,Mass Av. Victoria Dos Puentes,Av. Victoria Dos Puentes (Cruce Con Pje. Begonias),Chincha Alta,Chincha,Ica,110201,-13.424388,-76.130600,exact,web,https://www.tiendasmass.com.pe/ubicame/,verified,Solo en la lista oficial (coordenadas oficiales),2026-10-01
web-mass-cl-alva-maurtua,mass,Mass Cl. Alva Maurtua,Cl. Alva Maurtua (Frente A Plz. Cruz Blanca) - Chincha Alta,Chincha Alta,Chincha,Ica,110201,-13.428551,-76.120012,exact,web,https://www.tiendasmass.com.pe/ubicame/,verified,Solo en la lista oficial (coordenadas oficiales),2026-10-01
web-mass-cl-gerardo-sotelo,mass,Mass Cl. Gerardo Sotelo,Cl. Gerardo Sotelo (A Media Cdra. De Av. Arenales),Chincha Alta,Chincha,Ica,110201,-13.411826,-76.126267,exact,web,https://www.tiendasmass.com.pe/ubicame/,verified,Solo en la lista oficial (coordenadas oficiales),2026-10-01
web-mass-cl-santo-domingo-248-256,mass,Mass Cl. Santo Domingo 248 - 256,Cl. Santo Domingo 248 - 256,Chincha Alta,Chincha,Ica,110201,-13.418543,-76.130777,exact,web,https://www.tiendasmass.com.pe/ubicame/,verified,"Solo en la lista oficial (coordenadas oficiales); distrito según la lista oficial: Chincha",2026-10-01
web-mass-ctra-panamericana-sur-km-200,mass,Mass Ctra. Panamericana Sur KM 200,Ctra. Panamericana Sur KM 200 (Cruce Con Psje. Relay),Chincha Alta,Chincha,Ica,110201,-13.430112,-76.134026,exact,web,https://www.tiendasmass.com.pe/ubicame/,verified,Solo en la lista oficial (coordenadas oficiales),2026-10-01
web-mass-av-28-de-julio,mass,Mass Av. 28 De Julio,Av. 28 De Julio (A Media Cdra. De Cl. Miguel Grau),Grocio Prado,Chincha,Ica,110206,-13.408930,-76.160030,exact,web,https://www.tiendasmass.com.pe/ubicame/,verified,"Solo en la lista oficial (coordenadas oficiales); distrito según la lista oficial: Chincha Alta",2026-10-01
web-mass-av-28-de-julio-140,mass,Mass Av. 28 De Julio 140,Av. 28 De Julio 140,Grocio Prado,Chincha,Ica,110206,-13.398597,-76.155749,exact,web,https://www.tiendasmass.com.pe/ubicame/,verified,Solo en la lista oficial (coordenadas oficiales),2026-10-01
web-mass-c-c-megaplaza-chincha-local-l-01,mass,Mass C.C. Megaplaza Chincha Local L-01,C.C. Megaplaza Chincha Local L-01,Grocio Prado,Chincha,Ica,110206,-13.413640,-76.149039,exact,web,https://www.tiendasmass.com.pe/ubicame/,verified,"Solo en la lista oficial (coordenadas oficiales); distrito según la lista oficial: Chincha Alta",2026-10-01
web-mass-av-13-octubre-619,mass,Mass Av. 13 Octubre 619,Av. 13 Octubre 619,Pueblo Nuevo,Chincha,Ica,110207,-13.402580,-76.130810,exact,web,https://www.tiendasmass.com.pe/ubicame/,verified,"Solo en la lista oficial (coordenadas oficiales); distrito según la lista oficial: Chincha - Pueblo Nuevo",2026-10-01
web-mass-av-artemio-molina-701,mass,Mass Av. Artemio Molina 701,Av. Artemio Molina 701,Pueblo Nuevo,Chincha,Ica,110207,-13.404557,-76.125086,exact,web,https://www.tiendasmass.com.pe/ubicame/,verified,"Solo en la lista oficial (coordenadas oficiales); distrito según la lista oficial: Chincha - Pueblo Nuevo",2026-10-01
web-mass-av-cuzco,mass,Mass Av. Cuzco,Av. Cuzco (Cerca A Pje. Miguel Ortiz),Pueblo Nuevo,Chincha,Ica,110207,-13.399008,-76.121821,exact,web,https://www.tiendasmass.com.pe/ubicame/,verified,"Solo en la lista oficial (coordenadas oficiales); distrito según la lista oficial: Chincha - Pueblo Nuevo",2026-10-01
web-mass-av-union-771,mass,Mass Av. Unión 771,Av. Unión 771,Pueblo Nuevo,Chincha,Ica,110207,-13.403830,-76.138220,exact,web,https://www.tiendasmass.com.pe/ubicame/,verified,"Solo en la lista oficial (coordenadas oficiales); distrito según la lista oficial: Chincha",2026-10-01
web-mass-jr-alfonso-ugarte-999,mass,Mass Jr. Alfonso Ugarte 999,Jr. Alfonso Ugarte 999,Pueblo Nuevo,Chincha,Ica,110207,-13.396890,-76.137220,exact,web,https://www.tiendasmass.com.pe/ubicame/,verified,"Solo en la lista oficial (coordenadas oficiales); distrito según la lista oficial: Chincha - Pueblo Nuevo",2026-10-01
web-mass-jr-sebastian-barranca,mass,Mass Jr. Sebastián Barranca,Jr. Sebastián Barranca (A Una Cdra. De Plz. El Salvador),Pueblo Nuevo,Chincha,Ica,110207,-13.396762,-76.142946,exact,web,https://www.tiendasmass.com.pe/ubicame/,verified,Solo en la lista oficial (coordenadas oficiales),2026-10-01
web-mass-jr-sebastian-barranca-cruce-con-cl-15,mass,Mass Jr. Sebastián Barranca Cruce Con Cl. 15,Jr. Sebastián Barranca Cruce Con Cl. 15,Pueblo Nuevo,Chincha,Ica,110207,-13.393861,-76.145735,exact,web,https://www.tiendasmass.com.pe/ubicame/,verified,"Solo en la lista oficial (coordenadas oficiales); distrito según la lista oficial: Pueblo Nuevo - Chincha",2026-10-01
web-mass-av-indelfonso-324,mass,Mass Av. Indelfonso 324,Av. Indelfonso 324,Sunampe,Chincha,Ica,110210,-13.423858,-76.135619,exact,web,https://www.tiendasmass.com.pe/ubicame/,verified,"Solo en la lista oficial (coordenadas oficiales); distrito según la lista oficial: Chincha Alta",2026-10-01
web-mass-av-paraiso-169,mass,Mass Av. Paraíso 169,Av. Paraíso 169,Sunampe,Chincha,Ica,110210,-13.421806,-76.170829,exact,web,https://www.tiendasmass.com.pe/ubicame/,verified,"Solo en la lista oficial (coordenadas oficiales); distrito según la lista oficial: Chincha - Sunampe",2026-10-01
web-mass-ctra-de-sunampe,mass,Mass Ctra. De Sunampe,Ctra. De Sunampe (Al Lado De Hospedaje Salón Nicolasa) - Sunampe,Sunampe,Chincha,Ica,110210,-13.427069,-76.163313,exact,web,https://www.tiendasmass.com.pe/ubicame/,verified,"Solo en la lista oficial (coordenadas oficiales); distrito según la lista oficial: Chincha",2026-10-01
web-mass-av-arnaldo-alvarado,mass,Mass Av. Arnaldo Alvarado,Av. Arnaldo Alvarado (Al Lado Del Rest. D\'Fabricios),Tambo de Mora,Chincha,Ica,110211,-13.459420,-76.174780,exact,web,https://www.tiendasmass.com.pe/ubicame/,verified,"Solo en la lista oficial (coordenadas oficiales); distrito según la lista oficial: Chincha Baja",2026-10-01
web-mass-antigua-panamericana-sur,mass,Mass Antigua Panamericana Sur,Antigua Panamericana Sur (Al Lado Del Grifo Pecsa),Ica,Ica,Ica,110101,-14.056197,-75.745323,exact,web,https://www.tiendasmass.com.pe/ubicame/,verified,"Solo en la lista oficial (coordenadas oficiales); distrito según la lista oficial: San Joaquín",2026-10-01
osm-w1073693361,mass,Mass Av. Arenales 127,Av. Arenales 127,Ica,Ica,Ica,110101,-14.059450,-75.736909,exact,osm,w1073693361,verified,También en la lista oficial,2026-10-01
web-mass-av-ayabaca,mass,Mass Av. Ayabaca,Av. Ayabaca (A Una Cdra. De La Asociación Sol Radiante Tierra Prometida),Ica,Ica,Ica,110101,-14.076575,-75.781538,exact,web,https://www.tiendasmass.com.pe/ubicame/,verified,Solo en la lista oficial (coordenadas oficiales),2026-10-01
web-mass-av-cutervo,mass,Mass Av. Cutervo,Av. Cutervo (Cruce Con Cl. Jacintos),Ica,Ica,Ica,110101,-14.072802,-75.730020,exact,web,https://www.tiendasmass.com.pe/ubicame/,verified,Solo en la lista oficial (coordenadas oficiales),2026-10-01
web-mass-av-industrial-2,mass,Mass Av. Industrial,Av. Industrial (Frente A La Pollería Las Arenas),Ica,Ica,Ica,110101,-14.046150,-75.746410,exact,web,https://www.tiendasmass.com.pe/ubicame/,verified,Solo en la lista oficial (coordenadas oficiales),2026-10-01
web-mass-av-jose-maria-euguren-443-urb-san-joaquin,mass,Mass Av. Jose María Euguren 443 - Urb. San Joaquín,Av. Jose María Euguren 443 - Urb. San Joaquín,Ica,Ica,Ica,110101,-14.060584,-75.750995,exact,web,https://www.tiendasmass.com.pe/ubicame/,verified,"Solo en la lista oficial (coordenadas oficiales); distrito según la lista oficial: San Joaquín",2026-10-01
web-mass-av-la-angostura,mass,Mass Av. La Angostura,Av. La Angostura (A Una Cdra. Del Cruce De La Panamericana Sur),Ica,Ica,Ica,110101,-14.047398,-75.750033,exact,web,https://www.tiendasmass.com.pe/ubicame/,verified,Solo en la lista oficial (coordenadas oficiales),2026-10-01
web-mass-av-luis-geronimo-de-cabrera-440,mass,Mass Av. Luis Gerónimo De Cabrera 440,Av. Luis Gerónimo De Cabrera 440,Ica,Ica,Ica,110101,-14.074204,-75.723636,exact,web,https://www.tiendasmass.com.pe/ubicame/,verified,Solo en la lista oficial (coordenadas oficiales),2026-10-01
web-mass-av-matias-manzanilla,mass,Mass Av. Matías Manzanilla,Av. Matías Manzanilla (A Una Cdra. Del óvalo José Picasso Peralta),Ica,Ica,Ica,110101,-14.066251,-75.741348,exact,web,https://www.tiendasmass.com.pe/ubicame/,verified,Solo en la lista oficial (coordenadas oficiales),2026-10-01
web-mass-av-san-martin-1611,mass,Mass Av. San Martín 1611,Av. San Martín 1611,Ica,Ica,Ica,110101,-14.079690,-75.726200,exact,web,https://www.tiendasmass.com.pe/ubicame/,verified,Solo en la lista oficial (coordenadas oficiales),2026-10-01
web-mass-ayabaca-304,mass,Mass Ayabaca 304,Ayabaca 304,Ica,Ica,Ica,110101,-14.073791,-75.748220,exact,web,https://www.tiendasmass.com.pe/ubicame/,verified,Solo en la lista oficial (coordenadas oficiales),2026-10-01
web-mass-calle-santa-magdalena,mass,Mass Calle Santa Magdalena,Calle Santa Magdalena (Al Frente De Tejas Rosalía),Ica,Ica,Ica,110101,-14.056507,-75.733774,exact,web,https://www.tiendasmass.com.pe/ubicame/,verified,Solo en la lista oficial (coordenadas oficiales),2026-10-01
web-mass-cam-a-cachiche,mass,Mass Cam. A Cachiche,Cam. A Cachiche (Cerca A Plazuela Principal De Cachiche),Ica,Ica,Ica,110101,-14.093950,-75.736300,exact,web,https://www.tiendasmass.com.pe/ubicame/,verified,Solo en la lista oficial (coordenadas oficiales),2026-10-01
web-mass-camino-a-huacachina,mass,Mass Camino A Huacachina,Camino A Huacachina (Frente De Pque. De Ingreso A Sol De Huacachina),Ica,Ica,Ica,110101,-14.079013,-75.746042,exact,web,https://www.tiendasmass.com.pe/ubicame/,verified,Solo en la lista oficial (coordenadas oficiales),2026-10-01
web-mass-camino-real-del-cachiche,mass,Mass Camino Real Del Cachiche,Camino Real Del Cachiche (A Una Cdra. Del Pque. El Bosque),Ica,Ica,Ica,110101,-14.082240,-75.737891,exact,web,https://www.tiendasmass.com.pe/ubicame/,verified,Solo en la lista oficial (coordenadas oficiales),2026-10-01
web-mass-cl-4,mass,Mass Cl. 4,Cl. 4 (Cerca De Juan Velasco),Ica,Ica,Ica,110101,-14.042452,-75.741185,exact,web,https://www.tiendasmass.com.pe/ubicame/,verified,"Solo en la lista oficial (coordenadas oficiales); distrito según la lista oficial: Subtanjalla",2026-10-01
web-mass-cl-bolivar-640,mass,Mass Cl. Bolivar 640,Cl. Bolivar 640,Ica,Ica,Ica,110101,-14.068578,-75.728047,exact,web,https://www.tiendasmass.com.pe/ubicame/,verified,Solo en la lista oficial (coordenadas oficiales),2026-10-01
web-mass-cl-la-mar-271-275,mass,Mass Cl. La Mar 271 - 275,Cl. La Mar 271 - 275 (A Media Cdra. De Cl. 2 De Mayo),Ica,Ica,Ica,110101,-14.064333,-75.726028,exact,web,https://www.tiendasmass.com.pe/ubicame/,verified,Solo en la lista oficial (coordenadas oficiales),2026-10-01
web-mass-cl-tacna-201,mass,Mass Cl. Tacna 201,Cl. Tacna 201,Ica,Ica,Ica,110101,-14.062549,-75.729909,exact,web,https://www.tiendasmass.com.pe/ubicame/,verified,Solo en la lista oficial (coordenadas oficiales),2026-10-01
web-mass-puente-blanco-vii,mass,Mass Puente Blanco VII,Puente Blanco VII (Cruce De Av. Cutervo Con Av. Huacachina),Ica,Ica,Ica,110101,-14.076730,-75.743730,exact,web,https://www.tiendasmass.com.pe/ubicame/,verified,Solo en la lista oficial (coordenadas oficiales),2026-10-01
web-mass-tranquera-primera,mass,Mass Tranquera Primera,Tranquera Primera (Cerca A Cl. Los Zungaros),Ica,Ica,Ica,110101,-14.099735,-75.722804,exact,web,https://www.tiendasmass.com.pe/ubicame/,verified,Solo en la lista oficial (coordenadas oficiales),2026-10-01
web-mass-av-victorio-gotuzzo-209,mass,Mass Av. Victorio Gotuzzo 209,Av. Victorio Gotuzzo 209,La Tinguiña,Ica,Ica,110102,-14.038583,-75.711071,exact,web,https://www.tiendasmass.com.pe/ubicame/,verified,Solo en la lista oficial (coordenadas oficiales),2026-10-01
web-mass-cl-panama-a-l-1001,mass,Mass Cl. Panamá A/L 1001,Cl. Panamá A/L 1001 (Frente Al Mcdo. Mi Perú),La Tinguiña,Ica,Ica,110102,-14.031459,-75.701261,exact,web,https://www.tiendasmass.com.pe/ubicame/,verified,Solo en la lista oficial (coordenadas oficiales),2026-10-01
web-mass-av-evitamiento,mass,Mass Av. Evitamiento,Av. Evitamiento (Frente A La Municipaiidad),Los Aquijes,Ica,Ica,110103,-14.096332,-75.690451,exact,web,https://www.tiendasmass.com.pe/ubicame/,verified,Solo en la lista oficial (coordenadas oficiales),2026-10-01
web-mass-cl-sebastian-barranca,mass,Mass Cl. Sebastián Barranca,Cl. Sebastián Barranca (Cruce Con Carr. Los Aquijes),Los Aquijes,Ica,Ica,110103,-14.096998,-75.702522,exact,web,https://www.tiendasmass.com.pe/ubicame/,verified,Solo en la lista oficial (coordenadas oficiales),2026-10-01
web-mass-av-inca-garcilazo-de-la-vega,mass,Mass Av. Inca Garcilazo De La Vega,Av. Inca Garcilazo De La Vega (en La Plz. De Armas De Pachacutec),Pachacútec,Ica,Ica,110105,-14.151991,-75.692275,exact,web,https://www.tiendasmass.com.pe/ubicame/,verified,Solo en la lista oficial (coordenadas oficiales),2026-10-01
web-mass-av-pachacutec-yupanqui-530,mass,Mass Av. Pachacutec Yupanqui 530,Av. Pachacutec Yupanqui 530,Parcona,Ica,Ica,110106,-14.048288,-75.705317,exact,web,https://www.tiendasmass.com.pe/ubicame/,verified,"Solo en la lista oficial (coordenadas oficiales); distrito según la lista oficial: Ica",2026-10-01
web-mass-av-ricardo-palma,mass,Mass Av. Ricardo Palma,Av. Ricardo Palma (Frente A Plz. Miguel Grau),Parcona,Ica,Ica,110106,-14.047189,-75.698420,exact,web,https://www.tiendasmass.com.pe/ubicame/,verified,Solo en la lista oficial (coordenadas oficiales),2026-10-01
web-mass-av-victor-manuel-bernales-299,mass,Mass Av. Víctor Manuel Bernales 299,Av. Víctor Manuel Bernales 299,Parcona,Ica,Ica,110106,-14.055960,-75.723979,exact,web,https://www.tiendasmass.com.pe/ubicame/,verified,"Solo en la lista oficial (coordenadas oficiales); distrito según la lista oficial: La Tinguiña",2026-10-01
web-mass-calle-sinchi-roca,mass,Mass Calle Sinchi Roca,Calle Sinchi Roca (Frente A La Comisaría De Yaurilla),Parcona,Ica,Ica,110106,-14.067729,-75.683172,exact,web,https://www.tiendasmass.com.pe/ubicame/,verified,"Solo en la lista oficial (coordenadas oficiales); distrito según la lista oficial: Los Aquijes",2026-10-01
web-mass-cl-cuzco,mass,Mass Cl. Cuzco,Cl. Cuzco (Cruce Con Cl. Los Huarangos),Parcona,Ica,Ica,110106,-14.052653,-75.694880,exact,web,https://www.tiendasmass.com.pe/ubicame/,verified,Solo en la lista oficial (coordenadas oficiales),2026-10-01
web-mass-centro-poblado-el-rosario,mass,Mass Centro Poblado El Rosario,Centro Poblado El Rosario (Cruce Con Av. Evitamiento),Pueblo Nuevo,Ica,Ica,110107,-14.115917,-75.675028,exact,web,https://www.tiendasmass.com.pe/ubicame/,verified,"Solo en la lista oficial (coordenadas oficiales); distrito según la lista oficial: Los Aquijes",2026-10-01
web-mass-calle-los-eucaliptos,mass,Mass Calle Los Eucaliptos,Calle Los Eucaliptos (A Una Cdra. De Barbería V&W),Salas,Ica,Ica,110108,-13.971788,-75.778125,exact,web,https://www.tiendasmass.com.pe/ubicame/,verified,Solo en la lista oficial (coordenadas oficiales),2026-10-01
web-mass-ctra-panamericana-sur,mass,Mass Ctra. Panamericana Sur,Ctra. Panamericana Sur (Cruce Con Calle 29 De Abril),Salas,Ica,Ica,110108,-13.987220,-75.772430,exact,web,https://www.tiendasmass.com.pe/ubicame/,verified,Solo en la lista oficial (coordenadas oficiales),2026-10-01
web-mass-h-u-sta-monica,mass,Mass H.U. Sta. Mónica,H.U. Sta. Mónica (Frente A La Tienda De Pizzas Y Cremoladas) - Barrio Chino,Salas,Ica,Ica,110108,-13.929135,-75.922383,exact,web,https://www.tiendasmass.com.pe/ubicame/,verified,Solo en la lista oficial (coordenadas oficiales),2026-10-01
web-mass-av-jorge-chavez,mass,Mass Av. Jorge Chávez,Av. Jorge Chávez (A Una Casas De La Ferretería Vulcano),San Juan Bautista,Ica,Ica,110110,-14.031623,-75.735055,exact,web,https://www.tiendasmass.com.pe/ubicame/,verified,"Solo en la lista oficial (coordenadas oficiales); distrito según la lista oficial: Subtanjalla",2026-10-01
web-mass-av-panamericana-sur-2,mass,Mass Av. Panamericana Sur,Av. Panamericana Sur (Al Lado De Mavisur),Santiago,Ica,Ica,110111,-14.291111,-75.678684,exact,web,https://www.tiendasmass.com.pe/ubicame/,verified,Solo en la lista oficial (coordenadas oficiales),2026-10-01
web-mass-ctra-panamericana-sur-2,mass,Mass Ctra. Panamericana Sur,Ctra. Panamericana Sur (Cruce Con Paradero Casablanca),Santiago,Ica,Ica,110111,-14.203932,-75.714547,exact,web,https://www.tiendasmass.com.pe/ubicame/,verified,Solo en la lista oficial (coordenadas oficiales),2026-10-01
web-mass-urb-sebastian-barranca,mass,Mass Urb. Sebastián Barranca,Urb. Sebastián Barranca (Frente A La Iglesia Cristiana Pentecostés/ A 3 Cdras. De La Ctra. Panamericana Sur),Santiago,Ica,Ica,110111,-14.187596,-75.711811,exact,web,https://www.tiendasmass.com.pe/ubicame/,verified,Solo en la lista oficial (coordenadas oficiales),2026-10-01
web-mass-av-miami-beach,mass,Mass Av. Miami Beach,Av. Miami Beach (Cerca De Cl. Camino Real),Subtanjalla,Ica,Ica,110112,-14.043329,-75.755499,exact,web,https://www.tiendasmass.com.pe/ubicame/,verified,Solo en la lista oficial (coordenadas oficiales),2026-10-01
web-mass-cl-amazonas,mass,Mass Cl. Amazonas,Cl. Amazonas (Cerca De Cl. 28 De Julio),Subtanjalla,Ica,Ica,110112,-14.018672,-75.757148,exact,web,https://www.tiendasmass.com.pe/ubicame/,verified,Solo en la lista oficial (coordenadas oficiales),2026-10-01
web-mass-cl-virgen-del-rosario-de-yauca,mass,Mass Cl. Virgen Del Rosario De Yauca,Cl. Virgen Del Rosario De Yauca (A Dos Cdras. De Ctra. Panamericana Sur) - Pblo. Joven La Angostura,Subtanjalla,Ica,Ica,110112,-14.040318,-75.751375,exact,web,https://www.tiendasmass.com.pe/ubicame/,verified,Solo en la lista oficial (coordenadas oficiales),2026-10-01
web-mass-pje-tupac-amaru,mass,Mass Pje. Túpac Amaru,Pje. Túpac Amaru (Cerca De Sebastián Barranca),Subtanjalla,Ica,Ica,110112,-14.022440,-75.752508,exact,web,https://www.tiendasmass.com.pe/ubicame/,verified,Solo en la lista oficial (coordenadas oficiales),2026-10-01
web-mass-carretera-de-tate,mass,Mass Carretera De Tate,Carretera De Tate (A Media Cdra. De La Municipalidad De Tate),Tate,Ica,Ica,110113,-14.155647,-75.706874,exact,web,https://www.tiendasmass.com.pe/ubicame/,verified,Solo en la lista oficial (coordenadas oficiales),2026-10-01
web-mass-av-los-incas-212,mass,Mass Av. Los Incas 212,Av. Los Incas 212,Nasca,Nasca,Ica,110301,-14.827600,-74.946140,exact,web,https://www.tiendasmass.com.pe/ubicame/,verified,Solo en la lista oficial (coordenadas oficiales),2026-10-01
web-mass-av-los-paredones-301-a,mass,Mass Av. Los Paredones 301 - A,Av. Los Paredones 301 - A (Cerca De Av. Zarumilla),Nasca,Nasca,Ica,110301,-14.832582,-74.936456,exact,web,https://www.tiendasmass.com.pe/ubicame/,verified,"Solo en la lista oficial (coordenadas oficiales); distrito según la lista oficial: San Carlos Alto",2026-10-01
osm-n12445674702,mass,Mass Cl. Tacna 354,Cl. Tacna 354,Nasca,Nasca,Ica,110301,-14.827282,-74.936540,exact,osm,n12445674702,verified,También en la lista oficial,2026-10-01
osm-n12453618401,mass,Mass Jr. Callao 550,Jr. Callao 550,Nasca,Nasca,Ica,110301,-14.827563,-74.940196,exact,osm,n12453618401,verified,También en la lista oficial,2026-10-01
web-mass-urb-vista-alegre,mass,Mass Urb. Vista Alegre,Urb. Vista Alegre (A Una Cdra. Del Mcdo. Vista Alegre),Vista Alegre,Nasca,Ica,110305,-14.845539,-74.946546,exact,web,https://www.tiendasmass.com.pe/ubicame/,verified,"Solo en la lista oficial (coordenadas oficiales); distrito según la lista oficial: Nasca - Vista Alegre",2026-10-01
osm-w1395078753,mass,Mass Calle José Tijero,Calle José Tijero (Frente A La Plz. De Armas De Palpa),Palpa,Palpa,Ica,110401,-14.533763,-75.184668,exact,osm,w1395078753,verified,También en la lista oficial,2026-10-01
web-mass-av-federico-uranga,mass,Mass Av. Federico Uranga,Av. Federico Uranga (Cerca De Av. Víctor Haya Dela Torre),Independencia,Pisco,Ica,110504,-13.693608,-76.027220,exact,web,https://www.tiendasmass.com.pe/ubicame/,verified,Solo en la lista oficial (coordenadas oficiales),2026-10-01
web-mass-boulevar-de-paracas,mass,Mass Boulevar De Paracas,Boulevar De Paracas (Al Lado Del Hotel El Viajero KokoPelli),Paracas,Pisco,Ica,110505,-13.834367,-76.250139,exact,web,https://www.tiendasmass.com.pe/ubicame/,verified,Solo en la lista oficial (coordenadas oficiales),2026-10-01
web-mass-av-abraham-valdelomar,mass,Mass Av. Abraham Valdelomar,Av. Abraham Valdelomar (Cruce Con Av. Las Amércias) - Residencial Paracas,Pisco,Pisco,Ica,110501,-13.718069,-76.207490,exact,web,https://www.tiendasmass.com.pe/ubicame/,verified,"Solo en la lista oficial (coordenadas oficiales); distrito según la lista oficial: San Andrés",2026-10-01
web-mass-av-jose-de-san-martin-732,mass,Mass Av. José De San Martín 732,Av. José De San Martín 732,Pisco,Pisco,Ica,110501,-13.709675,-76.210952,exact,web,https://www.tiendasmass.com.pe/ubicame/,verified,Solo en la lista oficial (coordenadas oficiales),2026-10-01
web-mass-av-las-americas,mass,Mass Av. Las Américas,Av. Las Américas (A Dos Cdras. De UNO),Pisco,Pisco,Ica,110501,-13.717412,-76.201863,exact,web,https://www.tiendasmass.com.pe/ubicame/,verified,Solo en la lista oficial (coordenadas oficiales),2026-10-01
web-mass-av-las-americas-2,mass,Mass Av. Las Américas,Av. Las Américas (A Una Cdra. Y Media De Sunat),Pisco,Pisco,Ica,110501,-13.716637,-76.210963,exact,web,https://www.tiendasmass.com.pe/ubicame/,verified,Solo en la lista oficial (coordenadas oficiales),2026-10-01
web-mass-calle-4-de-julio-175,mass,Mass Calle 4 De Julio 175,Calle 4 De Julio 175,Pisco,Pisco,Ica,110501,-13.712750,-76.204500,exact,web,https://www.tiendasmass.com.pe/ubicame/,verified,Solo en la lista oficial (coordenadas oficiales),2026-10-01
web-mass-calle-san-juan-de-dios-410,mass,Mass Calle San Juan De Dios 410,Calle San Juan De Dios 410,Pisco,Pisco,Ica,110501,-13.706860,-76.202280,exact,web,https://www.tiendasmass.com.pe/ubicame/,verified,Solo en la lista oficial (coordenadas oficiales),2026-10-01
web-mass-centro-urb-de-pisco,mass,Mass Centro Urb. De Pisco,Centro Urb. De Pisco (A Media Cdra. De La Plz. De Armas),Pisco,Pisco,Ica,110501,-13.709720,-76.204037,exact,web,https://www.tiendasmass.com.pe/ubicame/,verified,Solo en la lista oficial (coordenadas oficiales),2026-10-01
web-mass-cl-8-de-setiembre,mass,Mass Cl. 8 De Setiembre,Cl. 8 De Setiembre (Cerca De Av. 3) - Hab. Urb. El Molino,Pisco,Pisco,Ica,110501,-13.708306,-76.184748,exact,web,https://www.tiendasmass.com.pe/ubicame/,verified,Solo en la lista oficial (coordenadas oficiales),2026-10-01
web-mass-cl-demetrio-miranda,mass,Mass Cl. Demetrio Miranda,Cl. Demetrio Miranda (Cerca De Av. Las Américas),Pisco,Pisco,Ica,110501,-13.715459,-76.219586,exact,web,https://www.tiendasmass.com.pe/ubicame/,verified,Solo en la lista oficial (coordenadas oficiales),2026-10-01
web-mass-cl-san-martin-de-porras,mass,Mass Cl. San Martín De Porras,Cl. San Martín De Porras (Cerca De Plz. De Armas San Miguel),Pisco,Pisco,Ica,110501,-13.702289,-76.154337,exact,web,https://www.tiendasmass.com.pe/ubicame/,verified,Solo en la lista oficial (coordenadas oficiales),2026-10-01
web-mass-pj-los-lirios-115,mass,Mass Pj. Los Lirios 115,Pj. Los Lirios 115,Pisco,Pisco,Ica,110501,-13.714040,-76.207190,exact,web,https://www.tiendasmass.com.pe/ubicame/,verified,Solo en la lista oficial (coordenadas oficiales),2026-10-01
web-mass-av-genaro-medrano-800,mass,Mass Av. Genaro Medrano 800,Av. Genaro Medrano 800,San Andrés,Pisco,Ica,110506,-13.733494,-76.224226,exact,web,https://www.tiendasmass.com.pe/ubicame/,verified,"Solo en la lista oficial (coordenadas oficiales); distrito según la lista oficial: Pisco",2026-10-01
web-mass-cl-independencia-180,mass,Mass Cl. Independencia 180,Cl. Independencia 180,San Andrés,Pisco,Ica,110506,-13.731400,-76.222610,exact,web,https://www.tiendasmass.com.pe/ubicame/,verified,"Solo en la lista oficial (coordenadas oficiales); distrito según la lista oficial: Pisco - San Andrés",2026-10-01
web-mass-ctra-panamericana-sur-3,mass,Mass Ctra. Panamericana Sur,Ctra. Panamericana Sur (Frente A La Plaza Zona A Santa Cruz),San Andrés,Pisco,Ica,110506,-13.831507,-76.140014,approx,web,https://www.tiendasmass.com.pe/ubicame/,to_verify,"Solo en la lista oficial (coordenadas oficiales); las coordenadas oficiales caen a 110.4 km del distrito indicado (Santa Cruz); distrito según la lista oficial: Santa Cruz",2026-10-01
web-mass-av-los-libertadores-625,mass,Mass Av. Los Libertadores 625,Av. Los Libertadores 625,San Clemente,Pisco,Ica,110507,-13.681724,-76.156123,exact,web,https://www.tiendasmass.com.pe/ubicame/,verified,Solo en la lista oficial (coordenadas oficiales),2026-10-01
web-mass-av-los-libertadores-917,mass,Mass Av. Los Libertadores 917,Av. Los Libertadores 917,San Clemente,Pisco,Ica,110507,-13.680670,-76.153296,exact,web,https://www.tiendasmass.com.pe/ubicame/,verified,"Solo en la lista oficial (coordenadas oficiales); distrito según la lista oficial: Pisco - San Clemente",2026-10-01
web-mass-av-panamericana-sur,mass,Mass Av. Panamericana Sur,Av. Panamericana Sur (A Una Cdra. Del Pque. De La Amistad) - - Pisco,San Clemente,Pisco,Ica,110507,-13.671903,-76.155917,exact,web,https://www.tiendasmass.com.pe/ubicame/,verified,Solo en la lista oficial (coordenadas oficiales),2026-10-01
web-mass-cl-aviacion,mass,Mass Cl. Aviación,Cl. Aviación (Al Costado De La Municipalidad De San Clemente),San Clemente,Pisco,Ica,110507,-13.680230,-76.156920,exact,web,https://www.tiendasmass.com.pe/ubicame/,verified,"Solo en la lista oficial (coordenadas oficiales); distrito según la lista oficial: Pisco - San Clemente",2026-10-01
web-mass-av-fermin-tanguis,mass,Mass Av. Fermín Tanguis,Av. Fermín Tanguis (Cruce Con Cl. Chinchaysuyo),Túpac Amaru Inca,Pisco,Ica,110508,-13.713184,-76.151788,exact,web,https://www.tiendasmass.com.pe/ubicame/,verified,"Solo en la lista oficial (coordenadas oficiales); distrito según la lista oficial: Pisco",2026-10-01
web-mass-urb-programa-de-vivienda-17-de-abril,mass,Mass Urb. Programa De Vivienda 17 De Abril,Urb. Programa De Vivienda 17 De Abril (Frente Al Pqe. Portada Del Sol),Túpac Amaru Inca,Pisco,Ica,110508,-13.710475,-76.144012,exact,web,https://www.tiendasmass.com.pe/ubicame/,verified,"Solo en la lista oficial (coordenadas oficiales); distrito según la lista oficial: Túpac Amaru",2026-10-01
web-mass-av-alonso-mercadillo-121,mass,Mass Av. Alonso Mercadillo 121,Av. Alonso Mercadillo 121,Chupaca,Chupaca,Junín,120901,-12.062860,-75.285160,exact,web,https://www.tiendasmass.com.pe/ubicame/,verified,Solo en la lista oficial (coordenadas oficiales),2026-10-01
web-mass-jr-petrona-apolaya,mass,Mass Jr. Petrona Apolaya,Jr. Petrona Apolaya (Cerca De Cl. Alfonso Mercadillo),Chupaca,Chupaca,Junín,120901,-12.063580,-75.289100,exact,web,https://www.tiendasmass.com.pe/ubicame/,verified,Solo en la lista oficial (coordenadas oficiales),2026-10-01
web-mass-av-28-de-julio-cdra-22,mass,Mass Av. 28 De Julio Cdra. 22,Av. 28 De Julio Cdra. 22 (Cerca A Jr. Maria Parado De Bellido),Huamancaca Chico,Chupaca,Junín,120905,-12.081777,-75.242263,exact,web,https://www.tiendasmass.com.pe/ubicame/,verified,"Solo en la lista oficial (coordenadas oficiales); distrito según la lista oficial: Huamancaca Chico - Chupaca",2026-10-01
web-mass-av-ctra-central-1550,mass,Mass Av. Ctra. Central 1550,Av. Ctra. Central 1550,Concepción,Concepción,Junín,120201,-11.921816,-75.319695,exact,web,https://www.tiendasmass.com.pe/ubicame/,verified,Solo en la lista oficial (coordenadas oficiales),2026-10-01
web-mass-jr-09-de-julio-894,mass,Mass Jr. 09 De Julio 894,Jr. 09 De Julio 894,Concepción,Concepción,Junín,120201,-11.919380,-75.312950,exact,web,https://www.tiendasmass.com.pe/ubicame/,verified,Solo en la lista oficial (coordenadas oficiales),2026-10-01
web-mass-av-9-de-diciembre-926,mass,Mass Av. 9 De Diciembre 926,Av. 9 De Diciembre 926 (Cerca A Cl. Chavín),Chilca,Huancayo,Junín,120107,-12.086794,-75.209647,exact,web,https://www.tiendasmass.com.pe/ubicame/,verified,Solo en la lista oficial (coordenadas oficiales),2026-10-01
web-mass-av-los-incas-287,mass,Mass Av. Los Incas 287,Av. Los Incas 287,Chilca,Huancayo,Junín,120107,-12.083730,-75.217550,exact,web,https://www.tiendasmass.com.pe/ubicame/,verified,"Solo en la lista oficial (coordenadas oficiales); distrito según la lista oficial: Huancayo",2026-10-01
web-mass-av-proceres,mass,Mass Av. Próceres,Av. Próceres (Cerca A Pje. Santos Atahualpa),Chilca,Huancayo,Junín,120107,-12.090473,-75.210747,exact,web,https://www.tiendasmass.com.pe/ubicame/,verified,"Solo en la lista oficial (coordenadas oficiales); distrito según la lista oficial: Huancayo - Chilca",2026-10-01
web-mass-av-proceres-1037,mass,Mass Av. Próceres 1037,Av. Próceres 1037,Chilca,Huancayo,Junín,120107,-12.088370,-75.203100,exact,web,https://www.tiendasmass.com.pe/ubicame/,verified,"Solo en la lista oficial (coordenadas oficiales); distrito según la lista oficial: Huancayo",2026-10-01
web-mass-av-proceres-601,mass,Mass Av. Próceres 601,Av. Próceres 601,Chilca,Huancayo,Junín,120107,-12.085650,-75.198620,exact,web,https://www.tiendasmass.com.pe/ubicame/,verified,"Solo en la lista oficial (coordenadas oficiales); distrito según la lista oficial: Huancayo - Chilca",2026-10-01
web-mass-jr-ricardo-palma-850,mass,Mass Jr. Ricardo Palma 850,Jr. Ricardo Palma 850,Chilca,Huancayo,Junín,120107,-12.081290,-75.203889,exact,web,https://www.tiendasmass.com.pe/ubicame/,verified,"Solo en la lista oficial (coordenadas oficiales); distrito según la lista oficial: Huancayo - Chilca",2026-10-01
web-mass-av-circunvalacion-s-n,mass,Mass Av. Circunvalación S/N,Av. Circunvalación S/N (Cruce Con Jr. Nazca),El Tambo,Huancayo,Junín,120114,-12.022961,-75.232899,exact,web,https://www.tiendasmass.com.pe/ubicame/,verified,"Solo en la lista oficial (coordenadas oficiales); distrito según la lista oficial: Huancayo - El Tambo",2026-10-01
web-mass-av-evitamiento-norte-cdra-6,mass,Mass Av. Evitamiento Norte Cdra. 6,Av. Evitamiento Norte Cdra. 6 (Cerca A Cl. Violetas),El Tambo,Huancayo,Junín,120114,-12.047275,-75.231874,exact,web,https://www.tiendasmass.com.pe/ubicame/,verified,"Solo en la lista oficial (coordenadas oficiales); distrito según la lista oficial: Huancayo - El Tambo",2026-10-01
web-mass-av-ferrocarril,mass,Mass Av. Ferrocarril,Av. Ferrocarril (Cerca De Av. Progreso),El Tambo,Huancayo,Junín,120114,-12.044885,-75.218142,exact,web,https://www.tiendasmass.com.pe/ubicame/,verified,"Solo en la lista oficial (coordenadas oficiales); distrito según la lista oficial: Huancayo - El Tambo",2026-10-01
web-mass-av-julio-sumar-320,mass,Mass Av. Julio Sumar 320,Av. Julio Sumar 320,El Tambo,Huancayo,Junín,120114,-12.051318,-75.223772,exact,web,https://www.tiendasmass.com.pe/ubicame/,verified,"Solo en la lista oficial (coordenadas oficiales); distrito según la lista oficial: Huancayo - El Tambo",2026-10-01
web-mass-av-ricardo-menendez-530,mass,Mass Av. Ricardo Menéndez 530,Av. Ricardo Menéndez 530,El Tambo,Huancayo,Junín,120114,-12.045320,-75.225280,exact,web,https://www.tiendasmass.com.pe/ubicame/,verified,"Solo en la lista oficial (coordenadas oficiales); distrito según la lista oficial: Huancayo - El Tambo",2026-10-01
web-mass-av-santa-rosa-364,mass,Mass Av. Santa Rosa 364,Av. Santa Rosa 364,El Tambo,Huancayo,Junín,120114,-12.065720,-75.215050,exact,web,https://www.tiendasmass.com.pe/ubicame/,verified,"Solo en la lista oficial (coordenadas oficiales); distrito según la lista oficial: Huancayo - El Tambo",2026-10-01
web-mass-catalina-huanca-190,mass,Mass Catalina Huanca 190,Catalina Huanca 190,El Tambo,Huancayo,Junín,120114,-12.029314,-75.233907,exact,web,https://www.tiendasmass.com.pe/ubicame/,verified,"Solo en la lista oficial (coordenadas oficiales); distrito según la lista oficial: Huancayo - El Tambo",2026-10-01
web-mass-jr-arequipa-781,mass,Mass Jr. Arequipa 781,Jr. Arequipa 781,El Tambo,Huancayo,Junín,120114,-12.059930,-75.216780,exact,web,https://www.tiendasmass.com.pe/ubicame/,verified,"Solo en la lista oficial (coordenadas oficiales); distrito según la lista oficial: Huancayo - El Tambo",2026-10-01
web-mass-jr-bolognesi-761,mass,Mass Jr. Bolognesi 761,Jr. Bolognesi 761,El Tambo,Huancayo,Junín,120114,-12.059890,-75.223170,exact,web,https://www.tiendasmass.com.pe/ubicame/,verified,"Solo en la lista oficial (coordenadas oficiales); distrito según la lista oficial: Huancayo",2026-10-01
web-mass-jr-el-tumi-s-n,mass,Mass Jr. El Tumi S/n,Jr. El Tumi S/n (A Una Cdra Del Pque. SigloXX),El Tambo,Huancayo,Junín,120114,-12.050970,-75.208270,exact,web,https://www.tiendasmass.com.pe/ubicame/,verified,"Solo en la lista oficial (coordenadas oficiales); distrito según la lista oficial: Huancayo - El Tambo",2026-10-01
web-mass-jr-huascar-301,mass,Mass Jr. Huascar 301,Jr. Huascar 301,El Tambo,Huancayo,Junín,120114,-12.052993,-75.211537,exact,web,https://www.tiendasmass.com.pe/ubicame/,verified,"Solo en la lista oficial (coordenadas oficiales); distrito según la lista oficial: Huancayo - El Tambo",2026-10-01
web-mass-jr-juan-velasco-alvarado-170,mass,Mass Jr. Juan Velasco Alvarado 170,Jr. Juan Velasco Alvarado 170,El Tambo,Huancayo,Junín,120114,-12.037503,-75.228881,exact,web,https://www.tiendasmass.com.pe/ubicame/,verified,"Solo en la lista oficial (coordenadas oficiales); distrito según la lista oficial: Huancayo - El Tambo",2026-10-01
web-mass-jr-junin-1811,mass,Mass Jr. Junín 1811,Jr. Junín 1811,El Tambo,Huancayo,Junín,120114,-12.054750,-75.223680,exact,web,https://www.tiendasmass.com.pe/ubicame/,verified,"Solo en la lista oficial (coordenadas oficiales); distrito según la lista oficial: Huancayo",2026-10-01
web-mass-jr-los-andes,mass,Mass Jr. Los Andes,Jr. Los Andes (Cruce Con Jr. Amautas),El Tambo,Huancayo,Junín,120114,-12.060500,-75.231830,exact,web,https://www.tiendasmass.com.pe/ubicame/,verified,"Solo en la lista oficial (coordenadas oficiales); distrito según la lista oficial: Huancayo - El Tambo",2026-10-01
web-mass-jr-los-bosques-496,mass,Mass Jr. Los Bosques 496,Jr. Los Bosques 496,El Tambo,Huancayo,Junín,120114,-12.061450,-75.226690,exact,web,https://www.tiendasmass.com.pe/ubicame/,verified,"Solo en la lista oficial (coordenadas oficiales); distrito según la lista oficial: Huancayo - El Tambo",2026-10-01
web-mass-jr-parra-del-riego-1725,mass,Mass Jr. Parra Del Riego 1725,Jr. Parra Del Riego 1725,El Tambo,Huancayo,Junín,120114,-12.066278,-75.225942,exact,web,https://www.tiendasmass.com.pe/ubicame/,verified,"Solo en la lista oficial (coordenadas oficiales); distrito según la lista oficial: Huancayo - El Tambo",2026-10-01
web-mass-jr-santiago-norero-334-336,mass,Mass Jr. Santiago Norero 334 - 336,Jr. Santiago Norero 334 - 336,El Tambo,Huancayo,Junín,120114,-12.056942,-75.215476,exact,web,https://www.tiendasmass.com.pe/ubicame/,verified,"Solo en la lista oficial (coordenadas oficiales); distrito según la lista oficial: Huancayo",2026-10-01
web-mass-pasaje-belen,mass,Mass Pasaje Belén,Pasaje Belén (Cruce Con Jr. Sucre),El Tambo,Huancayo,Junín,120114,-12.068360,-75.221660,exact,web,https://www.tiendasmass.com.pe/ubicame/,verified,"Solo en la lista oficial (coordenadas oficiales); distrito según la lista oficial: Huancayo - El Tambo",2026-10-01
web-mass-av-alfonso-ugarte-698,mass,Mass Av. Alfonso Ugarte 698,Av. Alfonso Ugarte 698,Hualhuas,Huancayo,Junín,120117,-11.972366,-75.253106,exact,web,https://www.tiendasmass.com.pe/ubicame/,verified,"Solo en la lista oficial (coordenadas oficiales); distrito según la lista oficial: Huancayo - Hualhuas",2026-10-01
web-mass-cl-real-1022,mass,Mass Cl. Real 1022,Cl. Real 1022 (Frente A Jr. Micaela Bastidas),Huancán,Huancayo,Junín,120119,-12.093125,-75.195396,exact,web,https://www.tiendasmass.com.pe/ubicame/,verified,"Solo en la lista oficial (coordenadas oficiales); distrito según la lista oficial: Chilca",2026-10-01
web-mass-jr-junin-1213,mass,Mass Jr. Junín 1213,Jr. Junín 1213,Huancán,Huancayo,Junín,120119,-12.106068,-75.215533,exact,web,https://www.tiendasmass.com.pe/ubicame/,verified,"Solo en la lista oficial (coordenadas oficiales); distrito según la lista oficial: Huancayo - Huancan",2026-10-01
osm-w517417460,mass,Mass,Calle Real,Huancayo,Huancayo,Junín,120101,-12.072599,-75.207607,exact,osm,w517417460,to_verify,"No figura en la lista oficial — posible cierre; mapeada en un levantamiento de campo de 2017 (source=Reconocimiento terrestre cartográfico realizado por Kaart en 2017); datos de OSM editados por última vez el 2017-08-24 (v3): sin confirmar desde entonces",2026-10-01
web-mass-av-alameda,mass,Mass Av. Alameda,Av. Alameda (A Media Cdra. De Jr. Lira),Huancayo,Huancayo,Junín,120101,-12.052658,-75.189873,exact,web,https://www.tiendasmass.com.pe/ubicame/,verified,Solo en la lista oficial (coordenadas oficiales),2026-10-01
web-mass-av-calmell-del-solar,mass,Mass Av. Calmell Del Solar,Av. Calmell Del Solar (Cerca A Jr. Santa Lucía),Huancayo,Huancayo,Junín,120101,-12.047564,-75.194870,exact,web,https://www.tiendasmass.com.pe/ubicame/,verified,Solo en la lista oficial (coordenadas oficiales),2026-10-01
web-mass-av-daniel-alcides-carrion-1719,mass,Mass Av. Daniel Alcides Carrión 1719,Av. Daniel Alcides Carrión 1719,Huancayo,Huancayo,Junín,120101,-12.074420,-75.222690,exact,web,https://www.tiendasmass.com.pe/ubicame/,verified,Solo en la lista oficial (coordenadas oficiales),2026-10-01
web-mass-av-giraldez-890-892,mass,Mass Av. Giráldez 890 - 892,Av. Giráldez 890 - 892 (Frente Al Obelisco Giráldez),Huancayo,Huancayo,Junín,120101,-12.063858,-75.201668,exact,web,https://www.tiendasmass.com.pe/ubicame/,verified,Solo en la lista oficial (coordenadas oficiales),2026-10-01
web-mass-av-libertadores-cdra-3,mass,Mass Av. Libertadores Cdra.3,Av. Libertadores Cdra.3 (Cruce Con Av. San Agustín),Huancayo,Huancayo,Junín,120101,-12.057557,-75.193578,exact,web,https://www.tiendasmass.com.pe/ubicame/,verified,Solo en la lista oficial (coordenadas oficiales),2026-10-01
web-mass-av-ocopilla-550,mass,Mass Av. Ocopilla 550,Av. Ocopilla 550,Huancayo,Huancayo,Junín,120101,-12.071860,-75.194780,exact,web,https://www.tiendasmass.com.pe/ubicame/,verified,Solo en la lista oficial (coordenadas oficiales),2026-10-01
web-mass-av-palian-1101-1109,mass,Mass Av. Palián 1101 - 1109,Av. Palián 1101 - 1109,Huancayo,Huancayo,Junín,120101,-12.029755,-75.188218,exact,web,https://www.tiendasmass.com.pe/ubicame/,verified,Solo en la lista oficial (coordenadas oficiales),2026-10-01
web-mass-av-prolongacion-centenario-694,mass,Mass Av. Prolongación Centenario 694,Av. Prolongación Centenario 694,Huancayo,Huancayo,Junín,120101,-12.060250,-75.200690,exact,web,https://www.tiendasmass.com.pe/ubicame/,verified,Solo en la lista oficial (coordenadas oficiales),2026-10-01
web-mass-av-san-carlos-1965,mass,Mass Av. San Carlos 1965,Av. San Carlos 1965,Huancayo,Huancayo,Junín,120101,-12.047290,-75.199440,exact,web,https://www.tiendasmass.com.pe/ubicame/,verified,Solo en la lista oficial (coordenadas oficiales),2026-10-01
web-mass-av-taylor,mass,Mass Av. Taylor,Av. Taylor (Cruce Con Jr. Los Granizo),Huancayo,Huancayo,Junín,120101,-12.060176,-75.191612,exact,web,https://www.tiendasmass.com.pe/ubicame/,verified,Solo en la lista oficial (coordenadas oficiales),2026-10-01
web-mass-av-uruguay-536,mass,Mass Av. Uruguay 536,Av. Uruguay 536,Huancayo,Huancayo,Junín,120101,-12.060491,-75.205133,exact,web,https://www.tiendasmass.com.pe/ubicame/,verified,Solo en la lista oficial (coordenadas oficiales),2026-10-01
web-mass-cl-los-cipreses,mass,Mass Cl. Los Cipreses,Cl. Los Cipreses (Cruce Con Cl. Los Fresnos),Huancayo,Huancayo,Junín,120101,-12.050430,-75.192060,exact,web,https://www.tiendasmass.com.pe/ubicame/,verified,Solo en la lista oficial (coordenadas oficiales),2026-10-01
web-mass-jr-cuzco-264,mass,Mass Jr. Cuzco 264,Jr. Cuzco 264,Huancayo,Huancayo,Junín,120101,-12.066173,-75.209696,exact,web,https://www.tiendasmass.com.pe/ubicame/,verified,Solo en la lista oficial (coordenadas oficiales),2026-10-01
web-mass-jr-ica-nueva-1321,mass,Mass Jr. Ica Nueva 1321,Jr. Ica Nueva 1321,Huancayo,Huancayo,Junín,120101,-12.074660,-75.215540,exact,web,https://www.tiendasmass.com.pe/ubicame/,verified,Solo en la lista oficial (coordenadas oficiales),2026-10-01
web-mass-jr-junin-956,mass,Mass Jr. Junín 956,Jr. Junín 956,Huancayo,Huancayo,Junín,120101,-12.074670,-75.210921,exact,web,https://www.tiendasmass.com.pe/ubicame/,verified,Solo en la lista oficial (coordenadas oficiales),2026-10-01
web-mass-jr-san-fernando-181,mass,Mass Jr. San Fernando 181,Jr. San Fernando 181,Huancayo,Huancayo,Junín,120101,-12.054770,-75.202100,exact,web,https://www.tiendasmass.com.pe/ubicame/,verified,Solo en la lista oficial (coordenadas oficiales),2026-10-01
web-mass-prol-huanuco-700,mass,Mass Prol. Huánuco 700,Prol. Huánuco 700,Huancayo,Huancayo,Junín,120101,-12.069410,-75.199450,exact,web,https://www.tiendasmass.com.pe/ubicame/,verified,Solo en la lista oficial (coordenadas oficiales),2026-10-01
web-mass-prol-jose-olaya-1185,mass,Mass Prol. José Olaya 1185,Prol. José Olaya 1185,Huancayo,Huancayo,Junín,120101,-12.051780,-75.195220,exact,web,https://www.tiendasmass.com.pe/ubicame/,verified,Solo en la lista oficial (coordenadas oficiales),2026-10-01
web-mass-cl-real-410,mass,Mass Cl. Real 410,Cl. Real 410,Huayucachi,Huancayo,Junín,120121,-12.137329,-75.223183,exact,web,https://www.tiendasmass.com.pe/ubicame/,verified,"Solo en la lista oficial (coordenadas oficiales); distrito según la lista oficial: Huancayo - Huayucachi",2026-10-01
web-mass-av-coronel-parra-518,mass,Mass Av. Coronel Parra 518,Av. Coronel Parra 518,Pilcomayo,Huancayo,Junín,120125,-12.053150,-75.245760,exact,web,https://www.tiendasmass.com.pe/ubicame/,verified,"Solo en la lista oficial (coordenadas oficiales); distrito según la lista oficial: Huancayo",2026-10-01
web-mass-av-coronel-parra-s-n,mass,Mass Av. Coronel Parra S/N,Av. Coronel Parra S/N (Frente Al Local Los Guindales),Pilcomayo,Huancayo,Junín,120125,-12.055778,-75.263273,exact,web,https://www.tiendasmass.com.pe/ubicame/,verified,"Solo en la lista oficial (coordenadas oficiales); distrito según la lista oficial: Huancayo - Pilcomayo",2026-10-01
web-mass-jr-miguel-grau,mass,Mass Jr. Miguel Grau,Jr. Miguel Grau (Cruce Con Jr. Santos Chocano),Pilcomayo,Huancayo,Junín,120125,-12.054990,-75.250510,exact,web,https://www.tiendasmass.com.pe/ubicame/,verified,"Solo en la lista oficial (coordenadas oficiales); distrito según la lista oficial: Huancayo - El Tambo",2026-10-01
web-mass-jr-huallaga-605,mass,Mass Jr. Huallaga 605,Jr. Huallaga 605,San Jerónimo de Tunán,Huancayo,Junín,120130,-11.948374,-75.281383,exact,web,https://www.tiendasmass.com.pe/ubicame/,verified,"Solo en la lista oficial (coordenadas oficiales); distrito según la lista oficial: Huancayo - San Jerónimo de Tunán",2026-10-01
web-mass-av-la-juventud,mass,Mass Av. La Juventud,Av. La Juventud (Cruce Con Av. Fidel Miranda),Sapallanga,Huancayo,Junín,120133,-12.115306,-75.181083,exact,web,https://www.tiendasmass.com.pe/ubicame/,verified,"Solo en la lista oficial (coordenadas oficiales); distrito según la lista oficial: Huancayo - Sapallanga",2026-10-01
web-mass-av-ricardo-palma-750-752,mass,Mass Av. Ricardo Palma 750 - 752,Av. Ricardo Palma 750 - 752,Sapallanga,Huancayo,Junín,120133,-12.141671,-75.160559,exact,web,https://www.tiendasmass.com.pe/ubicame/,verified,"Solo en la lista oficial (coordenadas oficiales); distrito según la lista oficial: Huancayo - Sapallanga",2026-10-01
web-mass-jr-junin-1170,mass,Mass Jr. Junín 1170,Jr. Junín 1170,Sicaya,Huancayo,Junín,120134,-12.015711,-75.280393,exact,web,https://www.tiendasmass.com.pe/ubicame/,verified,"Solo en la lista oficial (coordenadas oficiales); distrito según la lista oficial: Huancayo - Sicaya",2026-10-01
web-mass-jr-bolivar-1194,mass,Mass Jr. Bolívar 1194,Jr. Bolívar 1194 (Frente A Cruz Del Sur),Jauja,Jauja,Junín,120401,-11.777985,-75.497674,exact,web,https://www.tiendasmass.com.pe/ubicame/,verified,Solo en la lista oficial (coordenadas oficiales),2026-10-01
osm-n13271515302,mass,Mass Jr. Grau 780,Jr. Grau 780,Jauja,Jauja,Junín,120401,-11.773665,-75.497788,exact,osm,n13271515302,verified,También en la lista oficial,2026-10-01
osm-n13271515602,mass,Mass Jr. Tupac Amaru 223,Jr. Tupac Amaru 223,Yauyos,Jauja,Junín,120434,-11.780248,-75.498386,exact,osm,n13271515602,verified,"También en la lista oficial; distrito según la lista oficial: Jauja",2026-10-01
web-mass-av-union,mass,Mass Av. Unión,Av. Unión (Cerca De Prol. Tarata),Carhuamayo,Junín,Junín,120502,-10.925474,-76.058676,exact,web,https://www.tiendasmass.com.pe/ubicame/,verified,Solo en la lista oficial (coordenadas oficiales),2026-10-01
web-mass-av-francisco-de-paula-otero-258,mass,Mass Av. Francisco De Paula Otero 258,Av. Francisco De Paula Otero 258,Tarma,Tarma,Junín,120701,-11.415420,-75.685780,exact,web,https://www.tiendasmass.com.pe/ubicame/,verified,Solo en la lista oficial (coordenadas oficiales),2026-10-01
web-mass-av-vienrich,mass,Mass Av. Vienrich,Av. Vienrich (Intersección Con Av. Castilla),Tarma,Tarma,Junín,120701,-11.419731,-75.693802,exact,web,https://www.tiendasmass.com.pe/ubicame/,verified,Solo en la lista oficial (coordenadas oficiales),2026-10-01
web-mass-av-arevalo,mass,Mass Av. Arévalo,Av. Arévalo (Cerca De Ctra. Central),Santa Rosa de Sacco,Yauli,Junín,120808,-11.549677,-75.942376,exact,web,https://www.tiendasmass.com.pe/ubicame/,verified,"Solo en la lista oficial (coordenadas oficiales); distrito según la lista oficial: Yauli - Santa Rosa de Sacco",2026-10-01
web-mass-cl-miguel-grau-918,mass,Mass Cl. Miguel Grau 918,Cl. Miguel Grau 918,Ascope,Ascope,La Libertad,130201,-7.714100,-79.107560,exact,web,https://www.tiendasmass.com.pe/ubicame/,verified,Solo en la lista oficial (coordenadas oficiales),2026-10-01
web-mass-av-tren,mass,Mass Av. Tren,Av. Tren (Cruce Con Cl. Miguel Arteaga),Casa Grande,Ascope,La Libertad,130208,-7.741990,-79.190860,exact,web,https://www.tiendasmass.com.pe/ubicame/,verified,Solo en la lista oficial (coordenadas oficiales),2026-10-01
web-mass-av-trujillo,mass,Mass Av. Trujillo,Av. Trujillo (Cruce Con Cl. Puno),Casa Grande,Ascope,La Libertad,130208,-7.765590,-79.147550,exact,web,https://www.tiendasmass.com.pe/ubicame/,verified,"Solo en la lista oficial (coordenadas oficiales); distrito según la lista oficial: Ascope",2026-10-01
web-mass-cl-junin,mass,Mass Cl. Junín,Cl. Junín (Cerca De Botica,Chicama,Ascope,La Libertad,130202,-7.734500,-79.006020,exact,web,https://www.tiendasmass.com.pe/ubicame/,verified,"Solo en la lista oficial (coordenadas oficiales); distrito según la lista oficial: Sausal - Chicama",2026-10-01
web-mass-cl-miguel-grau-206,mass,Mass Cl. Miguel Grau 206,Cl. Miguel Grau 206,Chicama,Ascope,La Libertad,130202,-7.844865,-79.146890,exact,web,https://www.tiendasmass.com.pe/ubicame/,verified,"Solo en la lista oficial (coordenadas oficiales); distrito según la lista oficial: Ascope",2026-10-01
web-mass-carr-panamericana-norte,mass,Mass Carr. Panamericana Norte,Carr. Panamericana Norte (Frente A La Notaría Rodriguez Sanchez ),Chocope,Ascope,La Libertad,130203,-7.792381,-79.224487,exact,web,https://www.tiendasmass.com.pe/ubicame/,verified,"Solo en la lista oficial (coordenadas oficiales); distrito según la lista oficial: Ascope",2026-10-01
osm-n13129993402,mass,Mass Av. Panamericana 1107,Av. Panamericana 1107,Paiján,Ascope,La Libertad,130205,-7.735048,-79.298873,exact,osm,n13129993402,verified,"También en la lista oficial; distrito según la lista oficial: Ascope - Paiján",2026-10-01
web-mass-av-panamericana-norte-1512,mass,Mass Av. Panamericana Norte 1512,Av. Panamericana Norte 1512,Paiján,Ascope,La Libertad,130205,-7.732811,-79.302528,exact,web,https://www.tiendasmass.com.pe/ubicame/,verified,"Solo en la lista oficial (coordenadas oficiales); distrito según la lista oficial: Ascope - Paiján",2026-10-01
web-mass-cl-2-de-mayo,mass,Mass Cl. 2 De Mayo,Cl. 2 De Mayo (Cruce Con Cl. Grau) - Paijan,Paiján,Ascope,La Libertad,130205,-7.734400,-79.303930,exact,web,https://www.tiendasmass.com.pe/ubicame/,verified,"Solo en la lista oficial (coordenadas oficiales); distrito según la lista oficial: Ascope",2026-10-01
web-mass-calle-bolivar,mass,Mass Calle Bolivar,Calle Bolivar (En Plz. Principal De Puerto Malabrigo),Rázuri,Ascope,La Libertad,130206,-7.702373,-79.437046,exact,web,https://www.tiendasmass.com.pe/ubicame/,verified,"Solo en la lista oficial (coordenadas oficiales); distrito según la lista oficial: Ascope - Razuri",2026-10-01
osm-n14218473673,mass,Mass Av. Celso Calderón,Av. Celso Calderón (A Media Cdra. De Pque. Yonel Arroyo) - Santiago De Cao,Santiago de Cao,Ascope,La Libertad,130207,-7.890430,-79.223343,exact,osm,n14218473673,verified,"También en la lista oficial; las coordenadas oficiales caen a 18.1 km del distrito indicado (Ascope); distrito según la lista oficial: Ascope",2026-10-01
osm-n13131014901,mass,Mass Cl. Real,Cl. Real (Cerca A Av. 28 De Julio),Santiago de Cao,Ascope,La Libertad,130207,-7.891872,-79.221212,exact,osm,n13131014901,verified,"También en la lista oficial; distrito según la lista oficial: Ascope - Santiago de Cao",2026-10-01
web-mass-av-exequiel-gonzales-caceda-2193,mass,Mass Av. Exequiel Gonzales Caceda 2193,Av. Exequiel Gonzales Caceda 2193,Chepén,Chepén,La Libertad,130401,-7.232760,-79.418900,exact,web,https://www.tiendasmass.com.pe/ubicame/,verified,Solo en la lista oficial (coordenadas oficiales),2026-10-01
web-mass-av-gonzales-caceda-1265,mass,Mass Av. Gonzales Caceda 1265,Av. Gonzales Caceda 1265,Chepén,Chepén,La Libertad,130401,-7.229020,-79.427040,exact,web,https://www.tiendasmass.com.pe/ubicame/,verified,Solo en la lista oficial (coordenadas oficiales),2026-10-01
web-mass-cl-san-pedro-810,mass,Mass Cl. San Pedro 810,Cl. San Pedro 810,Chepén,Chepén,La Libertad,130401,-7.232330,-79.425080,exact,web,https://www.tiendasmass.com.pe/ubicame/,verified,Solo en la lista oficial (coordenadas oficiales),2026-10-01
web-mass-jr-manco-capac-18,mass,Mass Jr. Manco Capac 18,Jr. Manco Capac 18,Chepén,Chepén,La Libertad,130401,-7.226000,-79.431500,exact,web,https://www.tiendasmass.com.pe/ubicame/,verified,Solo en la lista oficial (coordenadas oficiales),2026-10-01
web-mass-ctra-panamericana-norte-444,mass,Mass Ctra. Panamericana Norte 444,Ctra. Panamericana Norte 444,Pacanga,Chepén,La Libertad,130402,-7.156380,-79.443590,exact,web,https://www.tiendasmass.com.pe/ubicame/,verified,"Solo en la lista oficial (coordenadas oficiales); distrito según la lista oficial: Chepén - Pacanga",2026-10-01
web-mass-cl-progreso-cercado,mass,Mass Cl. Progreso Cercado,Cl. Progreso Cercado (Cerca A Jr. Lima),Cascas,Gran Chimú,La Libertad,131101,-7.480130,-78.820700,exact,web,https://www.tiendasmass.com.pe/ubicame/,verified,Solo en la lista oficial (coordenadas oficiales),2026-10-01
web-mass-cl-tacna-344,mass,Mass Cl. Tacna 344,Cl. Tacna 344 (A Media Cdra. De Cl. Sta. Rosa),Otuzco,Otuzco,La Libertad,130601,-7.905360,-78.564430,exact,web,https://www.tiendasmass.com.pe/ubicame/,verified,Solo en la lista oficial (coordenadas oficiales),2026-10-01
web-mass-av-cajamarca,mass,Mass Av. Cajamarca,Av. Cajamarca (Cruce Con Cl. José Olaya),Guadalupe,Pacasmayo,La Libertad,130702,-7.305690,-79.479260,exact,web,https://www.tiendasmass.com.pe/ubicame/,verified,"Solo en la lista oficial (coordenadas oficiales); distrito según la lista oficial: Guadalupe - Ciudad de Dios",2026-10-01
web-mass-cl-ayacucho-275,mass,Mass Cl. Ayacucho 275,Cl. Ayacucho 275,Guadalupe,Pacasmayo,La Libertad,130702,-7.243480,-79.469520,exact,web,https://www.tiendasmass.com.pe/ubicame/,verified,Solo en la lista oficial (coordenadas oficiales),2026-10-01
web-mass-cl-loa-360,mass,Mass Cl. Loa 360,Cl. Loa 360,Guadalupe,Pacasmayo,La Libertad,130702,-7.241310,-79.472180,exact,web,https://www.tiendasmass.com.pe/ubicame/,verified,Solo en la lista oficial (coordenadas oficiales),2026-10-01
web-mass-av-mariscal-caceres,mass,Mass Av. Mariscal Cáceres,Av. Mariscal Cáceres (Cruce Con Enrique Valenzuela),Pacasmayo,Pacasmayo,La Libertad,130704,-7.403460,-79.562650,exact,web,https://www.tiendasmass.com.pe/ubicame/,verified,Solo en la lista oficial (coordenadas oficiales),2026-10-01
web-mass-calle-jose-olaya-n-37,mass,Mass Calle José Olaya N° 37,Calle José Olaya N° 37,Pacasmayo,Pacasmayo,La Libertad,130704,-7.403570,-79.568862,exact,web,https://www.tiendasmass.com.pe/ubicame/,verified,Solo en la lista oficial (coordenadas oficiales),2026-10-01
web-mass-cl-cajamarca-755,mass,Mass Cl. Cajamarca 755,Cl. Cajamarca 755,Pacasmayo,Pacasmayo,La Libertad,130704,-7.408330,-79.567650,exact,web,https://www.tiendasmass.com.pe/ubicame/,verified,Solo en la lista oficial (coordenadas oficiales),2026-10-01
web-mass-ctra-panamericana-594,mass,Mass Ctra. Panamericana 594,Ctra. Panamericana 594 (Frente A Plz. De Armas Cruce San José),San José,Pacasmayo,La Libertad,130705,-7.332220,-79.483340,exact,web,https://www.tiendasmass.com.pe/ubicame/,verified,Solo en la lista oficial (coordenadas oficiales),2026-10-01
web-mass-cl-ancash-455-459,mass,Mass Cl. Ancash 455 - 459,Cl. Ancash 455 - 459,San Pedro de Lloc,Pacasmayo,La Libertad,130701,-7.428740,-79.505030,exact,web,https://www.tiendasmass.com.pe/ubicame/,verified,"Solo en la lista oficial (coordenadas oficiales); distrito según la lista oficial: Pacasmayo - San Pedro de Lloc",2026-10-01
web-mass-cl-dinamarca,mass,Mass Cl. Dinamarca,Cl. Dinamarca (Frente Al Grifo Salaverry) - Alto Trujillo - Trujillo,Alto Trujillo,Trujillo,La Libertad,130112,-8.062900,-79.021470,exact,web,https://www.tiendasmass.com.pe/ubicame/,verified,Solo en la lista oficial (coordenadas oficiales),2026-10-01
web-mass-av-sanchez-carrion,mass,Mass Av. Sanchez Carrión,Av. Sanchez Carrión (Cerca A Cl. Andrés Castello),El Porvenir,Trujillo,La Libertad,130102,-8.070330,-78.997240,exact,web,https://www.tiendasmass.com.pe/ubicame/,verified,Solo en la lista oficial (coordenadas oficiales),2026-10-01
web-mass-av-sanchez-carrion-2,mass,Mass Av. Sanchez Carrión,Av. Sanchez Carrión (Frente A La Mun. De El Provenir),El Porvenir,Trujillo,La Libertad,130102,-8.085110,-79.001830,exact,web,https://www.tiendasmass.com.pe/ubicame/,verified,"Solo en la lista oficial (coordenadas oficiales); distrito según la lista oficial: Trujillo",2026-10-01
web-mass-cl-9,mass,Mass Cl. 9,Cl. 9 (Cerca Del Mcdo. Virgen Del Carmen) - A.H. Miguel Grau,El Porvenir,Trujillo,La Libertad,130102,-8.068151,-78.985571,exact,web,https://www.tiendasmass.com.pe/ubicame/,verified,Solo en la lista oficial (coordenadas oficiales),2026-10-01
web-mass-cl-capac-yupanqui-637,mass,Mass Cl. Capac Yupanqui 637,Cl. Capac Yupanqui 637,El Porvenir,Trujillo,La Libertad,130102,-8.078720,-79.007760,exact,web,https://www.tiendasmass.com.pe/ubicame/,verified,Solo en la lista oficial (coordenadas oficiales),2026-10-01
web-mass-cl-maria-parado-de-bellido-674,mass,Mass Cl. María Parado De Bellido 674,Cl. María Parado De Bellido 674,El Porvenir,Trujillo,La Libertad,130102,-8.083350,-79.003020,exact,web,https://www.tiendasmass.com.pe/ubicame/,verified,"Solo en la lista oficial (coordenadas oficiales); distrito según la lista oficial: Trujillo",2026-10-01
web-mass-el-mirador-4ta-etapa,mass,Mass El Mirador 4ta Etapa,El Mirador 4ta Etapa (Frente A La Comisaría El Porvenir),El Porvenir,Trujillo,La Libertad,130102,-8.078864,-78.999806,exact,web,https://www.tiendasmass.com.pe/ubicame/,verified,"Solo en la lista oficial (coordenadas oficiales); distrito según la lista oficial: Trujillo",2026-10-01
web-mass-jose-bejar-668,mass,Mass José Bejar 668,José Bejar 668 (A Dos Cdras. De La Reniec) - El Porvenir - TRUJILLO,El Porvenir,Trujillo,La Libertad,130102,-8.085070,-78.996450,exact,web,https://www.tiendasmass.com.pe/ubicame/,verified,Solo en la lista oficial (coordenadas oficiales),2026-10-01
web-mass-jr-inca-roca-1200,mass,Mass Jr. Inca Roca 1200,Jr. Inca Roca 1200,El Porvenir,Trujillo,La Libertad,130102,-8.071120,-79.006010,exact,web,https://www.tiendasmass.com.pe/ubicame/,verified,Solo en la lista oficial (coordenadas oficiales),2026-10-01
web-mass-pblo-joven-miguel-grau-2da-fase,mass,Mass Pblo. Joven Miguel Grau 2da. Fase,Pblo. Joven Miguel Grau 2da. Fase (Frente A La Plz. El Porvenir),El Porvenir,Trujillo,La Libertad,130102,-8.074490,-78.992740,exact,web,https://www.tiendasmass.com.pe/ubicame/,verified,"Solo en la lista oficial (coordenadas oficiales); distrito según la lista oficial: Trujillo",2026-10-01
web-mass-av-26-de-marzo-1520,mass,Mass Av. 26 De Marzo 1520,Av. 26 De Marzo 1520,Florencia de Mora,Trujillo,La Libertad,130103,-8.087274,-79.027002,exact,web,https://www.tiendasmass.com.pe/ubicame/,verified,Solo en la lista oficial (coordenadas oficiales),2026-10-01
web-mass-av-26-de-marzo-389-385,mass,Mass Av. 26 De Marzo 389 - 385,Av. 26 De Marzo 389 - 385 (Cruce Con 12 De Noviembre),Florencia de Mora,Trujillo,La Libertad,130103,-8.086140,-79.017930,exact,web,https://www.tiendasmass.com.pe/ubicame/,verified,Solo en la lista oficial (coordenadas oficiales),2026-10-01
web-mass-cl-12-de-noviembre,mass,Mass Cl. 12 De Noviembre,Cl. 12 De Noviembre (Cruce Con Av. Winchazao),Florencia de Mora,Trujillo,La Libertad,130103,-8.074410,-79.020680,exact,web,https://www.tiendasmass.com.pe/ubicame/,verified,Solo en la lista oficial (coordenadas oficiales),2026-10-01
web-mass-cl-5-de-noviembre-762,mass,Mass Cl. 5 De Noviembre 762,Cl. 5 De Noviembre 762,Florencia de Mora,Trujillo,La Libertad,130103,-8.085700,-79.023890,exact,web,https://www.tiendasmass.com.pe/ubicame/,verified,Solo en la lista oficial (coordenadas oficiales),2026-10-01
web-mass-cl-9-de-octubre-712,mass,Mass Cl. 9 De Octubre 712,Cl. 9 De Octubre 712,Florencia de Mora,Trujillo,La Libertad,130103,-8.079353,-79.021676,exact,web,https://www.tiendasmass.com.pe/ubicame/,verified,"Solo en la lista oficial (coordenadas oficiales); distrito según la lista oficial: Trujillo",2026-10-01
web-mass-a-h-san-carlos,mass,Mass A.H. San Carlos,A.H. San Carlos (A Dos Cdras. De Ctra. Huanchaco/ Frente A Farmacia América),Huanchaco,Trujillo,La Libertad,130104,-8.091030,-79.102250,exact,web,https://www.tiendasmass.com.pe/ubicame/,verified,Solo en la lista oficial (coordenadas oficiales),2026-10-01
web-mass-av-dean-saavedra-241,mass,Mass Av. Dean Saavedra 241,Av. Dean Saavedra 241,Huanchaco,Trujillo,La Libertad,130104,-8.080060,-79.118670,approx,web,https://www.tiendasmass.com.pe/ubicame/,to_verify,"Solo en la lista oficial (coordenadas oficiales); coordenadas oficiales dudosas; distrito según la lista oficial: Trujillo",2026-10-01
web-mass-av-garcilazo-de-la-vega,mass,Mass Av. Garcilazo De La Vega,Av. Garcilazo De La Vega (Cerca Del Mcdo. Santa Rosa),Huanchaco,Trujillo,La Libertad,130104,-8.025740,-79.064930,exact,web,https://www.tiendasmass.com.pe/ubicame/,verified,Solo en la lista oficial (coordenadas oficiales),2026-10-01
web-mass-av-industrial,mass,Mass Av. Industrial,Av. Industrial (Cruce Con Cl. C45) - Sector Los Libertadores,Huanchaco,Trujillo,La Libertad,130104,-8.035630,-79.064230,exact,web,https://www.tiendasmass.com.pe/ubicame/,verified,"Solo en la lista oficial (coordenadas oficiales); distrito según la lista oficial: El Milagro",2026-10-01
web-mass-av-la-rivera-504,mass,Mass Av. La Rivera 504,Av. La Rivera 504,Huanchaco,Trujillo,La Libertad,130104,-8.081640,-79.122670,exact,web,https://www.tiendasmass.com.pe/ubicame/,verified,Solo en la lista oficial (coordenadas oficiales),2026-10-01
osm-n13135675901,mass,Mass Av. Los Pinos 341,Av. Los Pinos 341,Huanchaco,Trujillo,La Libertad,130104,-8.082473,-79.120143,exact,osm,n13135675901,verified,También en la lista oficial,2026-10-01
web-mass-av-mansiche,mass,Mass Av. Mansiche,Av. Mansiche (Cruce Con Cl. Túpac Amaru),Huanchaco,Trujillo,La Libertad,130104,-8.099820,-79.063590,exact,web,https://www.tiendasmass.com.pe/ubicame/,verified,Solo en la lista oficial (coordenadas oficiales),2026-10-01
osm-n13135676101,mass,Mass Av. Mariscal Ramón Castilla 100,Av. Mariscal Ramón Castilla 100,Huanchaco,Trujillo,La Libertad,130104,-8.091146,-79.084168,exact,osm,n13135676101,verified,También en la lista oficial,2026-10-01
web-mass-av-miguel-grau,mass,Mass Av. Miguel Grau,Av. Miguel Grau (A Una Cdra. De Cl. Manco Cápac),Huanchaco,Trujillo,La Libertad,130104,-8.022010,-79.065410,exact,web,https://www.tiendasmass.com.pe/ubicame/,verified,Solo en la lista oficial (coordenadas oficiales),2026-10-01
web-mass-av-miguel-grau-3,mass,Mass Av. Miguel Grau,Av. Miguel Grau (Cruce Con Cl. Buenos Aires),Huanchaco,Trujillo,La Libertad,130104,-8.016550,-79.067020,exact,web,https://www.tiendasmass.com.pe/ubicame/,verified,Solo en la lista oficial (coordenadas oficiales),2026-10-01
web-mass-cl-cesar-vallejo,mass,Mass Cl. Cesar Vallejo,Cl. Cesar Vallejo (Cruce Con Cl. San Martín),Huanchaco,Trujillo,La Libertad,130104,-8.018463,-79.069201,exact,web,https://www.tiendasmass.com.pe/ubicame/,verified,Solo en la lista oficial (coordenadas oficiales),2026-10-01
web-mass-cl-san-mateo,mass,Mass Cl. San Mateo,Cl. San Mateo (Frente A La Plz. De Armas De Las Lomas),Huanchaco,Trujillo,La Libertad,130104,-8.084270,-79.114120,exact,web,https://www.tiendasmass.com.pe/ubicame/,verified,Solo en la lista oficial (coordenadas oficiales),2026-10-01
web-mass-av-3-s-n,mass,Mass Av. 3 S/N,Av. 3 S/N (Frente Al Mcdo. De Wichanzao),La Esperanza,Trujillo,La Libertad,130105,-8.055960,-79.051675,exact,web,https://www.tiendasmass.com.pe/ubicame/,verified,"Solo en la lista oficial (coordenadas oficiales); distrito según la lista oficial: Trujillo",2026-10-01
web-mass-av-blanco-encalada,mass,Mass Av. Blanco Encalada,Av. Blanco Encalada (Cruce Con Cl. Sta. Rosa),La Esperanza,Trujillo,La Libertad,130105,-8.076160,-79.036070,exact,web,https://www.tiendasmass.com.pe/ubicame/,verified,Solo en la lista oficial (coordenadas oficiales),2026-10-01
web-mass-av-cahuide,mass,Mass Av. Cahuide,Av. Cahuide (Cruce Con Av. Egipto),La Esperanza,Trujillo,La Libertad,130105,-8.075190,-79.057910,exact,web,https://www.tiendasmass.com.pe/ubicame/,verified,Solo en la lista oficial (coordenadas oficiales),2026-10-01
web-mass-av-egipto-689,mass,Mass Av. Egipto 689,Av. Egipto 689,La Esperanza,Trujillo,La Libertad,130105,-8.073450,-79.053610,exact,web,https://www.tiendasmass.com.pe/ubicame/,verified,Solo en la lista oficial (coordenadas oficiales),2026-10-01
web-mass-av-indoamerica-508,mass,Mass Av. Indoamerica 508,Av. Indoamerica 508,La Esperanza,Trujillo,La Libertad,130105,-8.063630,-79.056460,exact,web,https://www.tiendasmass.com.pe/ubicame/,verified,Solo en la lista oficial (coordenadas oficiales),2026-10-01
web-mass-calle-13,mass,Mass Calle 13,Calle 13 (A Una Cdra. Del Cruce De Av. Indoamérica Con Cahuide),La Esperanza,Trujillo,La Libertad,130105,-8.065910,-79.062080,exact,web,https://www.tiendasmass.com.pe/ubicame/,verified,Solo en la lista oficial (coordenadas oficiales),2026-10-01
web-mass-calle-c-2,mass,Mass Calle C.2,Calle C.2 (Al Lado De Distribuidor Autorizado Bitel),La Esperanza,Trujillo,La Libertad,130105,-8.070034,-79.070102,exact,web,https://www.tiendasmass.com.pe/ubicame/,verified,Solo en la lista oficial (coordenadas oficiales),2026-10-01
web-mass-cl-22-de-febrero-2624,mass,Mass Cl. 22 De Febrero 2624,Cl. 22 De Febrero 2624,La Esperanza,Trujillo,La Libertad,130105,-8.063470,-79.050220,exact,web,https://www.tiendasmass.com.pe/ubicame/,verified,Solo en la lista oficial (coordenadas oficiales),2026-10-01
web-mass-cl-alexander-pettion-406-412,mass,Mass Cl. Alexander Pettion 406 - 412,Cl. Alexander Pettion 406 - 412 (Cruce Con Cl. José M. Blanes),La Esperanza,Trujillo,La Libertad,130105,-8.084960,-79.031790,exact,web,https://www.tiendasmass.com.pe/ubicame/,verified,Solo en la lista oficial (coordenadas oficiales),2026-10-01
web-mass-jr-22-de-febrero-n-770,mass,Mass Jr. 22 De Febrero N° 770,Jr. 22 De Febrero N° 770,La Esperanza,Trujillo,La Libertad,130105,-8.082030,-79.040912,exact,web,https://www.tiendasmass.com.pe/ubicame/,verified,Solo en la lista oficial (coordenadas oficiales),2026-10-01
web-mass-jr-jose-marti-1541-1545,mass,Mass Jr. José Marti 1541-1545,Jr. José Marti 1541-1545,La Esperanza,Trujillo,La Libertad,130105,-8.075680,-79.043880,exact,web,https://www.tiendasmass.com.pe/ubicame/,verified,Solo en la lista oficial (coordenadas oficiales),2026-10-01
web-mass-jr-mateo-del-toro-y-zambrano-935-937,mass,Mass Jr. Mateo Del Toro Y Zambrano 935 - 937,Jr. Mateo Del Toro Y Zambrano 935 - 937 (Intersección De Ancash Y Rivadavia),La Esperanza,Trujillo,La Libertad,130105,-8.081550,-79.052300,exact,web,https://www.tiendasmass.com.pe/ubicame/,verified,Solo en la lista oficial (coordenadas oficiales),2026-10-01
web-mass-pblo-joven-las-esperanza-sec-jerusalen-419,mass,"Mass Pblo. Joven Las Esperanza, Sec Jerusalén 419","Pblo. Joven Las Esperanza, Sec Jerusalén 419 (A Dos Cdras. Del Mcdo. Nazareth)",La Esperanza,Trujillo,La Libertad,130105,-8.068659,-79.052189,exact,web,https://www.tiendasmass.com.pe/ubicame/,verified,"Solo en la lista oficial (coordenadas oficiales); distrito según la lista oficial: Trujillo",2026-10-01
web-mass-cl-la-reforma,mass,Mass Cl. La Reforma,Cl. La Reforma (cruce Con Mariscal Cáceres),Laredo,Trujillo,La Libertad,130106,-8.087632,-78.959903,exact,web,https://www.tiendasmass.com.pe/ubicame/,verified,Solo en la lista oficial (coordenadas oficiales),2026-10-01
web-mass-jr-la-merced-356,mass,Mass Jr. La Merced 356,Jr. La Merced 356,Laredo,Trujillo,La Libertad,130106,-8.091658,-78.961553,exact,web,https://www.tiendasmass.com.pe/ubicame/,verified,Solo en la lista oficial (coordenadas oficiales),2026-10-01
web-mass-av-independencia,mass,Mass Av. Independencia,Av. Independencia (Al Lado Del Mcdo. Las Delicias),Moche,Trujillo,La Libertad,130107,-8.181990,-79.011120,exact,web,https://www.tiendasmass.com.pe/ubicame/,verified,Solo en la lista oficial (coordenadas oficiales),2026-10-01
osm-w1303289963,mass,Mass Av. La Marina 550,Av. La Marina 550,Moche,Trujillo,La Libertad,130107,-8.171462,-79.011443,exact,osm,w1303289963,verified,"También en la lista oficial; distrito según la lista oficial: Trujillo",2026-10-01
osm-w1303263045,mass,Mass Jr. Fco. Bolognesi 467,Jr. Fco. Bolognesi 467,Moche,Trujillo,La Libertad,130107,-8.170355,-79.009070,exact,osm,w1303263045,verified,También en la lista oficial,2026-10-01
web-mass-aux-panamericana-norte-2,mass,Mass Aux. Panamericana Norte,Aux. Panamericana Norte (Frente A Empresa Miramar),Salaverry,Trujillo,La Libertad,130109,-8.178950,-78.992090,exact,web,https://www.tiendasmass.com.pe/ubicame/,verified,"Solo en la lista oficial (coordenadas oficiales); distrito según la lista oficial: Moche",2026-10-01
web-mass-cl-la-rivera,mass,Mass Cl. La Rivera,Cl. La Rivera (Cerca A Cl. Orbegoso),Salaverry,Trujillo,La Libertad,130109,-8.220410,-78.977910,exact,web,https://www.tiendasmass.com.pe/ubicame/,verified,Solo en la lista oficial (coordenadas oficiales),2026-10-01
web-mass-cl-san-pedro,mass,Mass Cl. San Pedro,Cl. San Pedro (Cerca Del Mcdo. Zonal),Salaverry,Trujillo,La Libertad,130109,-8.187708,-78.985370,exact,web,https://www.tiendasmass.com.pe/ubicame/,verified,Solo en la lista oficial (coordenadas oficiales),2026-10-01
osm-n11100908470,mass,Mass Av. 29 De Diciembre 496,Av. 29 De Diciembre 496,Trujillo,Trujillo,La Libertad,130101,-8.119545,-79.028557,exact,osm,n11100908470,verified,También en la lista oficial,2026-10-01
osm-n13137184203,mass,Mass Av. Alcides Carrión Daniel 442 Int. 448,Av. Alcides Carrión Daniel 442 Int. 448,Trujillo,Trujillo,La Libertad,130101,-8.110040,-79.034567,exact,osm,n13137184203,verified,También en la lista oficial,2026-10-01
web-mass-av-america-norte-2311,mass,Mass Av. América Norte 2311,Av. América Norte 2311,Trujillo,Trujillo,La Libertad,130101,-8.102788,-79.032666,exact,web,https://www.tiendasmass.com.pe/ubicame/,verified,Solo en la lista oficial (coordenadas oficiales),2026-10-01
web-mass-av-buenos-aires-392,mass,Mass Av. Buenos Aires 392,Av. Buenos Aires 392,Trujillo,Trujillo,La Libertad,130101,-8.104702,-79.038459,exact,web,https://www.tiendasmass.com.pe/ubicame/,verified,Solo en la lista oficial (coordenadas oficiales),2026-10-01
web-mass-av-camino-real-2,mass,Mass Av. Camino Real,Av. Camino Real (Cerca De Cl. Los Topacios),Trujillo,Trujillo,La Libertad,130101,-8.097820,-79.003500,exact,web,https://www.tiendasmass.com.pe/ubicame/,verified,Solo en la lista oficial (coordenadas oficiales),2026-10-01
web-mass-av-cesar-vallejo-1059-1061,mass,Mass Av. Cesar Vallejo 1059 - 1061,Av. Cesar Vallejo 1059 - 1061,Trujillo,Trujillo,La Libertad,130101,-8.104053,-79.012552,exact,web,https://www.tiendasmass.com.pe/ubicame/,verified,Solo en la lista oficial (coordenadas oficiales),2026-10-01
web-mass-av-cesar-vallejo-1390-1396,mass,Mass Av. César Vallejo 1390 - 1396,Av. César Vallejo 1390 - 1396,Trujillo,Trujillo,La Libertad,130101,-8.100714,-79.009372,exact,web,https://www.tiendasmass.com.pe/ubicame/,verified,Solo en la lista oficial (coordenadas oficiales),2026-10-01
web-mass-av-del-ejercito-999,mass,Mass Av. Del Ejército 999,Av. Del Ejército 999,Trujillo,Trujillo,La Libertad,130101,-8.098986,-79.018897,exact,web,https://www.tiendasmass.com.pe/ubicame/,verified,Solo en la lista oficial (coordenadas oficiales),2026-10-01
web-mass-av-el-ejercito-325-327,mass,Mass Av. El Ejército 325 - 327,Av. El Ejército 325 - 327,Trujillo,Trujillo,La Libertad,130101,-8.103910,-79.022903,exact,web,https://www.tiendasmass.com.pe/ubicame/,verified,Solo en la lista oficial (coordenadas oficiales),2026-10-01
web-mass-av-espana-2431,mass,Mass Av. España 2431,Av. España 2431,Trujillo,Trujillo,La Libertad,130101,-8.116213,-79.026023,exact,web,https://www.tiendasmass.com.pe/ubicame/,verified,Solo en la lista oficial (coordenadas oficiales),2026-10-01
osm-w1236685240,mass,Mass Av. Gonzales Prada,Av. Gonzales Prada (Frente A La Pollería Don Marco),Trujillo,Trujillo,La Libertad,130101,-8.123699,-79.017848,exact,osm,w1236685240,verified,También en la lista oficial,2026-10-01
web-mass-av-husares-de-junin,mass,Mass Av. Húsares De Junín,Av. Húsares De Junín (A Media Cdra. De Av. América Sur),Trujillo,Trujillo,La Libertad,130101,-8.126872,-79.036091,exact,web,https://www.tiendasmass.com.pe/ubicame/,verified,Solo en la lista oficial (coordenadas oficiales),2026-10-01
web-mass-av-juan-pablo-ii,mass,Mass Av. Juan Pablo II,Av. Juan Pablo II (Cerca A Cl. Rosa Francia),Trujillo,Trujillo,La Libertad,130101,-8.121600,-79.042060,exact,web,https://www.tiendasmass.com.pe/ubicame/,verified,Solo en la lista oficial (coordenadas oficiales),2026-10-01
osm-n11162160329,mass,Mass Av. Juan Pablo II 591,Av. Juan Pablo II 591,Trujillo,Trujillo,La Libertad,130101,-8.117980,-79.038815,exact,osm,n11162160329,verified,También en la lista oficial,2026-10-01
web-mass-av-la-perla,mass,Mass Av. La Perla,Av. La Perla (Cruce Con Cl. 1),Trujillo,Trujillo,La Libertad,130101,-8.127740,-79.028010,exact,web,https://www.tiendasmass.com.pe/ubicame/,verified,"Solo en la lista oficial (coordenadas oficiales); distrito según la lista oficial: Víctor Larco Herrera",2026-10-01
web-mass-av-larco-608,mass,Mass Av. Larco 608,Av. Larco 608,Trujillo,Trujillo,La Libertad,130101,-8.120200,-79.035200,exact,web,https://www.tiendasmass.com.pe/ubicame/,verified,Solo en la lista oficial (coordenadas oficiales),2026-10-01
web-mass-av-larco-herrera-victor-1199,mass,Mass Av. Larco Herrera Victor 1199,Av. Larco Herrera Victor 1199,Trujillo,Trujillo,La Libertad,130101,-8.125795,-79.039438,exact,web,https://www.tiendasmass.com.pe/ubicame/,verified,"Solo en la lista oficial (coordenadas oficiales); distrito según la lista oficial: Víctor Larco Herrera",2026-10-01
web-mass-av-mansiche-1625,mass,Mass Av. Mansiche 1625,Av. Mansiche 1625,Trujillo,Trujillo,La Libertad,130101,-8.101657,-79.044119,exact,web,https://www.tiendasmass.com.pe/ubicame/,verified,Solo en la lista oficial (coordenadas oficiales),2026-10-01
web-mass-av-metropolitana-n-1,mass,Mass Av. Metropolitana N° 1,Av. Metropolitana N° 1 (Frente Al Mcdo. De San Isidro),Trujillo,Trujillo,La Libertad,130101,-8.090941,-79.044684,exact,web,https://www.tiendasmass.com.pe/ubicame/,verified,Solo en la lista oficial (coordenadas oficiales),2026-10-01
web-mass-av-metropolitana-n-2,mass,Mass Av. Metropolitana N°2,Av. Metropolitana N°2 (Frente Al GYM Newbody San Isidro),Trujillo,Trujillo,La Libertad,130101,-8.094838,-79.048168,exact,web,https://www.tiendasmass.com.pe/ubicame/,verified,Solo en la lista oficial (coordenadas oficiales),2026-10-01
web-mass-av-miguel-angel-buonarroti-210,mass,Mass Av. Miguel Angel Buonarroti 210,Av. Miguel Angel Buonarroti 210,Trujillo,Trujillo,La Libertad,130101,-8.113630,-79.008200,exact,web,https://www.tiendasmass.com.pe/ubicame/,verified,Solo en la lista oficial (coordenadas oficiales),2026-10-01
web-mass-av-moche-865,mass,Mass Av. Moche 865,Av. Moche 865,Trujillo,Trujillo,La Libertad,130101,-8.121518,-79.023729,exact,web,https://www.tiendasmass.com.pe/ubicame/,verified,Solo en la lista oficial (coordenadas oficiales),2026-10-01
web-mass-av-pablo-casals,mass,Mass Av. Pablo Casals,Av. Pablo Casals (Frente A La Reniec),Trujillo,Trujillo,La Libertad,130101,-8.097596,-79.042922,exact,web,https://www.tiendasmass.com.pe/ubicame/,verified,Solo en la lista oficial (coordenadas oficiales),2026-10-01
web-mass-av-pablo-casals-322,mass,Mass Av. Pablo Casals 322,Av. Pablo Casals 322,Trujillo,Trujillo,La Libertad,130101,-8.093527,-79.036594,exact,web,https://www.tiendasmass.com.pe/ubicame/,verified,Solo en la lista oficial (coordenadas oficiales),2026-10-01
web-mass-av-pesqueda,mass,Mass Av. Pesqueda,Av. Pesqueda (Frente Al Colegio Hans Kelsen),Trujillo,Trujillo,La Libertad,130101,-8.091580,-79.003140,exact,web,https://www.tiendasmass.com.pe/ubicame/,verified,Solo en la lista oficial (coordenadas oficiales),2026-10-01
web-mass-av-prol-jesus-de-nazareth,mass,Mass Av. Prol. Jesús De Nazareth,Av. Prol. Jesús De Nazareth (A Cinco Cdras. Del Mcdo.),Trujillo,Trujillo,La Libertad,130101,-8.107605,-79.044110,exact,web,https://www.tiendasmass.com.pe/ubicame/,verified,Solo en la lista oficial (coordenadas oficiales),2026-10-01
web-mass-av-prol-santa-1340-1336,mass,Mass Av. Prol. Santa 1340 - 1336,Av. Prol. Santa 1340 - 1336,Trujillo,Trujillo,La Libertad,130101,-8.096780,-79.015950,exact,web,https://www.tiendasmass.com.pe/ubicame/,verified,Solo en la lista oficial (coordenadas oficiales),2026-10-01
web-mass-av-prolong-cesar-vallejo,mass,Mass Av. Prolong. Cesar Vallejo,Av. Prolong. Cesar Vallejo (Frente Al C.C Real Plaza),Trujillo,Trujillo,La Libertad,130101,-8.130870,-79.033034,exact,web,https://www.tiendasmass.com.pe/ubicame/,verified,Solo en la lista oficial (coordenadas oficiales),2026-10-01
web-mass-av-ricardo-palma-893,mass,Mass Av. Ricardo Palma 893,Av. Ricardo Palma 893,Trujillo,Trujillo,La Libertad,130101,-8.112355,-79.007062,exact,web,https://www.tiendasmass.com.pe/ubicame/,verified,Solo en la lista oficial (coordenadas oficiales),2026-10-01
web-mass-av-roma-531,mass,Mass Av. Roma 531,Av. Roma 531,Trujillo,Trujillo,La Libertad,130101,-8.109608,-79.037513,exact,web,https://www.tiendasmass.com.pe/ubicame/,verified,Solo en la lista oficial (coordenadas oficiales),2026-10-01
web-mass-av-salvador-lara-697,mass,Mass Av. Salvador Lara 697,Av. Salvador Lara 697,Trujillo,Trujillo,La Libertad,130101,-8.101773,-79.027417,exact,web,https://www.tiendasmass.com.pe/ubicame/,verified,Solo en la lista oficial (coordenadas oficiales),2026-10-01
web-mass-av-teodoro-valcarcel-416,mass,Mass Av. Teodoro Valcarcel 416,Av. Teodoro Valcarcel 416,Trujillo,Trujillo,La Libertad,130101,-8.099950,-79.034780,exact,web,https://www.tiendasmass.com.pe/ubicame/,verified,Solo en la lista oficial (coordenadas oficiales),2026-10-01
web-mass-av-tupac-amaru-638,mass,Mass Av. Túpac Amaru 638,Av. Túpac Amaru 638,Trujillo,Trujillo,La Libertad,130101,-8.098659,-79.028492,exact,web,https://www.tiendasmass.com.pe/ubicame/,verified,Solo en la lista oficial (coordenadas oficiales),2026-10-01
web-mass-av-uceda-meza-hermanos,mass,Mass Av. Uceda Meza Hermanos,Av. Uceda Meza Hermanos (Cerca Al Rest. Huaca Brava),Trujillo,Trujillo,La Libertad,130101,-8.098660,-79.023615,exact,web,https://www.tiendasmass.com.pe/ubicame/,verified,Solo en la lista oficial (coordenadas oficiales),2026-10-01
web-mass-av-vallejo-cesar-460,mass,Mass Av. Vallejo Cesar 460,Av. Vallejo Cesar 460,Trujillo,Trujillo,La Libertad,130101,-8.109370,-79.016930,exact,web,https://www.tiendasmass.com.pe/ubicame/,verified,Solo en la lista oficial (coordenadas oficiales),2026-10-01
web-mass-av-villa-del-contador,mass,Mass Av. Villa Del Contador,Av. Villa Del Contador (Cruce Con Calle 17),Trujillo,Trujillo,La Libertad,130101,-8.118440,-79.005500,exact,web,https://www.tiendasmass.com.pe/ubicame/,verified,Solo en la lista oficial (coordenadas oficiales),2026-10-01
web-mass-cl-gil-de-castro-651,mass,Mass Cl. Gil De Castro 651,Cl. Gil De Castro 651,Trujillo,Trujillo,La Libertad,130101,-8.107710,-79.005570,exact,web,https://www.tiendasmass.com.pe/ubicame/,verified,Solo en la lista oficial (coordenadas oficiales),2026-10-01
web-mass-cl-las-esmeraldas-399,mass,Mass Cl. Las Esmeraldas 399,Cl. Las Esmeraldas 399,Trujillo,Trujillo,La Libertad,130101,-8.101418,-79.039010,exact,web,https://www.tiendasmass.com.pe/ubicame/,verified,Solo en la lista oficial (coordenadas oficiales),2026-10-01
web-mass-cl-los-zafiros-252,mass,Mass Cl. Los Zafiros 252,Cl. Los Zafiros 252,Trujillo,Trujillo,La Libertad,130101,-8.092338,-79.006537,exact,web,https://www.tiendasmass.com.pe/ubicame/,verified,Solo en la lista oficial (coordenadas oficiales),2026-10-01
osm-n13137184202,mass,Mass Jr. Atahualpa 410 - 416,Jr. Atahualpa 410 - 416,Trujillo,Trujillo,La Libertad,130101,-8.115659,-79.022354,exact,osm,n13137184202,verified,También en la lista oficial,2026-10-01
web-mass-jr-diego-de-almagro-757-761-765,mass,Mass Jr. Diego De Almagro 757-761-765,Jr. Diego De Almagro 757-761-765,Trujillo,Trujillo,La Libertad,130101,-8.114880,-79.026590,exact,web,https://www.tiendasmass.com.pe/ubicame/,verified,Solo en la lista oficial (coordenadas oficiales),2026-10-01
web-mass-jr-francisco-borja-298,mass,Mass Jr. Francisco Borja 298,Jr. Francisco Borja 298,Trujillo,Trujillo,La Libertad,130101,-8.122465,-79.034608,exact,web,https://www.tiendasmass.com.pe/ubicame/,verified,Solo en la lista oficial (coordenadas oficiales),2026-10-01
osm-n11699172469,mass,Mass Jr. Simón Bolivar 573,Jr. Simón Bolivar 573,Trujillo,Trujillo,La Libertad,130101,-8.111754,-79.026191,exact,osm,n11699172469,verified,También en la lista oficial,2026-10-01
web-mass-pje-ortega-y-gasset,mass,Mass Pje. Ortega Y Gasset,Pje. Ortega Y Gasset (Cruce Con Calle Aristóteles),Trujillo,Trujillo,La Libertad,130101,-8.105110,-79.009020,exact,web,https://www.tiendasmass.com.pe/ubicame/,verified,Solo en la lista oficial (coordenadas oficiales),2026-10-01
web-mass-prol-av-santa-ana-2100,mass,Mass Prol. Av. Santa Ana 2100,Prol. Av. Santa Ana 2100,Trujillo,Trujillo,La Libertad,130101,-8.087790,-79.011640,exact,web,https://www.tiendasmass.com.pe/ubicame/,verified,Solo en la lista oficial (coordenadas oficiales),2026-10-01
web-mass-urb-popular-el-cortijo,mass,Mass Urb. Popular El Cortijo,Urb. Popular El Cortijo (Frente Del Rest. Ajicito Criollo),Trujillo,Trujillo,La Libertad,130101,-8.113491,-79.047456,exact,web,https://www.tiendasmass.com.pe/ubicame/,verified,Solo en la lista oficial (coordenadas oficiales),2026-10-01
osm-n12324883303,mass,Mass A.H. Buenos Aires,A.H. Buenos Aires (A Una Cdra. De La Plz. De Armas De Buenos Aires),Víctor Larco Herrera,Trujillo,La Libertad,130111,-8.142975,-79.054870,exact,osm,n12324883303,verified,"También en la lista oficial; distrito según la lista oficial: Trujillo",2026-10-01
web-mass-av-bolivia-645,mass,Mass Av. Bolivia 645,Av. Bolivia 645 (A Media Cdra. De Cl. Abraham Valdelomar),Víctor Larco Herrera,Trujillo,La Libertad,130111,-8.146418,-79.049232,exact,web,https://www.tiendasmass.com.pe/ubicame/,verified,Solo en la lista oficial (coordenadas oficiales),2026-10-01
web-mass-av-el-golf,mass,Mass Av. El Golf,Av. El Golf (A Dos Cdras. Del Country Club),Víctor Larco Herrera,Trujillo,La Libertad,130111,-8.141500,-79.029400,exact,web,https://www.tiendasmass.com.pe/ubicame/,verified,Solo en la lista oficial (coordenadas oficiales),2026-10-01
web-mass-av-juan-pablo-ii-2,mass,Mass Av. Juan Pablo II,Av. Juan Pablo II (Frente Al Centro Médico Ocupacional Y Asistencial),Víctor Larco Herrera,Trujillo,La Libertad,130111,-8.133531,-79.052680,exact,web,https://www.tiendasmass.com.pe/ubicame/,verified,"Solo en la lista oficial (coordenadas oficiales); distrito según la lista oficial: Trujillo",2026-10-01
web-mass-av-larco-1164,mass,Mass Av. Larco 1164,Av. Larco 1164,Víctor Larco Herrera,Trujillo,La Libertad,130111,-8.134100,-79.046870,exact,web,https://www.tiendasmass.com.pe/ubicame/,verified,Solo en la lista oficial (coordenadas oficiales),2026-10-01
web-mass-av-larco-herrera-764,mass,Mass Av. Larco Herrera 764,Av. Larco Herrera 764,Víctor Larco Herrera,Trujillo,La Libertad,130111,-8.139370,-79.051440,exact,web,https://www.tiendasmass.com.pe/ubicame/,verified,Solo en la lista oficial (coordenadas oficiales),2026-10-01
osm-n12073855019,mass,Mass Av. Los Ángeles 357 - 359 - 361,Av. Los Ángeles 357 - 359 - 361,Víctor Larco Herrera,Trujillo,La Libertad,130111,-8.131830,-79.037944,exact,osm,n12073855019,verified,También en la lista oficial,2026-10-01
web-mass-av-manuel-seoane-1150,mass,Mass Av. Manuel Seoane 1150,Av. Manuel Seoane 1150,Víctor Larco Herrera,Trujillo,La Libertad,130111,-8.136752,-79.043368,exact,web,https://www.tiendasmass.com.pe/ubicame/,verified,"Solo en la lista oficial (coordenadas oficiales); distrito según la lista oficial: Trujillo",2026-10-01
web-mass-av-prol-cesar-vallejo-c-57-urb-las-flores,mass,Mass Av. Prol. César Vallejo C-57 - Urb. Las Flores,Av. Prol. César Vallejo C-57 - Urb. Las Flores (Frente Al Centro Marijuan),Víctor Larco Herrera,Trujillo,La Libertad,130111,-8.136670,-79.037260,exact,web,https://www.tiendasmass.com.pe/ubicame/,verified,Solo en la lista oficial (coordenadas oficiales),2026-10-01
web-mass-pblo-joven-liberacion-social,mass,Mass Pblo. Joven Liberación Social,Pblo. Joven Liberación Social (A Cuatro Cdras. De La Reniec),Víctor Larco Herrera,Trujillo,La Libertad,130111,-8.133271,-79.048005,exact,web,https://www.tiendasmass.com.pe/ubicame/,verified,Solo en la lista oficial (coordenadas oficiales),2026-10-01
web-mass-pje-manco-capac-675,mass,Mass Pje. Manco Capac 675,Pje. Manco Capac 675,Víctor Larco Herrera,Trujillo,La Libertad,130111,-8.136900,-79.045040,exact,web,https://www.tiendasmass.com.pe/ubicame/,verified,Solo en la lista oficial (coordenadas oficiales),2026-10-01
web-mass-urb-san-andres-v-etapa,mass,Mass Urb. San Andrés V Etapa,Urb. San Andrés V Etapa (Frente Al Pque. De Las Aguas),Víctor Larco Herrera,Trujillo,La Libertad,130111,-8.130150,-79.045020,exact,web,https://www.tiendasmass.com.pe/ubicame/,verified,Solo en la lista oficial (coordenadas oficiales),2026-10-01
web-mass-av-alan-garcia,mass,Mass Av. Alan García,Av. Alan García (Frente A La Plaza De Armas),Chao,Virú,La Libertad,131202,-8.539650,-78.678850,exact,web,https://www.tiendasmass.com.pe/ubicame/,verified,Solo en la lista oficial (coordenadas oficiales),2026-10-01
web-mass-av-victor-raul-1745,mass,Mass Av. Víctor Raúl 1745,Av. Víctor Raúl 1745,Chao,Virú,La Libertad,131202,-8.540712,-78.675871,exact,web,https://www.tiendasmass.com.pe/ubicame/,verified,Solo en la lista oficial (coordenadas oficiales),2026-10-01
web-mass-av-libertad,mass,Mass Av. Libertad,Av. Libertad (Cruce Con Cl. 6 De Setiembre),Guadalupito,Virú,La Libertad,131203,-8.951073,-78.625540,exact,web,https://www.tiendasmass.com.pe/ubicame/,verified,Solo en la lista oficial (coordenadas oficiales),2026-10-01
web-mass-a-h-victor-raul-haya-de-la-torre,mass,Mass A.H. Víctor Raúl Haya De La Torre,A.H. Víctor Raúl Haya De La Torre (Al Lado Del Mcdo. Víctor Haya De La Torre),Virú,Virú,La Libertad,131201,-8.406810,-78.820300,exact,web,https://www.tiendasmass.com.pe/ubicame/,verified,Solo en la lista oficial (coordenadas oficiales),2026-10-01
osm-w1427225259,mass,Mass Av. Virú,Av. Virú (Frente A Caja Sullana),Virú,Virú,La Libertad,131201,-8.423242,-78.779961,exact,osm,w1427225259,verified,También en la lista oficial,2026-10-01
web-mass-panamericana-norte,mass,Mass Panamericana Norte,Panamericana Norte (Al Lado Del Mcdo. San José),Virú,Virú,La Libertad,131201,-8.447350,-78.737690,approx,web,https://www.tiendasmass.com.pe/ubicame/,to_verify,"Solo en la lista oficial (coordenadas oficiales); coordenadas oficiales dudosas",2026-10-01
web-mass-panamericana-norte-4,mass,Mass Panamericana Norte,Panamericana Norte (Frente De Procampo),Virú,Virú,La Libertad,131201,-8.424848,-78.781480,exact,web,https://www.tiendasmass.com.pe/ubicame/,verified,Solo en la lista oficial (coordenadas oficiales),2026-10-01
web-mass-av-tupac-amaru-5,mass,Mass Av. Túpac Amaru,Av. Túpac Amaru (Frente A Plaza De Armas),Cayaltí,Chiclayo,Lambayeque,140116,-6.892720,-79.562140,exact,web,https://www.tiendasmass.com.pe/ubicame/,verified,"Solo en la lista oficial (coordenadas oficiales); distrito según la lista oficial: Chiclayo - Cayaltí",2026-10-01
web-mass-aux-de-av-pacifico,mass,Mass Aux. De Av. Pacífico,Aux. De Av. Pacífico (Cruce Con Cl. Río Huallaga),Chiclayo,Chiclayo,Lambayeque,140101,-6.772970,-79.865180,exact,web,https://www.tiendasmass.com.pe/ubicame/,verified,Solo en la lista oficial (coordenadas oficiales),2026-10-01
osm-n13704691201,mass,Mass Av. 7 De Enero Sur 121,Av. 7 De Enero Sur 121,Chiclayo,Chiclayo,Lambayeque,140101,-6.777862,-79.837137,exact,osm,n13704691201,verified,También en la lista oficial,2026-10-01
web-mass-av-colectora,mass,Mass Av. Colectora,Av. Colectora (Cerca A Prol. Pacasmayo),Chiclayo,Chiclayo,Lambayeque,140101,-6.783830,-79.854330,exact,web,https://www.tiendasmass.com.pe/ubicame/,verified,Solo en la lista oficial (coordenadas oficiales),2026-10-01
web-mass-av-elvira-garcia-y-garcia-865,mass,Mass Av. Elvira García Y García 865,Av. Elvira García Y García 865,Chiclayo,Chiclayo,Lambayeque,140101,-6.773920,-79.853420,exact,web,https://www.tiendasmass.com.pe/ubicame/,verified,Solo en la lista oficial (coordenadas oficiales),2026-10-01
web-mass-av-fernando-belaunde-terry-505,mass,Mass Av. Fernando Belaúnde Terry 505,Av. Fernando Belaúnde Terry 505,Chiclayo,Chiclayo,Lambayeque,140101,-6.765020,-79.854000,exact,web,https://www.tiendasmass.com.pe/ubicame/,verified,Solo en la lista oficial (coordenadas oficiales),2026-10-01
web-mass-av-grau-477,mass,Mass Av. Grau 477,Av. Grau 477,Chiclayo,Chiclayo,Lambayeque,140101,-6.780530,-79.844680,exact,web,https://www.tiendasmass.com.pe/ubicame/,verified,Solo en la lista oficial (coordenadas oficiales),2026-10-01
web-mass-av-grau-707,mass,Mass Av. Grau 707,Av. Grau 707,Chiclayo,Chiclayo,Lambayeque,140101,-6.786880,-79.846290,exact,web,https://www.tiendasmass.com.pe/ubicame/,verified,Solo en la lista oficial (coordenadas oficiales),2026-10-01
web-mass-av-jorge-chavez-560,mass,Mass Av. Jorge Chávez 560,Av. Jorge Chávez 560,Chiclayo,Chiclayo,Lambayeque,140101,-6.770150,-79.829690,exact,web,https://www.tiendasmass.com.pe/ubicame/,verified,Solo en la lista oficial (coordenadas oficiales),2026-10-01
web-mass-av-jose-quinones-720,mass,Mass Av. José Quiñones 720,Av. José Quiñones 720,Chiclayo,Chiclayo,Lambayeque,140101,-6.767037,-79.832772,exact,web,https://www.tiendasmass.com.pe/ubicame/,verified,Solo en la lista oficial (coordenadas oficiales),2026-10-01
web-mass-av-libertad-553,mass,Mass Av. Libertad 553,Av. Libertad 553,Chiclayo,Chiclayo,Lambayeque,140101,-6.782810,-79.839640,exact,web,https://www.tiendasmass.com.pe/ubicame/,verified,Solo en la lista oficial (coordenadas oficiales),2026-10-01
web-mass-av-los-treboles-265,mass,Mass Av. Los Tréboles 265,Av. Los Tréboles 265,Chiclayo,Chiclayo,Lambayeque,140101,-6.760380,-79.858210,exact,web,https://www.tiendasmass.com.pe/ubicame/,verified,Solo en la lista oficial (coordenadas oficiales),2026-10-01
osm-n13702760601,mass,Mass Av. Luis Gonzales 1222,Av. Luis Gonzales 1222,Chiclayo,Chiclayo,Lambayeque,140101,-6.768312,-79.841804,exact,osm,n13702760601,verified,También en la lista oficial,2026-10-01
web-mass-av-prol-francisco-bolognesi-1478,mass,Mass Av. Prol. Francisco Bolognesi 1478,Av. Prol. Francisco Bolognesi 1478 (Cerca A Av. Agustín Vallejos Zavala),Chiclayo,Chiclayo,Lambayeque,140101,-6.785460,-79.865560,exact,web,https://www.tiendasmass.com.pe/ubicame/,verified,Solo en la lista oficial (coordenadas oficiales),2026-10-01
web-mass-av-saenz-pena-1757,mass,Mass Av. Saenz Peña 1757,Av. Saenz Peña 1757,Chiclayo,Chiclayo,Lambayeque,140101,-6.763910,-79.834950,exact,web,https://www.tiendasmass.com.pe/ubicame/,verified,Solo en la lista oficial (coordenadas oficiales),2026-10-01
web-mass-av-saenz-pena-330,mass,Mass Av. Sáenz Peña 330,Av. Sáenz Peña 330,Chiclayo,Chiclayo,Lambayeque,140101,-6.775120,-79.835660,exact,web,https://www.tiendasmass.com.pe/ubicame/,verified,Solo en la lista oficial (coordenadas oficiales),2026-10-01
web-mass-av-saenz-pena-969,mass,Mass Av. Saenz Peña 969,Av. Saenz Peña 969 (A Media Cdra. De Cl. Vicente De La Vega),Chiclayo,Chiclayo,Lambayeque,140101,-6.770270,-79.836170,exact,web,https://www.tiendasmass.com.pe/ubicame/,verified,Solo en la lista oficial (coordenadas oficiales),2026-10-01
web-mass-av-zarumilla-406,mass,Mass Av. Zarumilla 406,Av. Zarumilla 406,Chiclayo,Chiclayo,Lambayeque,140101,-6.770230,-79.868890,exact,web,https://www.tiendasmass.com.pe/ubicame/,verified,Solo en la lista oficial (coordenadas oficiales),2026-10-01
web-mass-calle-juan-pablo-ii,mass,Mass Calle Juan Pablo II,Calle Juan Pablo II (Cerca De Av. Teatro),Chiclayo,Chiclayo,Lambayeque,140101,-6.781070,-79.867120,exact,web,https://www.tiendasmass.com.pe/ubicame/,verified,Solo en la lista oficial (coordenadas oficiales),2026-10-01
web-mass-cl-alfonso-ugarte-1466,mass,Mass Cl. Alfonso Ugarte 1466,Cl. Alfonso Ugarte 1466,Chiclayo,Chiclayo,Lambayeque,140101,-6.765406,-79.840791,exact,web,https://www.tiendasmass.com.pe/ubicame/,verified,Solo en la lista oficial (coordenadas oficiales),2026-10-01
web-mass-cl-las-glorias-110-urb-los-libertadores,mass,Mass Cl. Las Glorias 110 - Urb. Los Libertadores,Cl. Las Glorias 110 - Urb. Los Libertadores (Frente Al Óvalo Quiñones),Chiclayo,Chiclayo,Lambayeque,140101,-6.769800,-79.855840,exact,web,https://www.tiendasmass.com.pe/ubicame/,verified,Solo en la lista oficial (coordenadas oficiales),2026-10-01
web-mass-panamericana-norte-2,mass,Mass Panamericana Norte,Panamericana Norte (Cruce Con Av. Zarumilla),Chiclayo,Chiclayo,Lambayeque,140101,-6.765810,-79.868140,exact,web,https://www.tiendasmass.com.pe/ubicame/,verified,Solo en la lista oficial (coordenadas oficiales),2026-10-01
web-mass-cl-simon-bolivar-1324,mass,Mass Cl. Simón Bolívar 1324,Cl. Simón Bolívar 1324,Chongoyape,Chiclayo,Lambayeque,140102,-6.643270,-79.385980,exact,web,https://www.tiendasmass.com.pe/ubicame/,verified,"Solo en la lista oficial (coordenadas oficiales); distrito según la lista oficial: Chiclayo - Chongoyape",2026-10-01
web-mass-cl-manuel-bonilla-555,mass,Mass Cl. Manuel Bonilla 555,Cl. Manuel Bonilla 555,Etén,Chiclayo,Lambayeque,140103,-6.907960,-79.863080,exact,web,https://www.tiendasmass.com.pe/ubicame/,verified,Solo en la lista oficial (coordenadas oficiales),2026-10-01
web-mass-av-chiclayo,mass,Mass Av. Chiclayo,Av. Chiclayo (Cruce Con Cl. Paraguay),José Leonardo Ortiz,Chiclayo,Lambayeque,140105,-6.745640,-79.841250,exact,web,https://www.tiendasmass.com.pe/ubicame/,verified,"Solo en la lista oficial (coordenadas oficiales); distrito según la lista oficial: Chiclayo - Jose Leonardo Ortíz",2026-10-01
web-mass-av-jose-balta-2079,mass,Mass Av. José Balta 2079,Av. José Balta 2079,José Leonardo Ortiz,Chiclayo,Lambayeque,140105,-6.760250,-79.837330,exact,web,https://www.tiendasmass.com.pe/ubicame/,verified,"Solo en la lista oficial (coordenadas oficiales); distrito según la lista oficial: Chiclayo - Jose Leonardo Ortíz",2026-10-01
web-mass-av-kennedy-761,mass,Mass Av. Kennedy 761,Av. Kennedy 761,José Leonardo Ortiz,Chiclayo,Lambayeque,140105,-6.756250,-79.843870,exact,web,https://www.tiendasmass.com.pe/ubicame/,verified,"Solo en la lista oficial (coordenadas oficiales); distrito según la lista oficial: Chiclayo - Jose Leonardo Ortíz",2026-10-01
web-mass-av-leguia-1786,mass,Mass Av. Leguía 1786,Av. Leguía 1786,José Leonardo Ortiz,Chiclayo,Lambayeque,140105,-6.760390,-79.849900,exact,web,https://www.tiendasmass.com.pe/ubicame/,verified,"Solo en la lista oficial (coordenadas oficiales); distrito según la lista oficial: Chiclayo - Jose Leonardo Ortíz",2026-10-01
web-mass-av-mariano-cornejo-591,mass,Mass Av. Mariano Cornejo 591,Av. Mariano Cornejo 591,José Leonardo Ortiz,Chiclayo,Lambayeque,140105,-6.755290,-79.850590,exact,web,https://www.tiendasmass.com.pe/ubicame/,verified,"Solo en la lista oficial (coordenadas oficiales); distrito según la lista oficial: Chiclayo - Jose Leonardo Ortíz",2026-10-01
web-mass-av-venezuela-1430,mass,Mass Av. Venezuela 1430,Av. Venezuela 1430,José Leonardo Ortiz,Chiclayo,Lambayeque,140105,-6.754750,-79.838730,exact,web,https://www.tiendasmass.com.pe/ubicame/,verified,"Solo en la lista oficial (coordenadas oficiales); distrito según la lista oficial: Chiclayo - Jose Leonardo Ortíz",2026-10-01
web-mass-cl-27-de-julio-102,mass,Mass Cl. 27 De Julio 102,Cl. 27 De Julio 102,José Leonardo Ortiz,Chiclayo,Lambayeque,140105,-6.759617,-79.825109,exact,web,https://www.tiendasmass.com.pe/ubicame/,verified,"Solo en la lista oficial (coordenadas oficiales); distrito según la lista oficial: Chiclayo - Jose Leonardo Ortíz",2026-10-01
web-mass-cl-los-tulipanes,mass,Mass Cl. Los Tulipanes,Cl. Los Tulipanes (Cruce Con Cl. Roosevelt),José Leonardo Ortiz,Chiclayo,Lambayeque,140105,-6.745700,-79.832800,exact,web,https://www.tiendasmass.com.pe/ubicame/,verified,"Solo en la lista oficial (coordenadas oficiales); distrito según la lista oficial: Chiclayo - Jose Leonardo Ortíz",2026-10-01
web-mass-cl-roma,mass,Mass Cl. Roma,Cl. Roma (Cruce Con Cl. Richard Gordon),José Leonardo Ortiz,Chiclayo,Lambayeque,140105,-6.750350,-79.830680,exact,web,https://www.tiendasmass.com.pe/ubicame/,verified,"Solo en la lista oficial (coordenadas oficiales); distrito según la lista oficial: Chiclayo - Jose Leonardo Ortíz",2026-10-01
web-mass-av-antenor-orrego-783,mass,Mass Av. Antenor Orrego 783,Av. Antenor Orrego 783,La Victoria,Chiclayo,Lambayeque,140106,-6.791200,-79.834970,exact,web,https://www.tiendasmass.com.pe/ubicame/,verified,"Solo en la lista oficial (coordenadas oficiales); distrito según la lista oficial: Chiclayo - La Victoria",2026-10-01
web-mass-av-gran-chimu-1205,mass,Mass Av. Gran Chimú 1205,Av. Gran Chimú 1205,La Victoria,Chiclayo,Lambayeque,140106,-6.801560,-79.840000,exact,web,https://www.tiendasmass.com.pe/ubicame/,verified,"Solo en la lista oficial (coordenadas oficiales); distrito según la lista oficial: Chiclayo - La Victoria",2026-10-01
web-mass-av-los-amautas-460,mass,Mass Av. Los Amautas 460,Av. Los Amautas 460 (A Media Cuadra De Pque. San José Obrero) - - Chiclayo,La Victoria,Chiclayo,Lambayeque,140106,-6.794330,-79.834920,exact,web,https://www.tiendasmass.com.pe/ubicame/,verified,Solo en la lista oficial (coordenadas oficiales),2026-10-01
web-mass-av-los-incas-1352,mass,Mass Av. Los Incas 1352,Av. Los Incas 1352,La Victoria,Chiclayo,Lambayeque,140106,-6.803910,-79.838830,exact,web,https://www.tiendasmass.com.pe/ubicame/,verified,"Solo en la lista oficial (coordenadas oficiales); distrito según la lista oficial: Chiclayo - La Victoria",2026-10-01
web-mass-av-los-incas-860,mass,Mass Av. Los Incas 860,Av. Los Incas 860,La Victoria,Chiclayo,Lambayeque,140106,-6.797030,-79.840250,exact,web,https://www.tiendasmass.com.pe/ubicame/,verified,Solo en la lista oficial (coordenadas oficiales),2026-10-01
web-mass-cl-viru-626,mass,Mass Cl. Virú 626,Cl. Virú 626,La Victoria,Chiclayo,Lambayeque,140106,-6.796910,-79.844860,exact,web,https://www.tiendasmass.com.pe/ubicame/,verified,"Solo en la lista oficial (coordenadas oficiales); distrito según la lista oficial: Chiclayo - La Victoria",2026-10-01
web-mass-av-chiclayo-496,mass,Mass Av. Chiclayo 496,Av. Chiclayo 496,Lagunas,Chiclayo,Lambayeque,140107,-6.991626,-79.622101,exact,web,https://www.tiendasmass.com.pe/ubicame/,verified,"Solo en la lista oficial (coordenadas oficiales); distrito según la lista oficial: Chiclayo - Lagunas",2026-10-01
web-mass-av-venezuela,mass,Mass Av. Venezuela,Av. Venezuela (Cerca De Av. Tacna),Monsefú,Chiclayo,Lambayeque,140108,-6.876350,-79.868080,exact,web,https://www.tiendasmass.com.pe/ubicame/,verified,"Solo en la lista oficial (coordenadas oficiales); distrito según la lista oficial: Chiclayo - Monsefú",2026-10-01
web-mass-cl-28-de-julio-617,mass,Mass Cl. 28 De Julio 617,Cl. 28 De Julio 617,Monsefú,Chiclayo,Lambayeque,140108,-6.878330,-79.872720,approx,web,https://www.tiendasmass.com.pe/ubicame/,to_verify,"Solo en la lista oficial (coordenadas oficiales); coordenadas oficiales dudosas; distrito según la lista oficial: Chiclayo",2026-10-01
web-mass-av-miguel-grau-536,mass,Mass Av. Miguel Grau 536,Av. Miguel Grau 536,Picsi,Chiclayo,Lambayeque,140111,-6.716687,-79.771124,approx,web,https://www.tiendasmass.com.pe/ubicame/,to_verify,"Solo en la lista oficial (coordenadas oficiales); coordenadas oficiales dudosas; distrito según la lista oficial: Chiclayo",2026-10-01
web-mass-av-alfonso-ugarte-502,mass,Mass Av. Alfonso Ugarte 502,Av. Alfonso Ugarte 502,Pimentel,Chiclayo,Lambayeque,140112,-6.838020,-79.934190,exact,web,https://www.tiendasmass.com.pe/ubicame/,verified,Solo en la lista oficial (coordenadas oficiales),2026-10-01
web-mass-av-algarrobos,mass,Mass Av. Algarrobos,Av. Algarrobos (Cruce Con Av. Praderas),Pimentel,Chiclayo,Lambayeque,140112,-6.778440,-79.884560,exact,web,https://www.tiendasmass.com.pe/ubicame/,verified,"Solo en la lista oficial (coordenadas oficiales); distrito según la lista oficial: Chiclayo",2026-10-01
web-mass-av-progreso-193,mass,Mass Av. Progreso 193,Av. Progreso 193 (Al Lado Del Complejo Dep. Perú Gol),Pimentel,Chiclayo,Lambayeque,140112,-6.771400,-79.873970,exact,web,https://www.tiendasmass.com.pe/ubicame/,verified,"Solo en la lista oficial (coordenadas oficiales); distrito según la lista oficial: Chiclayo",2026-10-01
web-mass-av-universidad-de-lima,mass,Mass Av. Universidad De Lima,Av. Universidad De Lima (Cerca A Cl. C. Leonardo),Pimentel,Chiclayo,Lambayeque,140112,-6.787480,-79.875600,approx,web,https://www.tiendasmass.com.pe/ubicame/,to_verify,"Solo en la lista oficial (coordenadas oficiales); coordenadas oficiales dudosas",2026-10-01
web-mass-calle-11,mass,Mass Calle 11,Calle 11 (Al Lado Del Market Primavera),Pimentel,Chiclayo,Lambayeque,140112,-6.793690,-79.884840,approx,web,https://www.tiendasmass.com.pe/ubicame/,to_verify,"Solo en la lista oficial (coordenadas oficiales); coordenadas oficiales dudosas",2026-10-01
web-mass-cl-jose-quinonez,mass,Mass Cl. José Quiñonez,Cl. José Quiñonez (A Media Cdra. De Psje. Elias Aguirre),Pimentel,Chiclayo,Lambayeque,140112,-6.833290,-79.937680,exact,web,https://www.tiendasmass.com.pe/ubicame/,verified,Solo en la lista oficial (coordenadas oficiales),2026-10-01
web-mass-jr-lima-225,mass,Mass Jr. Lima 225,Jr. Lima 225,Pimentel,Chiclayo,Lambayeque,140112,-6.836000,-79.936600,exact,web,https://www.tiendasmass.com.pe/ubicame/,verified,Solo en la lista oficial (coordenadas oficiales),2026-10-01
web-mass-cl-24-de-junio,mass,Mass Cl. 24 De Junio,"Cl. 24 De Junio (Cruce Con Calle S/N, Al Lado Del Mcdo. Pomalca) - Pomalca",Pomalca,Chiclayo,Lambayeque,140118,-6.768800,-79.774260,approx,web,https://www.tiendasmass.com.pe/ubicame/,to_verify,"Solo en la lista oficial (coordenadas oficiales); coordenadas oficiales dudosas; distrito según la lista oficial: Chiclayo",2026-10-01
web-mass-cl-diego-ferre-427,mass,Mass Cl. Diego Ferré 427,Cl. Diego Ferré 427,Reque,Chiclayo,Lambayeque,140113,-6.864960,-79.818410,exact,web,https://www.tiendasmass.com.pe/ubicame/,verified,"Solo en la lista oficial (coordenadas oficiales); distrito según la lista oficial: Chiclayo - Reque",2026-10-01
web-mass-av-mariscal-castilla-720,mass,Mass Av. Mariscal Castilla 720,Av. Mariscal Castilla 720,Santa Rosa,Chiclayo,Lambayeque,140114,-6.881130,-79.922550,exact,web,https://www.tiendasmass.com.pe/ubicame/,verified,"Solo en la lista oficial (coordenadas oficiales); distrito según la lista oficial: Chiclayo - Santa Rosa",2026-10-01
web-mass-cl-lima,mass,Mass Cl. Lima,Cl. Lima (Al Costado Del Banco De La Nación),Tumán,Chiclayo,Lambayeque,140120,-6.748870,-79.703720,exact,web,https://www.tiendasmass.com.pe/ubicame/,verified,Solo en la lista oficial (coordenadas oficiales),2026-10-01
web-mass-av-luis-a-takahashi,mass,Mass Av. Luis A. Takahashi,Av. Luis A. Takahashi (Cruce Con Av. San Martín),Ferreñafe,Ferreñafe,Lambayeque,140201,-6.633600,-79.787510,exact,web,https://www.tiendasmass.com.pe/ubicame/,verified,Solo en la lista oficial (coordenadas oficiales),2026-10-01
web-mass-cl-union,mass,Mass Cl. Unión,Cl. Unión (Cerca De Cl. Carmona),Ferreñafe,Ferreñafe,Lambayeque,140201,-6.638650,-79.788010,exact,web,https://www.tiendasmass.com.pe/ubicame/,verified,Solo en la lista oficial (coordenadas oficiales),2026-10-01
web-mass-pueblo-nuevo-haya-de-la-torre,mass,Mass Pueblo Nuevo Haya De La Torre,Pueblo Nuevo Haya De La Torre (Cerca De La Cl. Alegría),Pueblo Nuevo,Ferreñafe,Lambayeque,140206,-6.635180,-79.792140,exact,web,https://www.tiendasmass.com.pe/ubicame/,verified,"Solo en la lista oficial (coordenadas oficiales); distrito según la lista oficial: Ferreñafe",2026-10-01
web-mass-av-7-de-enero-517,mass,Mass Av. 7 De Enero 517,Av. 7 De Enero 517,Íllimo,Lambayeque,Lambayeque,140303,-6.472960,-79.854200,exact,web,https://www.tiendasmass.com.pe/ubicame/,verified,Solo en la lista oficial (coordenadas oficiales),2026-10-01
web-mass-cl-diego-ferre-576,mass,Mass Cl. Diego Ferré 576,Cl. Diego Ferré 576,Jayanca,Lambayeque,Lambayeque,140304,-6.392500,-79.821310,exact,web,https://www.tiendasmass.com.pe/ubicame/,verified,Solo en la lista oficial (coordenadas oficiales),2026-10-01
web-mass-av-huamachuco-364,mass,Mass Av. Huamachuco 364,Av. Huamachuco 364,Lambayeque,Lambayeque,Lambayeque,140301,-6.700730,-79.903840,exact,web,https://www.tiendasmass.com.pe/ubicame/,verified,Solo en la lista oficial (coordenadas oficiales),2026-10-01
web-mass-calle-jose-olaya,mass,Mass Calle José Olaya,Calle José Olaya (Frente Al Pqe. Pblo. Joven San Martin),Lambayeque,Lambayeque,Lambayeque,140301,-6.700490,-79.914000,exact,web,https://www.tiendasmass.com.pe/ubicame/,verified,Solo en la lista oficial (coordenadas oficiales),2026-10-01
osm-n12598908601,mass,Mass Cl. Antonio Monsalve Baca 168,Cl. Antonio Monsalve Baca 168,Lambayeque,Lambayeque,Lambayeque,140301,-6.705972,-79.902559,exact,osm,n12598908601,verified,También en la lista oficial,2026-10-01
web-mass-cl-atahualpa-159,mass,Mass Cl. Atahualpa 159,Cl. Atahualpa 159,Lambayeque,Lambayeque,Lambayeque,140301,-6.704500,-79.903520,exact,web,https://www.tiendasmass.com.pe/ubicame/,verified,Solo en la lista oficial (coordenadas oficiales),2026-10-01
web-mass-ctra-panamericana-norte-2,mass,Mass Ctra. Panamericana Norte,Ctra. Panamericana Norte (Cruce Con Av. Belaunde Terry),Lambayeque,Lambayeque,Lambayeque,140301,-6.696070,-79.903650,exact,web,https://www.tiendasmass.com.pe/ubicame/,verified,Solo en la lista oficial (coordenadas oficiales),2026-10-01
web-mass-av-san-martin-648,mass,Mass Av. San Martín 648,Av. San Martín 648,Mochumí,Lambayeque,Lambayeque,140305,-6.548040,-79.865110,exact,web,https://www.tiendasmass.com.pe/ubicame/,verified,Solo en la lista oficial (coordenadas oficiales),2026-10-01
web-mass-av-tupac-amaru,mass,Mass Av. Tupac Amaru,Av. Tupac Amaru (Cerca A Av. Alfonso Ugarte),Mórrope,Lambayeque,Lambayeque,140306,-6.542530,-80.013460,exact,web,https://www.tiendasmass.com.pe/ubicame/,verified,Solo en la lista oficial (coordenadas oficiales),2026-10-01
web-mass-av-tupac-amaru-ii-456,mass,Mass Av. Túpac Amaru II 456,Av. Túpac Amaru II 456,Motupe,Lambayeque,Lambayeque,140307,-6.154610,-79.716440,exact,web,https://www.tiendasmass.com.pe/ubicame/,verified,Solo en la lista oficial (coordenadas oficiales),2026-10-01
web-mass-cl-atahualpa-550,mass,Mass Cl. Atahualpa 550,Cl. Atahualpa 550,Olmos,Lambayeque,Lambayeque,140308,-5.989740,-79.745940,exact,web,https://www.tiendasmass.com.pe/ubicame/,verified,"Solo en la lista oficial (coordenadas oficiales); distrito según la lista oficial: Chiclayo - Olmos",2026-10-01
web-mass-ctra-fernando-belaunde-terry,mass,Mass Ctra. Fernando Belaúnde Terry,Ctra. Fernando Belaúnde Terry (A Espalda Del Colegio Virgen De La Paz Pacora),Pacora,Lambayeque,Lambayeque,140309,-6.428400,-79.840160,exact,web,https://www.tiendasmass.com.pe/ubicame/,verified,Solo en la lista oficial (coordenadas oficiales),2026-10-01
web-mass-av-alfonso-ugarte,mass,Mass Av. Alfonso Ugarte,Av. Alfonso Ugarte (Cruce Con Av. Leguía),San José,Lambayeque,Lambayeque,140311,-6.768060,-79.970210,exact,web,https://www.tiendasmass.com.pe/ubicame/,verified,Solo en la lista oficial (coordenadas oficiales),2026-10-01
web-mass-ctra-fernando-belaunde-terry-2,mass,Mass Ctra. Fernando Belaúnde Terry,Ctra. Fernando Belaúnde Terry (Cruce Con Cl. 16 De Febrero),Túcume,Lambayeque,Lambayeque,140312,-6.511020,-79.860790,exact,web,https://www.tiendasmass.com.pe/ubicame/,verified,Solo en la lista oficial (coordenadas oficiales),2026-10-01
web-mass-alfonso-ugarte-619-621,mass,Mass Alfonso Ugarte 619 - 621,Alfonso Ugarte 619 - 621,Barranca,Barranca,Lima,150201,-10.749700,-77.755052,exact,web,https://www.tiendasmass.com.pe/ubicame/,verified,Solo en la lista oficial (coordenadas oficiales),2026-10-01
web-mass-cl-bolognesi-110,mass,Mass Cl. Bolognesi 110,Cl. Bolognesi 110,Barranca,Barranca,Lima,150201,-10.754015,-77.760279,exact,web,https://www.tiendasmass.com.pe/ubicame/,verified,Solo en la lista oficial (coordenadas oficiales),2026-10-01
web-mass-jr-jose-galvez-egusquiza-235,mass,Mass Jr. José Gálvez Egúsquiza 235,Jr. José Gálvez Egúsquiza 235 (Cruce Con Jr. Alfonso Ugarte),Barranca,Barranca,Lima,150201,-10.752088,-77.760036,exact,web,https://www.tiendasmass.com.pe/ubicame/,verified,Solo en la lista oficial (coordenadas oficiales),2026-10-01
web-mass-jr-jose-galvez-egusquiza-407,mass,Mass Jr. José Gálvez Egusquiza 407,Jr. José Gálvez Egusquiza 407,Barranca,Barranca,Lima,150201,-10.751400,-77.760616,exact,web,https://www.tiendasmass.com.pe/ubicame/,verified,Solo en la lista oficial (coordenadas oficiales),2026-10-01
web-mass-jr-lima-1174,mass,Mass Jr. Lima 1174,Jr. Lima 1174,Barranca,Barranca,Lima,150201,-10.747458,-77.762125,exact,web,https://www.tiendasmass.com.pe/ubicame/,verified,Solo en la lista oficial (coordenadas oficiales),2026-10-01
web-mass-jr-progreso-260,mass,Mass Jr. Progreso 260,Jr. Progreso 260,Barranca,Barranca,Lima,150201,-10.750622,-77.764023,exact,web,https://www.tiendasmass.com.pe/ubicame/,verified,Solo en la lista oficial (coordenadas oficiales),2026-10-01
web-mass-av-francisco-vidal-210-212,mass,Mass Av. Francisco Vidal 210 - 212,Av. Francisco Vidal 210 - 212,Paramonga,Barranca,Lima,150202,-10.679290,-77.816820,exact,web,https://www.tiendasmass.com.pe/ubicame/,verified,"Solo en la lista oficial (coordenadas oficiales); distrito según la lista oficial: Barranca - Paramonga",2026-10-01
web-mass-jr-bolognesi-30,mass,Mass Jr. Bolognesi 30,Jr. Bolognesi 30,Paramonga,Barranca,Lima,150202,-10.673945,-77.819374,exact,web,https://www.tiendasmass.com.pe/ubicame/,verified,"Solo en la lista oficial (coordenadas oficiales); distrito según la lista oficial: Barranca - Paramonga",2026-10-01
web-mass-cl-independencia-283,mass,Mass Cl. Independencia 283,Cl. Independencia 283,Pativilca,Barranca,Lima,150203,-10.696003,-77.778388,exact,web,https://www.tiendasmass.com.pe/ubicame/,verified,Solo en la lista oficial (coordenadas oficiales),2026-10-01
web-mass-av-francisco-vidal-472,mass,Mass Av. Francisco Vidal 472,Av. Francisco Vidal 472,Supe,Barranca,Lima,150204,-10.796281,-77.716538,exact,web,https://www.tiendasmass.com.pe/ubicame/,verified,"Solo en la lista oficial (coordenadas oficiales); distrito según la lista oficial: Barranca - Supe",2026-10-01
web-mass-av-francisco-vidal-632,mass,Mass Av. Francisco Vidal 632,Av. Francisco Vidal 632,Supe,Barranca,Lima,150204,-10.796616,-77.714996,exact,web,https://www.tiendasmass.com.pe/ubicame/,verified,"Solo en la lista oficial (coordenadas oficiales); distrito según la lista oficial: Barranca - Supe",2026-10-01
web-mass-av-chinchaysuyo,mass,Mass Av. Chinchaysuyo,Av. Chinchaysuyo (A Una Cdra. De Ctra. Panamericana Norte),Supe Puerto,Barranca,Lima,150205,-10.794203,-77.731697,exact,web,https://www.tiendasmass.com.pe/ubicame/,verified,"Solo en la lista oficial (coordenadas oficiales); distrito según la lista oficial: Barranca - Supe Puerto",2026-10-01
web-mass-carr-panamericana-norte-949,mass,Mass Carr. Panamericana Norte 949,Carr. Panamericana Norte 949 (Cruce Con Cl. San Pedro),Supe Puerto,Barranca,Lima,150205,-10.796730,-77.740400,exact,web,https://www.tiendasmass.com.pe/ubicame/,verified,"Solo en la lista oficial (coordenadas oficiales); distrito según la lista oficial: Barranca - Supe",2026-10-01
web-mass-alfonso-ugarte,mass,Mass Alfonso Ugarte,Alfonso Ugarte (Cruce Con Av. 28 De Julio),Cerro Azul,Cañete,Lima,150504,-13.024616,-76.478982,exact,web,https://www.tiendasmass.com.pe/ubicame/,verified,"Solo en la lista oficial (coordenadas oficiales); distrito según la lista oficial: Cañete - Cerro Azul",2026-10-01
web-mass-av-mariano-ignacio-prado,mass,Mass Av. Mariano Ignacio Prado,Av. Mariano Ignacio Prado (Cerca A Multiservicios Perez),Chilca,Cañete,Lima,150505,-12.514006,-76.734555,exact,web,https://www.tiendasmass.com.pe/ubicame/,verified,"Solo en la lista oficial (coordenadas oficiales); distrito según la lista oficial: Cañete - Chilca",2026-10-01
web-mass-av-mariano-ignacio-prado-272,mass,Mass Av. Mariano Ignacio Prado 272,Av. Mariano Ignacio Prado 272,Chilca,Cañete,Lima,150505,-12.516037,-76.736248,exact,web,https://www.tiendasmass.com.pe/ubicame/,verified,"Solo en la lista oficial (coordenadas oficiales); distrito según la lista oficial: Cañete - Chilca",2026-10-01
web-mass-ctra-a-quilamana,mass,Mass Ctra. A Quilamaná,Ctra. A Quilamaná (Cruce Con Av. Oscar Ramos Cabieses),Imperial,Cañete,Lima,150507,-13.055008,-76.354550,exact,web,https://www.tiendasmass.com.pe/ubicame/,verified,"Solo en la lista oficial (coordenadas oficiales); distrito según la lista oficial: Cañete - Imperial",2026-10-01
web-mass-jr-28-de-julio-546,mass,Mass Jr. 28 De Julio 546,Jr. 28 De Julio 546,Imperial,Cañete,Lima,150507,-13.061807,-76.351205,exact,web,https://www.tiendasmass.com.pe/ubicame/,verified,"Solo en la lista oficial (coordenadas oficiales); distrito según la lista oficial: Imperial - Cañete",2026-10-01
web-mass-jr-sucre-310-312,mass,Mass Jr. Sucre 310 - 312,Jr. Sucre 310 - 312,Imperial,Cañete,Lima,150507,-13.059960,-76.352502,exact,web,https://www.tiendasmass.com.pe/ubicame/,verified,"Solo en la lista oficial (coordenadas oficiales); distrito según la lista oficial: Cañete - Imperial",2026-10-01
osm-n13391276161,mass,Mass Jr. Alfonso Ugarte,Jr. Alfonso Ugarte (Plz. De Armas De Lunahuaná),Lunahuaná,Cañete,Lima,150508,-12.962974,-76.140426,exact,osm,n13391276161,verified,"También en la lista oficial; distrito según la lista oficial: Cañete - Lunahuaná",2026-10-01
web-mass-artadi-castillo,mass,Mass Artadi Castillo,Artadi Castillo (Frente Al Mcdo. San Pedro),Mala,Cañete,Lima,150509,-12.653790,-76.635262,exact,web,https://www.tiendasmass.com.pe/ubicame/,verified,Solo en la lista oficial (coordenadas oficiales),2026-10-01
web-mass-jr-real-687,mass,Mass Jr. Real 687,Jr. Real 687,Mala,Cañete,Lima,150509,-12.659932,-76.632025,exact,web,https://www.tiendasmass.com.pe/ubicame/,verified,Solo en la lista oficial (coordenadas oficiales),2026-10-01
web-mass-cl-lima-3,mass,Mass Cl. Lima,Cl. Lima (Frente A La Plz. De Armas De Nvo. Imperial),Nuevo Imperial,Cañete,Lima,150510,-13.076198,-76.317134,exact,web,https://www.tiendasmass.com.pe/ubicame/,verified,Solo en la lista oficial (coordenadas oficiales),2026-10-01
web-mass-av-iquitos,mass,Mass Av. Iquitos,Av. Iquitos (Cerca Jr. Piura),Quilmaná,Cañete,Lima,150512,-12.944777,-76.383066,exact,web,https://www.tiendasmass.com.pe/ubicame/,verified,"Solo en la lista oficial (coordenadas oficiales); distrito según la lista oficial: Cañete",2026-10-01
web-mass-av-lima-350,mass,Mass Av. Lima 350,Av. Lima 350,Quilmaná,Cañete,Lima,150512,-12.950369,-76.382779,exact,web,https://www.tiendasmass.com.pe/ubicame/,verified,"Solo en la lista oficial (coordenadas oficiales); distrito según la lista oficial: Cañete - Quilmaná",2026-10-01
web-mass-cl-san-martin-cdra-6-n-135,mass,Mass Cl. San Martín Cdra. 6 N° 135,Cl. San Martín Cdra. 6 N° 135 (Frente Al Colegio María Goretti),San Luis,Cañete,Lima,150514,-13.050475,-76.431585,exact,web,https://www.tiendasmass.com.pe/ubicame/,verified,"Solo en la lista oficial (coordenadas oficiales); distrito según la lista oficial: Cañete - San Luis",2026-10-01
web-mass-av-mariscal-benavides,mass,Mass Av. Mariscal Benavides,Av. Mariscal Benavides (Cruce Con Cl. Las Rosas),San Vicente de Cañete,Cañete,Lima,150501,-13.065250,-76.356222,exact,web,https://www.tiendasmass.com.pe/ubicame/,verified,"Solo en la lista oficial (coordenadas oficiales); distrito según la lista oficial: Cañete - San Vicente",2026-10-01
web-mass-av-mariscal-benavides-394,mass,Mass Av. Mariscal Benavides 394,Av. Mariscal Benavides 394,San Vicente de Cañete,Cañete,Lima,150501,-13.076016,-76.380946,exact,web,https://www.tiendasmass.com.pe/ubicame/,verified,"Solo en la lista oficial (coordenadas oficiales); distrito según la lista oficial: Cañete",2026-10-01
web-mass-cl-hipolito-unanue-261,mass,Mass Cl. Hipólito Unanue 261,Cl. Hipólito Unanue 261,San Vicente de Cañete,Cañete,Lima,150501,-13.078227,-76.389425,exact,web,https://www.tiendasmass.com.pe/ubicame/,verified,"Solo en la lista oficial (coordenadas oficiales); distrito según la lista oficial: Cañete - San Vicente",2026-10-01
web-mass-camino-real,mass,Mass Camino Real,Camino Real (Frente A La Plz. De Armas De Aucallama),Aucallama,Huaral,Lima,150604,-11.559322,-77.179945,approx,web,https://www.tiendasmass.com.pe/ubicame/,to_verify,"Solo en la lista oficial (coordenadas oficiales); coordenadas oficiales dudosas; distrito según la lista oficial: Huaral",2026-10-01
web-mass-av-alberto-de-las-casas,mass,Mass Av. Alberto De Las Casas,Av. Alberto De Las Casas (Cerca De Cl. Vicente Hondarza Gómez),Chancay,Huaral,Lima,150605,-11.564854,-77.270526,exact,web,https://www.tiendasmass.com.pe/ubicame/,verified,Solo en la lista oficial (coordenadas oficiales),2026-10-01
web-mass-av-la-playa-chancayllo-n-1,mass,Mass Av. La Playa Chancayllo N° 1,Av. La Playa Chancayllo N° 1 (Cruce Con Ctra. Panamericana Norte) - Chancay,Chancay,Huaral,Lima,150605,-11.488880,-77.304880,approx,web,https://www.tiendasmass.com.pe/ubicame/,to_verify,"Solo en la lista oficial (coordenadas oficiales); coordenadas oficiales dudosas; distrito según la lista oficial: Chancay - Huaral",2026-10-01
web-mass-av-san-martin-25,mass,Mass Av. San Martín 25,Av. San Martín 25 (Al Lado De La Iglesia Bíblica De Peralvillo) - Chancay,Chancay,Huaral,Lima,150605,-11.589650,-77.262920,exact,web,https://www.tiendasmass.com.pe/ubicame/,verified,"Solo en la lista oficial (coordenadas oficiales); distrito según la lista oficial: Chancay - Huaral",2026-10-01
web-mass-av-simon-bolivar-239,mass,Mass Av. Simón Bolívar 239,Av. Simón Bolívar 239,Chancay,Huaral,Lima,150605,-11.563347,-77.269092,exact,web,https://www.tiendasmass.com.pe/ubicame/,verified,"Solo en la lista oficial (coordenadas oficiales); distrito según la lista oficial: Chancay - Huaral",2026-10-01
web-mass-cl-lopez-de-zuniga-384-386,mass,Mass Cl. Lopez De Zuñiga 384 - 386,Cl. Lopez De Zuñiga 384 - 386,Chancay,Huaral,Lima,150605,-11.565873,-77.268980,exact,web,https://www.tiendasmass.com.pe/ubicame/,verified,"Solo en la lista oficial (coordenadas oficiales); distrito según la lista oficial: Chancay - Huaral",2026-10-01
web-mass-av-chancay-123,mass,Mass Av. Chancay 123,Av. Chancay 123,Huaral,Huaral,Lima,150601,-11.496435,-77.209228,exact,web,https://www.tiendasmass.com.pe/ubicame/,verified,Solo en la lista oficial (coordenadas oficiales),2026-10-01
web-mass-av-los-alamos,mass,Mass Av. Los Álamos,Av. Los Álamos (Frente Al Pque. El Trébol),Huaral,Huaral,Lima,150601,-11.500178,-77.231809,exact,web,https://www.tiendasmass.com.pe/ubicame/,verified,Solo en la lista oficial (coordenadas oficiales),2026-10-01
web-mass-cl-alcides-carrion,mass,Mass Cl. Alcides Carrión,Cl. Alcides Carrión (Cruce Con Av. Estación),Huaral,Huaral,Lima,150601,-11.501012,-77.213870,exact,web,https://www.tiendasmass.com.pe/ubicame/,verified,Solo en la lista oficial (coordenadas oficiales),2026-10-01
web-mass-cl-derecha-int-354,mass,Mass Cl. Derecha Int 354,Cl. Derecha Int 354,Huaral,Huaral,Lima,150601,-11.495657,-77.206886,exact,web,https://www.tiendasmass.com.pe/ubicame/,verified,Solo en la lista oficial (coordenadas oficiales),2026-10-01
web-mass-jr-gonzales-prada-141,mass,Mass Jr. Gonzales Prada 141,Jr. Gonzales Prada 141,Huaral,Huaral,Lima,150601,-11.495860,-77.212420,exact,web,https://www.tiendasmass.com.pe/ubicame/,verified,Solo en la lista oficial (coordenadas oficiales),2026-10-01
web-mass-l-mariscal-castilla-137,mass,Mass L. Mariscal Castilla 137,L. Mariscal Castilla 137,Huaral,Huaral,Lima,150601,-11.493407,-77.205874,exact,web,https://www.tiendasmass.com.pe/ubicame/,verified,Solo en la lista oficial (coordenadas oficiales),2026-10-01
web-mass-urb-aparacio,mass,Mass Urb. Aparacio,Urb. Aparacio (Frente Al Mcdo. Mora Parra Huaral),Huaral,Huaral,Lima,150601,-11.493374,-77.200317,exact,web,https://www.tiendasmass.com.pe/ubicame/,verified,Solo en la lista oficial (coordenadas oficiales),2026-10-01
web-mass-av-simon-bolivar,mass,Mass Av. Simón Bolivar,Av. Simón Bolivar (A Media Cdra. Del Primax Arzapalo),Santa Eulalia,Huarochirí,Lima,150728,-11.920988,-76.668721,exact,web,https://www.tiendasmass.com.pe/ubicame/,verified,Solo en la lista oficial (coordenadas oficiales),2026-10-01
osm-w1513241646,mass,Mass Av. Túpac Amaru 240,Av. Túpac Amaru 240,Caleta de Carquín,Huaura,Lima,150803,-11.094685,-77.628146,exact,osm,w1513241646,verified,"También en la lista oficial; distrito según la lista oficial: Huaura",2026-10-01
web-mass-av-mercedes-indacochea-960,mass,Mass Av. Mercedes Indacochea 960,Av. Mercedes Indacochea 960,Huacho,Huaura,Lima,150801,-11.115109,-77.610402,exact,web,https://www.tiendasmass.com.pe/ubicame/,verified,"Solo en la lista oficial (coordenadas oficiales); distrito según la lista oficial: Huaura",2026-10-01
web-mass-av-miguel-grau-seminario-271,mass,Mass Av. Miguel Grau Seminario 271,Av. Miguel Grau Seminario 271 (Frente Al MIDIS),Huacho,Huaura,Lima,150801,-11.108159,-77.606931,exact,web,https://www.tiendasmass.com.pe/ubicame/,verified,Solo en la lista oficial (coordenadas oficiales),2026-10-01
osm-w224196810,mass,Mass Av. Túpac Amaru 504,Av. Túpac Amaru 504,Huacho,Huaura,Lima,150801,-11.107598,-77.598596,exact,osm,w224196810,verified,"También en la lista oficial; distrito según la lista oficial: Huacho - Santa María",2026-10-01
web-mass-jr-francisco-rosas-141-149-157,mass,Mass Jr. Francisco Rosas 141 - 149 - 157,Jr. Francisco Rosas 141 - 149 - 157 (A Media Cdra. De Av. 28 De Julio),Huacho,Huaura,Lima,150801,-11.106640,-77.608092,exact,web,https://www.tiendasmass.com.pe/ubicame/,verified,Solo en la lista oficial (coordenadas oficiales),2026-10-01
web-mass-jr-la-merced-440,mass,Mass Jr. La Merced 440,Jr. La Merced 440,Huacho,Huaura,Lima,150801,-11.104970,-77.608925,exact,web,https://www.tiendasmass.com.pe/ubicame/,verified,Solo en la lista oficial (coordenadas oficiales),2026-10-01
web-mass-av-cincuentenario-382,mass,Mass Av. Cincuentenario 382,Av. Cincuentenario 382,Hualmay,Huaura,Lima,150805,-11.101050,-77.612420,exact,web,https://www.tiendasmass.com.pe/ubicame/,verified,"Solo en la lista oficial (coordenadas oficiales); distrito según la lista oficial: Huacho",2026-10-01
web-mass-av-domingo-mandamiento-105,mass,Mass Av. Domingo Mandamiento 105,Av. Domingo Mandamiento 105,Hualmay,Huaura,Lima,150805,-11.101180,-77.603110,exact,web,https://www.tiendasmass.com.pe/ubicame/,verified,"Solo en la lista oficial (coordenadas oficiales); distrito según la lista oficial: Huacho",2026-10-01
web-mass-cl-jose-carlos-mariategui,mass,Mass Cl. José Carlos Mariátegui,Cl. José Carlos Mariátegui (Al Lado Del Templo De Los Mormones),Huaura,Huaura,Lima,150806,-11.069636,-77.598304,exact,web,https://www.tiendasmass.com.pe/ubicame/,verified,Solo en la lista oficial (coordenadas oficiales),2026-10-01
web-mass-pje-san-francisco-152,mass,Mass Pje. San Francisco 152,Pje. San Francisco 152,Huaura,Huaura,Lima,150806,-11.068002,-77.600948,exact,web,https://www.tiendasmass.com.pe/ubicame/,verified,Solo en la lista oficial (coordenadas oficiales),2026-10-01
web-mass-pje-san-francisco-440,mass,Mass Pje. San Francisco 440,Pje. San Francisco 440,Huaura,Huaura,Lima,150806,-11.066785,-77.595912,exact,web,https://www.tiendasmass.com.pe/ubicame/,verified,Solo en la lista oficial (coordenadas oficiales),2026-10-01
web-mass-av-centenario,mass,Mass Av. Centenario,Av. Centenario (Cruce Con Cl. Micaela Bastida),Santa María,Huaura,Lima,150810,-11.107319,-77.586502,exact,web,https://www.tiendasmass.com.pe/ubicame/,verified,Solo en la lista oficial (coordenadas oficiales),2026-10-01
web-mass-av-cruz-blanca-2028,mass,Mass Av. Cruz Blanca 2028,Av. Cruz Blanca 2028,Santa María,Huaura,Lima,150810,-11.096336,-77.594717,exact,web,https://www.tiendasmass.com.pe/ubicame/,verified,"Solo en la lista oficial (coordenadas oficiales); distrito según la lista oficial: Huaura",2026-10-01
web-mass-cl-grau-204-206,mass,Mass Cl. Grau 204 - 206,Cl. Grau 204 - 206,Sayán,Huaura,Lima,150811,-11.134646,-77.192569,exact,web,https://www.tiendasmass.com.pe/ubicame/,verified,"Solo en la lista oficial (coordenadas oficiales); distrito según la lista oficial: Huaura - Sayán",2026-10-01
web-mass-av-ezequiel-gago,mass,Mass Av. Ezequiel Gago,Av. Ezequiel Gago (Al Lado Del Mcdo. Central De Medio Mundo),Végueta,Huaura,Lima,150812,-10.929480,-77.652180,exact,web,https://www.tiendasmass.com.pe/ubicame/,verified,"Solo en la lista oficial (coordenadas oficiales); distrito según la lista oficial: Huaura - Vegueta",2026-10-01
web-mass-av-los-libertadores,mass,Mass Av. Los Libertadores,Av. Los Libertadores (Frente A Plz. Grau),Végueta,Huaura,Lima,150812,-11.023364,-77.640996,exact,web,https://www.tiendasmass.com.pe/ubicame/,verified,"Solo en la lista oficial (coordenadas oficiales); distrito según la lista oficial: Huaura - Vegueta",2026-10-01
web-mass-av-san-felipe,mass,Mass Av. San Felipe,Av. San Felipe (Cerca A Av. 28 Julio),Végueta,Huaura,Lima,150812,-10.953150,-77.646938,exact,web,https://www.tiendasmass.com.pe/ubicame/,verified,"Solo en la lista oficial (coordenadas oficiales); distrito según la lista oficial: Huaura - Vegueta",2026-10-01
web-mass-asoc-pop-las-lomas-de-ancon,mass,Mass Asoc. Pop. Las Lomas De Ancon,Asoc. Pop. Las Lomas De Ancon (A Dos Cdras. De Av. 11 De Enero Y Cl. Junín),Ancón,Lima,Lima,150102,-11.736813,-77.143555,approx,web,https://www.tiendasmass.com.pe/ubicame/,to_verify,"Solo en la lista oficial (coordenadas oficiales); coordenadas oficiales dudosas",2026-10-01
web-mass-av-ancash,mass,Mass Av. Ancash,Av. Ancash (Cruce Con Cl. Santander),Ancón,Lima,Lima,150102,-11.781250,-77.160820,exact,web,https://www.tiendasmass.com.pe/ubicame/,verified,Solo en la lista oficial (coordenadas oficiales),2026-10-01
web-mass-av-mariategui,mass,Mass Av. Mariátegui,Av. Mariátegui (Frente A Botica Fátima),Ancón,Lima,Lima,150102,-11.776367,-77.167044,exact,web,https://www.tiendasmass.com.pe/ubicame/,verified,Solo en la lista oficial (coordenadas oficiales),2026-10-01
web-mass-cl-abtao-460,mass,Mass Cl. Abtao 460,Cl. Abtao 460,Ancón,Lima,Lima,150102,-11.773484,-77.174288,exact,web,https://www.tiendasmass.com.pe/ubicame/,verified,"De la lista oficial (coordenadas oficiales); confirmada por el elemento OSM n5597223883 a 62 m, cuya posición no se usa (posición dudosa en OSM: isced:level=1, colegio importado del Minedu y reetiquetado como tienda)",2026-10-01
web-mass-cl-ancash,mass,Mass Cl. Ancash,Cl. Ancash (A Media Cdra. De Tambo),Ancón,Lima,Lima,150102,-11.777225,-77.164134,exact,web,https://www.tiendasmass.com.pe/ubicame/,verified,Solo en la lista oficial (coordenadas oficiales),2026-10-01
web-mass-panamericana-norte-3,mass,Mass Panamericana Norte,Panamericana Norte (Cruce Con Los Arquitectos),Ancón,Lima,Lima,150102,-11.813541,-77.129997,approx,web,https://www.tiendasmass.com.pe/ubicame/,to_verify,"Solo en la lista oficial (coordenadas oficiales); coordenadas oficiales dudosas",2026-10-01
web-mass-asoc-las-cascadas-de-javier-prado,mass,Mass Asoc. Las Cascadas De Javier Prado,Asoc. Las Cascadas De Javier Prado (Cruce De Javier Heraud Con Ciro Alegría),Ate,Lima,Lima,150103,-12.034746,-76.925229,exact,web,https://www.tiendasmass.com.pe/ubicame/,verified,Solo en la lista oficial (coordenadas oficiales),2026-10-01
web-mass-asoc-res-las-americas,mass,Mass Asoc. Res. Las Américas,Asoc. Res. Las Américas (Frente Al Mcdo. Las Américas),Ate,Lima,Lima,150103,-12.033856,-76.903690,exact,web,https://www.tiendasmass.com.pe/ubicame/,verified,Solo en la lista oficial (coordenadas oficiales),2026-10-01
web-mass-av-26-de-mayo-1086,mass,Mass Av. 26 De Mayo 1086,Av. 26 De Mayo 1086,Ate,Lima,Lima,150103,-12.026720,-76.931814,exact,web,https://www.tiendasmass.com.pe/ubicame/,verified,Solo en la lista oficial (coordenadas oficiales),2026-10-01
web-mass-av-andres-avelino-caceres,mass,Mass Av. Andrés Avelino Cáceres,Av. Andrés Avelino Cáceres (Frente Al Mcdo. La Arenera),Ate,Lima,Lima,150103,-12.007851,-76.826027,exact,web,https://www.tiendasmass.com.pe/ubicame/,verified,Solo en la lista oficial (coordenadas oficiales),2026-10-01
web-mass-av-ate-200,mass,Mass Av. Ate 200,Av. Ate 200,Ate,Lima,Lima,150103,-12.050588,-76.953018,exact,web,https://www.tiendasmass.com.pe/ubicame/,verified,Solo en la lista oficial (coordenadas oficiales),2026-10-01
web-mass-av-benjamin-franklin-574,mass,Mass Av. Benjamín Franklin 574,Av. Benjamín Franklin 574,Ate,Lima,Lima,150103,-12.067024,-76.975778,exact,web,https://www.tiendasmass.com.pe/ubicame/,verified,Solo en la lista oficial (coordenadas oficiales),2026-10-01
web-mass-av-el-sol,mass,Mass Av. El Sol,Av. El Sol (Cruce Con Cl. Osa Mayor),Ate,Lima,Lima,150103,-12.035763,-76.935362,exact,web,https://www.tiendasmass.com.pe/ubicame/,verified,Solo en la lista oficial (coordenadas oficiales),2026-10-01
web-mass-av-hermes,mass,Mass Av. Hermes,Av. Hermes (Al Lado Del Chifa Fa Guo Yin),Ate,Lima,Lima,150103,-12.070435,-76.975004,exact,web,https://www.tiendasmass.com.pe/ubicame/,verified,Solo en la lista oficial (coordenadas oficiales),2026-10-01
web-mass-av-huarochiri,mass,Mass Av. Huarochirí,Av. Huarochirí (Cruce Con Cl. Marbella),Ate,Lima,Lima,150103,-12.057480,-76.943790,exact,web,https://www.tiendasmass.com.pe/ubicame/,verified,Solo en la lista oficial (coordenadas oficiales),2026-10-01
web-mass-av-jose-carlos-mariategui-2020,mass,Mass Av. Jose Carlos Mariátegui 2020,Av. Jose Carlos Mariátegui 2020,Ate,Lima,Lima,150103,-12.024944,-76.903139,exact,web,https://www.tiendasmass.com.pe/ubicame/,verified,Solo en la lista oficial (coordenadas oficiales),2026-10-01
web-mass-av-jose-carlos-mariategui-741,mass,Mass Av. José Carlos Mariátegui 741,Av. José Carlos Mariátegui 741,Ate,Lima,Lima,150103,-12.026133,-76.913762,exact,web,https://www.tiendasmass.com.pe/ubicame/,verified,Solo en la lista oficial (coordenadas oficiales),2026-10-01
web-mass-av-los-aymaras-337,mass,Mass Av. Los Aymaras 337,Av. Los Aymaras 337,Ate,Lima,Lima,150103,-12.074917,-76.988407,exact,web,https://www.tiendasmass.com.pe/ubicame/,verified,Solo en la lista oficial (coordenadas oficiales),2026-10-01
web-mass-av-los-quechuas,mass,Mass Av. Los Quechuas,Av. Los Quechuas (A Media Cdra. Del Colegio Maria De La Encarnación),Ate,Lima,Lima,150103,-12.073754,-76.986375,exact,web,https://www.tiendasmass.com.pe/ubicame/,verified,Solo en la lista oficial (coordenadas oficiales),2026-10-01
web-mass-av-los-quechuas-2,mass,Mass Av. Los Quechuas,Av. Los Quechuas (Cerca Av. Los Quechuas Y Av. Hefesto),Ate,Lima,Lima,150103,-12.074700,-76.978598,exact,web,https://www.tiendasmass.com.pe/ubicame/,verified,Solo en la lista oficial (coordenadas oficiales),2026-10-01
web-mass-av-los-quechuas-920,mass,Mass Av. Los Quechuas 920,Av. Los Quechuas 920,Ate,Lima,Lima,150103,-12.074969,-76.982411,exact,web,https://www.tiendasmass.com.pe/ubicame/,verified,Solo en la lista oficial (coordenadas oficiales),2026-10-01
web-mass-av-marco-puente-llanos,mass,Mass Av. Marco Puente Llanos,Av. Marco Puente Llanos (Al Lado De Mayoris Brasa),Ate,Lima,Lima,150103,-12.039395,-76.916593,exact,web,https://www.tiendasmass.com.pe/ubicame/,verified,Solo en la lista oficial (coordenadas oficiales),2026-10-01
web-mass-av-metropolitana,mass,Mass Av. Metropolitana,Av. Metropolitana (Cruce Con Cl. Mar Ártico),Ate,Lima,Lima,150103,-12.029050,-76.925380,exact,web,https://www.tiendasmass.com.pe/ubicame/,verified,Solo en la lista oficial (coordenadas oficiales),2026-10-01
web-mass-av-metropolitana-1076-1078-1082,mass,Mass Av. Metropolitana 1076 - 1078 -1082,Av. Metropolitana 1076 - 1078 -1082,Ate,Lima,Lima,150103,-12.031787,-76.931596,exact,web,https://www.tiendasmass.com.pe/ubicame/,verified,Solo en la lista oficial (coordenadas oficiales),2026-10-01
web-mass-av-prol-javier-prado,mass,Mass Av. Prol. Javier Prado,Av. Prol. Javier Prado (Cruce Con Av. Metropolitana),Ate,Lima,Lima,150103,-12.029944,-76.927811,exact,web,https://www.tiendasmass.com.pe/ubicame/,verified,Solo en la lista oficial (coordenadas oficiales),2026-10-01
web-mass-av-prol-javier-prado-este,mass,Mass Av. Prol. Javier Prado Este,Av. Prol. Javier Prado Este (Frente Al Real Plaza),Ate,Lima,Lima,150103,-12.043831,-76.930814,exact,web,https://www.tiendasmass.com.pe/ubicame/,verified,Solo en la lista oficial (coordenadas oficiales),2026-10-01
web-mass-av-separadora-industrial-3124,mass,Mass Av. Separadora Industrial 3124,Av. Separadora Industrial 3124,Ate,Lima,Lima,150103,-12.053874,-76.941120,exact,web,https://www.tiendasmass.com.pe/ubicame/,verified,Solo en la lista oficial (coordenadas oficiales),2026-10-01
web-mass-cl-berlind,mass,Mass Cl. Berlind,Cl. Berlind (A Tres Cdras. Del Real Plaza De Puruchuco),Ate,Lima,Lima,150103,-12.038995,-76.926149,exact,web,https://www.tiendasmass.com.pe/ubicame/,verified,Solo en la lista oficial (coordenadas oficiales),2026-10-01
web-mass-cl-el-sol,mass,Mass Cl. El Sol,Cl. El Sol (Cruce De Cl. Minka Con Cl. Julio C. Tello),Ate,Lima,Lima,150103,-12.033618,-76.937942,exact,web,https://www.tiendasmass.com.pe/ubicame/,verified,Solo en la lista oficial (coordenadas oficiales),2026-10-01
web-mass-cl-las-dalias,mass,Mass Cl. Las Dalias,Cl. Las Dalias (A Tres Cdras. De La Caja Municipal Cuzco),Ate,Lima,Lima,150103,-12.037488,-76.928796,exact,web,https://www.tiendasmass.com.pe/ubicame/,verified,Solo en la lista oficial (coordenadas oficiales),2026-10-01
web-mass-cl-rio-napo,mass,Mass Cl. Rio Napo,Cl. Rio Napo (Frente Al Mcdo. Los Angeles),Ate,Lima,Lima,150103,-12.034660,-76.931946,exact,web,https://www.tiendasmass.com.pe/ubicame/,verified,Solo en la lista oficial (coordenadas oficiales),2026-10-01
web-mass-cl-trinitarias,mass,Mass Cl. Trinitarias,Cl. Trinitarias (Cruce De Av. Marginal),Ate,Lima,Lima,150103,-12.081792,-76.979896,exact,web,https://www.tiendasmass.com.pe/ubicame/,verified,Solo en la lista oficial (coordenadas oficiales),2026-10-01
web-mass-jr-de-la-union-250,mass,Mass Jr. De La Union 250,Jr. De La Union 250,Ate,Lima,Lima,150103,-12.026317,-76.916471,exact,web,https://www.tiendasmass.com.pe/ubicame/,verified,Solo en la lista oficial (coordenadas oficiales),2026-10-01
web-mass-jr-meliton-carbajal-356,mass,Mass Jr. Melitón Carbajal 356,Jr. Melitón Carbajal 356,Ate,Lima,Lima,150103,-12.061851,-76.992602,exact,web,https://www.tiendasmass.com.pe/ubicame/,verified,Solo en la lista oficial (coordenadas oficiales),2026-10-01
web-mass-parcela-10626-las-casuarinas-de-gloria,mass,Mass Parcela 10626 - Las Casuarinas De Gloria,Parcela 10626 - Las Casuarinas De Gloria (A Cuatro Cdras. De La Carr. Central),Ate,Lima,Lima,150103,-12.009656,-76.852931,exact,web,https://www.tiendasmass.com.pe/ubicame/,verified,Solo en la lista oficial (coordenadas oficiales),2026-10-01
web-mass-res-praderas-de-pariachi,mass,Mass Res. Praderas De Pariachi,Res. Praderas De Pariachi (Al Lado Del C.Comercial),Ate,Lima,Lima,150103,-12.001491,-76.835292,exact,web,https://www.tiendasmass.com.pe/ubicame/,verified,Solo en la lista oficial (coordenadas oficiales),2026-10-01
web-mass-av-miguel-grau-341,mass,Mass Av. Miguel Grau 341,Av. Miguel Grau 341,Barranco,Lima,Lima,150104,-12.148294,-77.021271,exact,web,https://www.tiendasmass.com.pe/ubicame/,verified,Solo en la lista oficial (coordenadas oficiales),2026-10-01
web-mass-jr-lima-438,mass,Mass Jr. Lima 438,Jr. Lima 438 (Frente Al Parque Antonio Raimondi),Barranco,Lima,Lima,150104,-12.147099,-77.017745,exact,web,https://www.tiendasmass.com.pe/ubicame/,verified,Solo en la lista oficial (coordenadas oficiales),2026-10-01
web-mass-jr-tejada-261,mass,Mass Jr. Tejada 261,Jr. Tejada 261,Barranco,Lima,Lima,150104,-12.141836,-77.015476,exact,web,https://www.tiendasmass.com.pe/ubicame/,verified,Solo en la lista oficial (coordenadas oficiales),2026-10-01
web-mass-plz-butters-289,mass,Mass Plz. Butters 289,Plz. Butters 289,Barranco,Lima,Lima,150104,-12.143046,-77.015888,exact,web,https://www.tiendasmass.com.pe/ubicame/,verified,Solo en la lista oficial (coordenadas oficiales),2026-10-01
web-mass-av-bolivia-719,mass,Mass Av. Bolivia 719,Av. Bolivia 719,Breña,Lima,Lima,150105,-12.056584,-77.044992,exact,web,https://www.tiendasmass.com.pe/ubicame/,verified,Solo en la lista oficial (coordenadas oficiales),2026-10-01
web-mass-av-republica-de-venezuela-992,mass,Mass Av. República De Venezuela 992,Av. República De Venezuela 992,Breña,Lima,Lima,150105,-12.054920,-77.047356,exact,web,https://www.tiendasmass.com.pe/ubicame/,verified,Solo en la lista oficial (coordenadas oficiales),2026-10-01
web-mass-av-venezuela-1270,mass,Mass Av. Venezuela 1270,Av. Venezuela 1270,Breña,Lima,Lima,150105,-12.054982,-77.052135,exact,web,https://www.tiendasmass.com.pe/ubicame/,verified,Solo en la lista oficial (coordenadas oficiales),2026-10-01
web-mass-jr-centenario-252,mass,Mass Jr. Centenario 252,Jr. Centenario 252,Breña,Lima,Lima,150105,-12.065898,-77.049069,exact,web,https://www.tiendasmass.com.pe/ubicame/,verified,Solo en la lista oficial (coordenadas oficiales),2026-10-01
web-mass-jr-gral-varela-1823,mass,Mass Jr. Gral. Varela 1823,Jr. Gral. Varela 1823 (A Media Cdra. De Cl. Castrovirreyna),Breña,Lima,Lima,150105,-12.065905,-77.051535,exact,web,https://www.tiendasmass.com.pe/ubicame/,verified,Solo en la lista oficial (coordenadas oficiales),2026-10-01
web-mass-jr-huaraz-1364,mass,Mass Jr. Huaraz 1364,Jr. Huaraz 1364,Breña,Lima,Lima,150105,-12.063176,-77.047701,exact,web,https://www.tiendasmass.com.pe/ubicame/,verified,Solo en la lista oficial (coordenadas oficiales),2026-10-01
web-mass-jr-loreto-355,mass,Mass Jr. Loreto 355,Jr. Loreto 355,Breña,Lima,Lima,150105,-12.053338,-77.049059,exact,web,https://www.tiendasmass.com.pe/ubicame/,verified,Solo en la lista oficial (coordenadas oficiales),2026-10-01
web-mass-jr-pedro-donofrio-215,mass,Mass Jr. Pedro Donofrio 215,Jr. Pedro Donofrio 215,Breña,Lima,Lima,150105,-12.064034,-77.058791,exact,web,https://www.tiendasmass.com.pe/ubicame/,verified,Solo en la lista oficial (coordenadas oficiales),2026-10-01
osm-n12764578744,mass,Mass Jr. Pomabamba 201,Jr. Pomabamba 201,Breña,Lima,Lima,150105,-12.051976,-77.043489,exact,osm,n12764578744,verified,También en la lista oficial,2026-10-01
web-mass-a-h-av-nte-sur,mass,Mass A.H. Av. Nte Sur,A.H. Av. Nte Sur (A Una Cdra. De La Posta),Carabayllo,Lima,Lima,150106,-11.818106,-77.046338,exact,web,https://www.tiendasmass.com.pe/ubicame/,verified,Solo en la lista oficial (coordenadas oficiales),2026-10-01
web-mass-av-a-2,mass,Mass Av. A,Av. A (A Media Cdra. De La E.T. Salamanca),Carabayllo,Lima,Lima,150106,-11.873608,-77.029582,exact,web,https://www.tiendasmass.com.pe/ubicame/,verified,Solo en la lista oficial (coordenadas oficiales),2026-10-01
web-mass-av-camino-real-3,mass,Mass Av. Camino Real,Av. Camino Real (Frente A Cl. 18),Carabayllo,Lima,Lima,150106,-11.869626,-77.029959,exact,web,https://www.tiendasmass.com.pe/ubicame/,verified,Solo en la lista oficial (coordenadas oficiales),2026-10-01
web-mass-av-camino-real-4,mass,Mass Av. Camino Real,Av. Camino Real (Frente Al Agente Kasnet),Carabayllo,Lima,Lima,150106,-11.880199,-77.024518,exact,web,https://www.tiendasmass.com.pe/ubicame/,verified,Solo en la lista oficial (coordenadas oficiales),2026-10-01
web-mass-av-caudivilla,mass,Mass Av. Caudivilla,Av. Caudivilla (A Media Cdra. Del Mcdo. La Frontera),Carabayllo,Lima,Lima,150106,-11.887594,-77.036385,exact,web,https://www.tiendasmass.com.pe/ubicame/,verified,Solo en la lista oficial (coordenadas oficiales),2026-10-01
web-mass-av-condorcanqui,mass,Mass Av. Condorcanqui,Av. Condorcanqui (Cruce Con Parque Zonal),Carabayllo,Lima,Lima,150106,-11.881991,-77.032848,exact,web,https://www.tiendasmass.com.pe/ubicame/,verified,Solo en la lista oficial (coordenadas oficiales),2026-10-01
web-mass-av-condorcanqui-2,mass,Mass Av. Condorcanqui,Av. Condorcanqui (Frente Al Minimarket Yamile),Carabayllo,Lima,Lima,150106,-11.891063,-77.037998,exact,web,https://www.tiendasmass.com.pe/ubicame/,verified,Solo en la lista oficial (coordenadas oficiales),2026-10-01
web-mass-av-jose-carlos-mariategui,mass,Mass Av. Jose Carlos Mariategui,Av. Jose Carlos Mariategui (Cerca Del Colegio Belén),Carabayllo,Lima,Lima,150106,-11.894392,-77.032269,exact,web,https://www.tiendasmass.com.pe/ubicame/,verified,Solo en la lista oficial (coordenadas oficiales),2026-10-01
web-mass-av-jose-saco-rojas,mass,Mass Av. José Saco Rojas,Av. José Saco Rojas (Al Lado Del Rest. Pariona´s),Carabayllo,Lima,Lima,150106,-11.859737,-77.048834,exact,web,https://www.tiendasmass.com.pe/ubicame/,verified,Solo en la lista oficial (coordenadas oficiales),2026-10-01
web-mass-av-jose-saco-rojas-2,mass,Mass Av. José Saco Rojas,Av. José Saco Rojas (Cerca Con Pje. Las Flores),Carabayllo,Lima,Lima,150106,-11.848798,-77.028885,exact,web,https://www.tiendasmass.com.pe/ubicame/,verified,Solo en la lista oficial (coordenadas oficiales),2026-10-01
web-mass-av-manuel-prado-691,mass,Mass Av. Manuel Prado 691,Av. Manuel Prado 691 (Cruce Con La Cultura),Carabayllo,Lima,Lima,150106,-11.876618,-77.009926,exact,web,https://www.tiendasmass.com.pe/ubicame/,verified,Solo en la lista oficial (coordenadas oficiales),2026-10-01
web-mass-av-manuel-prado-cdra-d16,mass,Mass Av. Manuel Prado Cdra. D16,Av. Manuel Prado Cdra. D16 (Antiguo Mcdo. Manuel Prado),Carabayllo,Lima,Lima,150106,-11.869127,-77.022469,exact,web,https://www.tiendasmass.com.pe/ubicame/,verified,Solo en la lista oficial (coordenadas oficiales),2026-10-01
web-mass-av-mariano-condocanqui,mass,Mass Av. Mariano Condocanqui,Av. Mariano Condocanqui (Cerca A Cl. San Pedro Clavers) Urb. Santo Domingo,Carabayllo,Lima,Lima,150106,-11.878496,-77.030563,exact,web,https://www.tiendasmass.com.pe/ubicame/,verified,Solo en la lista oficial (coordenadas oficiales),2026-10-01
web-mass-av-nte-sur,mass,Mass Av. Nte. Sur,Av. Nte. Sur (Cerca Del Mcdo. Las Casuarinas),Carabayllo,Lima,Lima,150106,-11.827453,-77.044753,exact,web,https://www.tiendasmass.com.pe/ubicame/,verified,Solo en la lista oficial (coordenadas oficiales),2026-10-01
web-mass-av-pisa-urb-torre-blanca,mass,"Mass Av. Pisa, Urb. Torre Blanca","Av. Pisa, Urb. Torre Blanca (A Una Cdra. De La Av. Túpac )",Carabayllo,Lima,Lima,150106,-11.851619,-77.001697,exact,web,https://www.tiendasmass.com.pe/ubicame/,verified,Solo en la lista oficial (coordenadas oficiales),2026-10-01
web-mass-av-santa-maria,mass,Mass Av. Santa María,Av. Santa María (A Una Cdra. De La Comisaría De Carabayllo),Carabayllo,Lima,Lima,150106,-11.840840,-77.046900,exact,web,https://www.tiendasmass.com.pe/ubicame/,verified,Solo en la lista oficial (coordenadas oficiales),2026-10-01
web-mass-av-santa-maria-2,mass,Mass Av. Santa María,Av. Santa María (Cruce Con Cl. Los Girasoles),Carabayllo,Lima,Lima,150106,-11.845301,-77.041767,exact,web,https://www.tiendasmass.com.pe/ubicame/,verified,Solo en la lista oficial (coordenadas oficiales),2026-10-01
web-mass-av-tupac-amaru-4,mass,Mass Av. Túpac Amaru,Av. Túpac Amaru (Cruce Con Av. Manuel Prado),Carabayllo,Lima,Lima,150106,-11.873164,-77.015765,exact,web,https://www.tiendasmass.com.pe/ubicame/,verified,Solo en la lista oficial (coordenadas oficiales),2026-10-01
web-mass-av-tupac-amaru-1636,mass,Mass Av. Túpac Amaru 1636,Av. Túpac Amaru 1636,Carabayllo,Lima,Lima,150106,-11.891144,-77.027091,exact,web,https://www.tiendasmass.com.pe/ubicame/,verified,Solo en la lista oficial (coordenadas oficiales),2026-10-01
web-mass-av-tupac-amaru-3121-3123,mass,Mass Av. Túpac Amaru 3121 - 3123,Av. Túpac Amaru 3121 - 3123,Carabayllo,Lima,Lima,150106,-11.876490,-77.017178,exact,web,https://www.tiendasmass.com.pe/ubicame/,verified,Solo en la lista oficial (coordenadas oficiales),2026-10-01
web-mass-av-universitaria-421,mass,Mass Av. Universitaria 421,Av. Universitaria 421,Carabayllo,Lima,Lima,150106,-11.895916,-77.037707,exact,web,https://www.tiendasmass.com.pe/ubicame/,verified,Solo en la lista oficial (coordenadas oficiales),2026-10-01
web-mass-avelino-caceres-497,mass,Mass Avelino Cáceres 497,Avelino Cáceres 497,Carabayllo,Lima,Lima,150106,-11.891767,-77.022740,exact,web,https://www.tiendasmass.com.pe/ubicame/,verified,Solo en la lista oficial (coordenadas oficiales),2026-10-01
web-mass-cl-san-francisco-de-asis,mass,Mass Cl. San Francisco De Asis,Cl. San Francisco De Asis (Frente Al Mcdo. Santa Rosa),Carabayllo,Lima,Lima,150106,-11.891876,-77.029703,exact,web,https://www.tiendasmass.com.pe/ubicame/,verified,Solo en la lista oficial (coordenadas oficiales),2026-10-01
osm-n14086164860,mass,Mass El Boulevard De San Antonio,El Boulevard De San Antonio (Al Lado Del Condominio Tambo Verde),Carabayllo,Lima,Lima,150106,-11.854254,-77.036644,exact,osm,n14086164860,verified,"También en la lista oficial; coordenadas oficiales casi idénticas a las de ""Mass Res. Los Jazmines De San Pedro De Carabayllo""",2026-10-01
web-mass-interseccion-via-metropolitana,mass,Mass Intersección Vía Metropolitana,Intersección Vía Metropolitana (Cerca A Cl. Los Perales),Carabayllo,Lima,Lima,150106,-11.864597,-77.053952,exact,web,https://www.tiendasmass.com.pe/ubicame/,verified,Solo en la lista oficial (coordenadas oficiales),2026-10-01
web-mass-jr-madre-selva-385,mass,Mass Jr. Madre Selva 385,Jr. Madre Selva 385,Carabayllo,Lima,Lima,150106,-11.900287,-77.037086,exact,web,https://www.tiendasmass.com.pe/ubicame/,verified,Solo en la lista oficial (coordenadas oficiales),2026-10-01
web-mass-jr-nicolas-de-pierola-342,mass,Mass Jr. Nicolás De Piérola 342,Jr. Nicolás De Piérola 342,Carabayllo,Lima,Lima,150106,-11.877457,-77.014694,exact,web,https://www.tiendasmass.com.pe/ubicame/,verified,Solo en la lista oficial (coordenadas oficiales),2026-10-01
web-mass-micaela-bastidas-297,mass,Mass Micaela Bastidas 297,Micaela Bastidas 297,Carabayllo,Lima,Lima,150106,-11.905249,-77.031635,exact,web,https://www.tiendasmass.com.pe/ubicame/,verified,Solo en la lista oficial (coordenadas oficiales),2026-10-01
web-mass-pblo-joven-el-progreso,mass,Mass Pblo. Joven El Progreso,Pblo. Joven El Progreso (Cerca Del Mcdo. La Cumbre),Carabayllo,Lima,Lima,150106,-11.878612,-77.018908,exact,web,https://www.tiendasmass.com.pe/ubicame/,verified,Solo en la lista oficial (coordenadas oficiales),2026-10-01
web-mass-pblo-joven-nueva-jerusalen,mass,Mass Pblo. Joven Nueva Jerusalén,Pblo. Joven Nueva Jerusalén (Cruce Con Av. Principal B),Carabayllo,Lima,Lima,150106,-11.829642,-77.071884,exact,web,https://www.tiendasmass.com.pe/ubicame/,verified,Solo en la lista oficial (coordenadas oficiales),2026-10-01
web-mass-prol-manuel-prado,mass,Mass Prol. Manuel Prado,Prol. Manuel Prado (Cruce Con J. De Zela),Carabayllo,Lima,Lima,150106,-11.881131,-76.999725,exact,web,https://www.tiendasmass.com.pe/ubicame/,verified,Solo en la lista oficial (coordenadas oficiales),2026-10-01
web-mass-res-los-jazmines-de-san-pedro-de-carabayllo,mass,Mass Res. Los Jazmines De San Pedro De Carabayllo,Res. Los Jazmines De San Pedro De Carabayllo (Al Lado Del Mcdo. San Pedro),Carabayllo,Lima,Lima,150106,-11.854069,-77.036784,approx,web,https://www.tiendasmass.com.pe/ubicame/,to_verify,"Solo en la lista oficial (coordenadas oficiales); coordenadas oficiales casi idénticas a las de ""Mass El Boulevard De San Antonio""; posible duplicado de osm-n14086164860 ""Mass El Boulevard De San Antonio"" (a 26 m)",2026-10-01
web-mass-tupac-amaru,mass,Mass Túpac Amaru,Túpac Amaru (Cruce Con Andrés A. Cáceres),Carabayllo,Lima,Lima,150106,-11.875395,-77.016249,exact,web,https://www.tiendasmass.com.pe/ubicame/,verified,Solo en la lista oficial (coordenadas oficiales),2026-10-01
web-mass-av-atahualpa-140,mass,Mass Av. Atahualpa 140,Av. Atahualpa 140,Chaclacayo,Lima,Lima,150107,-11.988793,-76.818923,approx,web,https://www.tiendasmass.com.pe/ubicame/,to_verify,"Solo en la lista oficial (coordenadas oficiales); coordenadas oficiales dudosas",2026-10-01
osm-n13430613671,mass,Mass Av. Ayllon 416 - 418,Av. Ayllon 416 - 418,Chaclacayo,Lima,Lima,150107,-11.976711,-76.773279,exact,osm,n13430613671,verified,También en la lista oficial,2026-10-01
web-mass-coop-la-floresta,mass,Mass Coop. La Floresta,Coop. La Floresta (A Media Cdra. De La Carr. Central),Chaclacayo,Lima,Lima,150107,-11.991424,-76.822005,approx,web,https://www.tiendasmass.com.pe/ubicame/,to_verify,"Solo en la lista oficial (coordenadas oficiales); coordenadas oficiales dudosas",2026-10-01
web-mass-nicolas-ayllon-964,mass,Mass Nicolás Ayllon 964,Nicolás Ayllon 964,Chaclacayo,Lima,Lima,150107,-11.974939,-76.767566,approx,web,https://www.tiendasmass.com.pe/ubicame/,to_verify,"Solo en la lista oficial (coordenadas oficiales); coordenadas oficiales dudosas",2026-10-01
web-mass-av-24-de-octubre,mass,Mass Av. 24 De Octubre,Av. 24 De Octubre (Cruce Con Túpac Amaru),Chorrillos,Lima,Lima,150108,-12.195839,-76.983453,exact,web,https://www.tiendasmass.com.pe/ubicame/,verified,"Solo en la lista oficial (coordenadas oficiales); distrito según la lista oficial: San Juan de Miraflores",2026-10-01
web-mass-av-alameda-ballestas-292,mass,Mass Av. Alameda Ballestas 292,Av. Alameda Ballestas 292,Chorrillos,Lima,Lima,150108,-12.207681,-77.015655,exact,web,https://www.tiendasmass.com.pe/ubicame/,verified,Solo en la lista oficial (coordenadas oficiales),2026-10-01
web-mass-av-alameda-los-cedros,mass,Mass Av. Alameda Los Cedros,Av. Alameda Los Cedros (A Media Cdra. De La Est. De Serenazgo),Chorrillos,Lima,Lima,150108,-12.203858,-77.014506,exact,web,https://www.tiendasmass.com.pe/ubicame/,verified,Solo en la lista oficial (coordenadas oficiales),2026-10-01
web-mass-av-alameda-sur,mass,Mass Av. Alameda Sur,Av. Alameda Sur (Al Lado De Metro),Chorrillos,Lima,Lima,150108,-12.198877,-77.012277,exact,web,https://www.tiendasmass.com.pe/ubicame/,verified,Solo en la lista oficial (coordenadas oficiales),2026-10-01
web-mass-av-alameda-sur-2,mass,Mass Av. Alameda Sur,Av. Alameda Sur (Cruce Con Cl. Martinica),Chorrillos,Lima,Lima,150108,-12.200642,-77.013587,exact,web,https://www.tiendasmass.com.pe/ubicame/,verified,Solo en la lista oficial (coordenadas oficiales),2026-10-01
web-mass-av-alejandro-iglesias-591,mass,Mass Av. Alejandro Iglesias 591,Av. Alejandro Iglesias 591,Chorrillos,Lima,Lima,150108,-12.168591,-77.026055,exact,web,https://www.tiendasmass.com.pe/ubicame/,verified,Solo en la lista oficial (coordenadas oficiales),2026-10-01
osm-w437359834,mass,Mass Av. Ariosto Matellini,Av. Ariosto Matellini (A Una Cdra. De La Est. Matellini),Chorrillos,Lima,Lima,150108,-12.178849,-77.009282,exact,osm,w437359834,verified,También en la lista oficial,2026-10-01
web-mass-av-c,mass,Mass Av. C,Av. C (Por La Tranquera De La Encantada),Chorrillos,Lima,Lima,150108,-12.205861,-77.011416,exact,web,https://www.tiendasmass.com.pe/ubicame/,to_verify,"Solo en la lista oficial (coordenadas oficiales); latitud oficial -12.205861 idéntica a la de ""Mass Sec. 02. Grupo 06"" (¿copiada?)",2026-10-01
web-mass-av-chorrillos-318,mass,Mass Av. Chorrillos 318,Av. Chorrillos 318,Chorrillos,Lima,Lima,150108,-12.158156,-77.023323,exact,web,https://www.tiendasmass.com.pe/ubicame/,verified,Solo en la lista oficial (coordenadas oficiales),2026-10-01
web-mass-av-defensores-del-morro-529,mass,Mass Av. Defensores Del Morro 529,Av. Defensores Del Morro 529,Chorrillos,Lima,Lima,150108,-12.168937,-77.024251,exact,web,https://www.tiendasmass.com.pe/ubicame/,verified,Solo en la lista oficial (coordenadas oficiales),2026-10-01
web-mass-av-fernando-teran-251-271-291,mass,Mass Av. Fernando Terán 251 - 271 - 291,Av. Fernando Terán 251 - 271 - 291,Chorrillos,Lima,Lima,150108,-12.172132,-77.019442,exact,web,https://www.tiendasmass.com.pe/ubicame/,verified,Solo en la lista oficial (coordenadas oficiales),2026-10-01
osm-n11577530369,mass,Mass Av. Gral. Edmundo Pastor Aguilar -Tienda 1,Av. Gral. Edmundo Pastor Aguilar -Tienda 1 (Frente A La Villa Militar),Chorrillos,Lima,Lima,150108,-12.156176,-77.015109,exact,osm,n11577530369,verified,"También en la lista oficial; distrito según la lista oficial: Santiago de Surco",2026-10-01
web-mass-av-guardia-civil-4,mass,Mass Av. Guardia Civil,Av. Guardia Civil (Cerca A Cl. Doña Rosa Mercedes),Chorrillos,Lima,Lima,150108,-12.172312,-76.991816,exact,web,https://www.tiendasmass.com.pe/ubicame/,verified,Solo en la lista oficial (coordenadas oficiales),2026-10-01
osm-w438611949,mass,Mass Av. Guardia Civil 418,Av. Guardia Civil 418,Chorrillos,Lima,Lima,150108,-12.183436,-76.999964,exact,osm,w438611949,verified,También en la lista oficial (nombre en OSM: Mass Guardia Civil),2026-10-01
web-mass-av-guardia-peruana,mass,Mass Av. Guardia Peruana,Av. Guardia Peruana (A Media Cdra. Del Gimnasio Arnold),Chorrillos,Lima,Lima,150108,-12.174985,-77.008380,exact,web,https://www.tiendasmass.com.pe/ubicame/,verified,Solo en la lista oficial (coordenadas oficiales),2026-10-01
web-mass-av-guardia-peruana-2,mass,Mass Av. Guardia Peruana,Av. Guardia Peruana (A Una Cdra. De Tambo),Chorrillos,Lima,Lima,150108,-12.177511,-77.006139,exact,web,https://www.tiendasmass.com.pe/ubicame/,verified,Solo en la lista oficial (coordenadas oficiales),2026-10-01
web-mass-av-guardia-peruana-3,mass,Mass Av. Guardia Peruana,Av. Guardia Peruana (Al Costado Del Mcdo. Santa Rosa),Chorrillos,Lima,Lima,150108,-12.182030,-77.000578,exact,web,https://www.tiendasmass.com.pe/ubicame/,verified,Solo en la lista oficial (coordenadas oficiales),2026-10-01
web-mass-av-los-faisanes,mass,Mass Av. Los Faisanes,Av. Los Faisanes (Cruce Con Jr. Perseo),Chorrillos,Lima,Lima,150108,-12.179122,-77.001073,exact,web,https://www.tiendasmass.com.pe/ubicame/,verified,Solo en la lista oficial (coordenadas oficiales),2026-10-01
web-mass-av-los-faisanes-367,mass,Mass Av. Los Faisanes 367,Av. Los Faisanes 367 (Cerca A Av. El Sol),Chorrillos,Lima,Lima,150108,-12.176954,-76.999324,exact,web,https://www.tiendasmass.com.pe/ubicame/,verified,Solo en la lista oficial (coordenadas oficiales),2026-10-01
web-mass-av-los-pumas-140,mass,Mass Av. Los Pumas 140,Av. Los Pumas 140,Chorrillos,Lima,Lima,150108,-12.176733,-77.011175,exact,web,https://www.tiendasmass.com.pe/ubicame/,verified,Solo en la lista oficial (coordenadas oficiales),2026-10-01
web-mass-av-marquez-de-corpac,mass,Mass Av. Marquez De Corpac,Av. Marquez De Corpac (Cerca Al Mcdo. Las Palmeras),Chorrillos,Lima,Lima,150108,-12.202044,-77.020260,exact,web,https://www.tiendasmass.com.pe/ubicame/,verified,Solo en la lista oficial (coordenadas oficiales),2026-10-01
web-mass-av-san-lorenzo,mass,Mass Av. San Lorenzo,Av. San Lorenzo (A Dos Cdras. Del Colegio Trilce),Chorrillos,Lima,Lima,150108,-12.202402,-77.008791,exact,web,https://www.tiendasmass.com.pe/ubicame/,verified,Solo en la lista oficial (coordenadas oficiales),2026-10-01
web-mass-av-san-martin-4,mass,Mass Av. San Martín,Av. San Martín (Frente Al C.C. San Pedro),Chorrillos,Lima,Lima,150108,-12.197265,-76.981121,exact,web,https://www.tiendasmass.com.pe/ubicame/,verified,Solo en la lista oficial (coordenadas oficiales),2026-10-01
web-mass-av-santa-anita-180,mass,Mass Av. Santa Anita 180,Av. Santa Anita 180 (A Una Cdra. De Av. Huaylas),Chorrillos,Lima,Lima,150108,-12.187252,-77.009051,exact,web,https://www.tiendasmass.com.pe/ubicame/,verified,Solo en la lista oficial (coordenadas oficiales),2026-10-01
web-mass-av-tupac-amaru-2,mass,Mass Av. Tupac Amaru,Av. Tupac Amaru (Frente Al Pque. Tupac Amaru De Villa),Chorrillos,Lima,Lima,150108,-12.195471,-76.983614,exact,web,https://www.tiendasmass.com.pe/ubicame/,verified,Solo en la lista oficial (coordenadas oficiales),2026-10-01
web-mass-cl-los-asteroides-134,mass,Mass Cl. Los Asteroides 134,Cl. Los Asteroides 134,Chorrillos,Lima,Lima,150108,-12.168465,-76.997230,exact,web,https://www.tiendasmass.com.pe/ubicame/,verified,Solo en la lista oficial (coordenadas oficiales),2026-10-01
web-mass-jr-andromeda,mass,Mass Jr. Andromeda,Jr. Andromeda (Cruce Con Cl. Los Maestros),Chorrillos,Lima,Lima,150108,-12.171195,-77.008782,exact,web,https://www.tiendasmass.com.pe/ubicame/,verified,Solo en la lista oficial (coordenadas oficiales),2026-10-01
web-mass-jr-costa-azul,mass,Mass Jr. Costa Azul,Jr. Costa Azul (A Una Cdra. Del Paradero Del Metropolitano),Chorrillos,Lima,Lima,150108,-12.174113,-77.015560,exact,web,https://www.tiendasmass.com.pe/ubicame/,verified,Solo en la lista oficial (coordenadas oficiales),2026-10-01
web-mass-jr-las-pleyades,mass,Mass Jr. Las Pleyades,Jr. Las Pleyades (A Una Cdra. Del Mcdo. San Sebastián),Chorrillos,Lima,Lima,150108,-12.170861,-76.996965,exact,web,https://www.tiendasmass.com.pe/ubicame/,verified,Solo en la lista oficial (coordenadas oficiales),2026-10-01
web-mass-jr-san-martin,mass,Mass Jr. San Martín,Jr. San Martín (Cerca Del Mcdo. Santa Isabel),Chorrillos,Lima,Lima,150108,-12.199189,-76.979348,exact,web,https://www.tiendasmass.com.pe/ubicame/,verified,Solo en la lista oficial (coordenadas oficiales),2026-10-01
web-mass-av-cieneguilla,mass,Mass Av. Cieneguilla,Av. Cieneguilla (A Dos Cdras. De La Caseta De Serenazgo),Cieneguilla,Lima,Lima,150109,-12.089360,-76.853773,exact,web,https://www.tiendasmass.com.pe/ubicame/,verified,"Solo en la lista oficial (coordenadas oficiales); distrito según la lista oficial: Ate",2026-10-01
web-mass-av-san-martin,mass,Mass Av. San Martín,Av. San Martín (A Cuatro Cdras. De La Casa De La Cultura),Cieneguilla,Lima,Lima,150109,-12.107882,-76.827274,exact,web,https://www.tiendasmass.com.pe/ubicame/,verified,Solo en la lista oficial (coordenadas oficiales),2026-10-01
web-mass-av-san-martin-2,mass,Mass Av. San Martín,Av. San Martín (Cruce Con Sinchi Roca),Cieneguilla,Lima,Lima,150109,-12.113208,-76.818317,exact,web,https://www.tiendasmass.com.pe/ubicame/,verified,Solo en la lista oficial (coordenadas oficiales),2026-10-01
web-mass-av-san-martin-3,mass,Mass Av. San Martín,Av. San Martín (Cruce De Cl. 119 Y Cl. Pachacutec),Cieneguilla,Lima,Lima,150109,-12.112482,-76.819178,exact,web,https://www.tiendasmass.com.pe/ubicame/,verified,Solo en la lista oficial (coordenadas oficiales),2026-10-01
web-mass-carr-cieneguilla-alt-km-13-5,mass,Mass Carr. Cieneguilla Alt. Km. 13.5,Carr. Cieneguilla Alt. Km. 13.5 (A Dos Cdras. De Sauce Alto),Cieneguilla,Lima,Lima,150109,-12.094164,-76.773929,approx,web,https://www.tiendasmass.com.pe/ubicame/,to_verify,"Solo en la lista oficial (coordenadas oficiales); coordenadas oficiales dudosas",2026-10-01
web-mass-ctra-huarochiri,mass,Mass Ctra. Huarochiri,Ctra. Huarochiri (Cerca De Av. Antonio Raimondi),Cieneguilla,Lima,Lima,150109,-12.069786,-76.757088,approx,web,https://www.tiendasmass.com.pe/ubicame/,to_verify,"Solo en la lista oficial (coordenadas oficiales); coordenadas oficiales dudosas",2026-10-01
web-mass-av-a-n-915-tienda-01,mass,Mass Av. A. N° 915 Tienda 01,Av. A. N° 915 Tienda 01 (Dentro Del Conj. Res. Sil De Collique),Comas,Lima,Lima,150110,-11.925705,-77.058852,exact,web,https://www.tiendasmass.com.pe/ubicame/,verified,Solo en la lista oficial (coordenadas oficiales),2026-10-01
osm-n11816016566,mass,Mass Av. Alameda Del Pinar,Av. Alameda Del Pinar (A Una Cdra. De Paradero Alameda),Comas,Lima,Lima,150110,-11.901551,-77.055336,exact,osm,n11816016566,verified,También en la lista oficial,2026-10-01
web-mass-av-belaunde-oeste-828,mass,Mass Av. Belaunde Oeste 828,Av. Belaunde Oeste 828,Comas,Lima,Lima,150110,-11.936410,-77.054498,exact,web,https://www.tiendasmass.com.pe/ubicame/,verified,Solo en la lista oficial (coordenadas oficiales),2026-10-01
web-mass-av-carabayllo,mass,Mass Av. Carabayllo,Av. Carabayllo (Al Costado Del Mcdo. Futuro Perú),Comas,Lima,Lima,150110,-11.958012,-77.058612,exact,web,https://www.tiendasmass.com.pe/ubicame/,verified,Solo en la lista oficial (coordenadas oficiales),2026-10-01
web-mass-av-carabayllo-2,mass,Mass Av. Carabayllo,Av. Carabayllo (Av. 7) 1784,Comas,Lima,Lima,150110,-11.944819,-77.052679,exact,web,https://www.tiendasmass.com.pe/ubicame/,verified,Solo en la lista oficial (coordenadas oficiales),2026-10-01
web-mass-av-carabayllo-1081,mass,Mass Av. Carabayllo 1081,Av. Carabayllo 1081,Comas,Lima,Lima,150110,-11.952162,-77.056598,exact,web,https://www.tiendasmass.com.pe/ubicame/,verified,Solo en la lista oficial (coordenadas oficiales),2026-10-01
web-mass-av-collique,mass,Mass Av. Collique,Av. Collique (A Dos Cdras. Del Prq. El Cachon),Comas,Lima,Lima,150110,-11.931525,-77.066297,exact,web,https://www.tiendasmass.com.pe/ubicame/,verified,Solo en la lista oficial (coordenadas oficiales),2026-10-01
web-mass-av-el-retablo-1131,mass,Mass Av. El Retablo 1131,Av. El Retablo 1131,Comas,Lima,Lima,150110,-11.928027,-77.055554,approx,web,https://www.tiendasmass.com.pe/ubicame/,to_verify,"Control de numeración: el punto de calle que dio Nominatim (Avenida El Retablo, El Retablo 2, Comas) quedaba a 1.1 km del n.º 1131; posición interpolada entre el n.º 690 (OSM w445399632) y el n.º 1187 (Tiendas 3A Retablo 11 (coordenadas oficiales)) de la misma calle",2026-10-01
web-mass-av-el-retablo-1356,mass,Mass Av. El Retablo 1356,Av. El Retablo 1356,Comas,Lima,Lima,150110,-11.923592,-77.054187,exact,web,https://www.tiendasmass.com.pe/ubicame/,verified,Solo en la lista oficial (coordenadas oficiales),2026-10-01
web-mass-av-guillermo-de-la-fuente,mass,Mass Av. Guillermo De La Fuente,Av. Guillermo De La Fuente (Al Lado Del Mcdo. Santa Luzmila),Comas,Lima,Lima,150110,-11.941962,-77.061595,exact,web,https://www.tiendasmass.com.pe/ubicame/,verified,Solo en la lista oficial (coordenadas oficiales),2026-10-01
web-mass-av-guillermo-de-la-fuente-2,mass,Mass Av. Guillermo De La Fuente,Av. Guillermo De La Fuente (Frente Al C. Salud Sta. Luzmila),Comas,Lima,Lima,150110,-11.941127,-77.063575,exact,web,https://www.tiendasmass.com.pe/ubicame/,verified,Solo en la lista oficial (coordenadas oficiales),2026-10-01
web-mass-av-guillermo-la-fuente-492-494-496-496a-498,mass,Mass Av. Guillermo La Fuente 492 - 494 - 496 - 496A- 498,Av. Guillermo La Fuente 492 - 494 - 496 - 496A- 498,Comas,Lima,Lima,150110,-11.943280,-77.058722,exact,web,https://www.tiendasmass.com.pe/ubicame/,verified,Solo en la lista oficial (coordenadas oficiales),2026-10-01
web-mass-av-heroes-del-alto-cenepa-410,mass,Mass Av. Heroes Del Alto Cenepa 410,Av. Heroes Del Alto Cenepa 410,Comas,Lima,Lima,150110,-11.926226,-77.064482,exact,web,https://www.tiendasmass.com.pe/ubicame/,verified,Solo en la lista oficial (coordenadas oficiales),2026-10-01
web-mass-av-jose-de-la-torre-ugarte-n-4,mass,Mass Av. José De La Torre Ugarte N°4,Av. José De La Torre Ugarte N°4 (A Una Cdra. De La Univ. Prov. Del Norte),Comas,Lima,Lima,150110,-11.937226,-77.059457,exact,web,https://www.tiendasmass.com.pe/ubicame/,verified,Solo en la lista oficial (coordenadas oficiales),2026-10-01
web-mass-av-los-incas-482,mass,Mass Av. Los Incas 482,Av. Los Incas 482,Comas,Lima,Lima,150110,-11.913944,-77.048946,exact,web,https://www.tiendasmass.com.pe/ubicame/,verified,Solo en la lista oficial (coordenadas oficiales),2026-10-01
web-mass-av-los-pinos,mass,Mass Av. Los Pinos,Av. Los Pinos (Al Lado Del Mcdo. El Pinar),Comas,Lima,Lima,150110,-11.914408,-77.055792,exact,web,https://www.tiendasmass.com.pe/ubicame/,verified,Solo en la lista oficial (coordenadas oficiales),2026-10-01
web-mass-av-maestro-peruano-433,mass,Mass Av. Maestro Peruano 433,Av. Maestro Peruano 433,Comas,Lima,Lima,150110,-11.964535,-77.058687,exact,web,https://www.tiendasmass.com.pe/ubicame/,verified,Solo en la lista oficial (coordenadas oficiales),2026-10-01
web-mass-av-manuel-gonzales-prada-1580,mass,Mass Av. Manuel Gonzáles Prada 1580,Av. Manuel Gonzáles Prada 1580,Comas,Lima,Lima,150110,-11.926326,-77.055771,exact,web,https://www.tiendasmass.com.pe/ubicame/,verified,Solo en la lista oficial (coordenadas oficiales),2026-10-01
web-mass-av-mexico-697,mass,Mass Av. México 697,Av. México 697,Comas,Lima,Lima,150110,-11.955699,-77.063484,exact,web,https://www.tiendasmass.com.pe/ubicame/,verified,Solo en la lista oficial (coordenadas oficiales),2026-10-01
web-mass-av-micaela-bastidas-1261,mass,Mass Av. Micaela Bastidas 1261,Av. Micaela Bastidas 1261,Comas,Lima,Lima,150110,-11.928439,-77.060097,exact,web,https://www.tiendasmass.com.pe/ubicame/,verified,Solo en la lista oficial (coordenadas oficiales),2026-10-01
web-mass-av-revolucion-1429,mass,Mass Av. Revolución 1429,Av. Revolución 1429,Comas,Lima,Lima,150110,-11.914072,-77.028960,exact,web,https://www.tiendasmass.com.pe/ubicame/,verified,Solo en la lista oficial (coordenadas oficiales),2026-10-01
web-mass-av-revolucion-2616,mass,Mass Av. Revolución 2616,Av. Revolución 2616 (Cruce Con Cl. Miroquesada),Comas,Lima,Lima,150110,-11.913450,-77.016553,exact,web,https://www.tiendasmass.com.pe/ubicame/,verified,Solo en la lista oficial (coordenadas oficiales),2026-10-01
web-mass-av-san-felipe-2,mass,Mass Av. San Felipe,Av. San Felipe (Cruce Con Av. Chacra Cerro) - Comas - LIMA,Comas,Lima,Lima,150110,-11.897410,-77.046440,exact,web,https://www.tiendasmass.com.pe/ubicame/,verified,Solo en la lista oficial (coordenadas oficiales),2026-10-01
web-mass-av-san-felipe-641,mass,Mass Av. San Felipe 641,Av. San Felipe 641,Comas,Lima,Lima,150110,-11.902544,-77.038508,exact,web,https://www.tiendasmass.com.pe/ubicame/,verified,Solo en la lista oficial (coordenadas oficiales),2026-10-01
web-mass-av-tupac-amaru-1004,mass,Mass Av. Tupac Amaru 1004,Av. Tupac Amaru 1004,Comas,Lima,Lima,150110,-11.957812,-77.052773,approx,web,https://www.tiendasmass.com.pe/ubicame/,to_verify,"Solo en la lista oficial (coordenadas oficiales); coordenadas oficiales casi idénticas a las de ""Mass Av. Túpac Amaru 6488 - 6496""",2026-10-01
web-mass-av-tupac-amaru-181,mass,Mass Av. Túpac Amaru 181,Av. Túpac Amaru 181,Comas,Lima,Lima,150110,-11.971354,-77.057765,exact,web,https://www.tiendasmass.com.pe/ubicame/,verified,Solo en la lista oficial (coordenadas oficiales),2026-10-01
web-mass-av-tupac-amaru-2969,mass,Mass Av. Túpac Amaru 2969,Av. Túpac Amaru 2969,Comas,Lima,Lima,150110,-11.941516,-77.050507,exact,web,https://www.tiendasmass.com.pe/ubicame/,verified,Solo en la lista oficial (coordenadas oficiales),2026-10-01
web-mass-av-tupac-amaru-360,mass,Mass Av. Túpac Amaru 360,Av. Túpac Amaru 360 (Cruce Con Cl. Carrión),Comas,Lima,Lima,150110,-11.936214,-77.048872,exact,web,https://www.tiendasmass.com.pe/ubicame/,verified,Solo en la lista oficial (coordenadas oficiales),2026-10-01
web-mass-av-tupac-amaru-4492-4496,mass,Mass Av. Tupac Amaru 4492 - 4496,Av. Tupac Amaru 4492 - 4496,Comas,Lima,Lima,150110,-11.962091,-77.054188,exact,web,https://www.tiendasmass.com.pe/ubicame/,verified,Solo en la lista oficial (coordenadas oficiales),2026-10-01
web-mass-av-tupac-amaru-4552,mass,Mass Av. Túpac Amaru 4552,Av. Túpac Amaru 4552,Comas,Lima,Lima,150110,-11.925407,-77.042252,exact,web,https://www.tiendasmass.com.pe/ubicame/,verified,Solo en la lista oficial (coordenadas oficiales),2026-10-01
web-mass-av-tupac-amaru-5095,mass,Mass Av. Túpac Amaru 5095,Av. Túpac Amaru 5095,Comas,Lima,Lima,150110,-11.954342,-77.052128,exact,web,https://www.tiendasmass.com.pe/ubicame/,verified,Solo en la lista oficial (coordenadas oficiales),2026-10-01
web-mass-av-tupac-amaru-5103-5105-5107,mass,Mass Av. Túpac Amaru 5103 - 5105 - 5107,Av. Túpac Amaru 5103 - 5105 - 5107,Comas,Lima,Lima,150110,-11.916960,-77.041375,exact,web,https://www.tiendasmass.com.pe/ubicame/,verified,Solo en la lista oficial (coordenadas oficiales),2026-10-01
web-mass-av-tupac-amaru-6488-6496,mass,Mass Av. Túpac Amaru 6488 - 6496,Av. Túpac Amaru 6488 - 6496,Comas,Lima,Lima,150110,-11.957797,-77.052764,approx,web,https://www.tiendasmass.com.pe/ubicame/,to_verify,"Solo en la lista oficial (coordenadas oficiales); coordenadas oficiales casi idénticas a las de ""Mass Av. Tupac Amaru 1004""",2026-10-01
web-mass-av-tupac-amaru-7372,mass,Mass Av. Túpac Amaru 7372,Av. Túpac Amaru 7372,Comas,Lima,Lima,150110,-11.922709,-77.041957,exact,web,https://www.tiendasmass.com.pe/ubicame/,verified,Solo en la lista oficial (coordenadas oficiales),2026-10-01
web-mass-av-universitaria-5977,mass,Mass Av. Universitaria 5977,Av. Universitaria 5977,Comas,Lima,Lima,150110,-11.952660,-77.060230,exact,web,https://www.tiendasmass.com.pe/ubicame/,verified,Solo en la lista oficial (coordenadas oficiales),2026-10-01
osm-n12005939877,mass,Mass Av. Universitaria Norte,Av. Universitaria Norte (Cruce Con Av. México),Comas,Lima,Lima,150110,-11.955147,-77.059567,exact,osm,n12005939877,verified,También en la lista oficial,2026-10-01
web-mass-av-universitaria-norte-10101,mass,Mass Av. Universitaria Norte 10101,Av. Universitaria Norte 10101,Comas,Lima,Lima,150110,-11.906124,-77.043106,exact,web,https://www.tiendasmass.com.pe/ubicame/,verified,Solo en la lista oficial (coordenadas oficiales),2026-10-01
web-mass-av-universitaria-norte-10655,mass,Mass Av. Universitaria Norte 10655,Av. Universitaria Norte 10655,Comas,Lima,Lima,150110,-11.900077,-77.039783,exact,web,https://www.tiendasmass.com.pe/ubicame/,verified,Solo en la lista oficial (coordenadas oficiales),2026-10-01
web-mass-av-victor-a-belaunde-533,mass,Mass Av. Víctor A. Belaunde 533,Av. Víctor A. Belaunde 533,Comas,Lima,Lima,150110,-11.940534,-77.044434,exact,web,https://www.tiendasmass.com.pe/ubicame/,verified,Solo en la lista oficial (coordenadas oficiales),2026-10-01
web-mass-av-victor-andres-belaunde-oeste-1182,mass,Mass Av. Víctor Andrés Belaunde Oeste 1182,Av. Víctor Andrés Belaunde Oeste 1182,Comas,Lima,Lima,150110,-11.933031,-77.059393,exact,web,https://www.tiendasmass.com.pe/ubicame/,verified,Solo en la lista oficial (coordenadas oficiales),2026-10-01
web-mass-calle-13a,mass,Mass Calle 13A,Calle 13A (Cerca A Institución Educativa Peruano Suizo),Comas,Lima,Lima,150110,-11.966538,-77.060357,exact,web,https://www.tiendasmass.com.pe/ubicame/,verified,Solo en la lista oficial (coordenadas oficiales),2026-10-01
web-mass-cl-canada-141,mass,Mass Cl. Canadá 141,Cl. Canadá 141,Comas,Lima,Lima,150110,-11.950070,-77.052365,exact,web,https://www.tiendasmass.com.pe/ubicame/,verified,Solo en la lista oficial (coordenadas oficiales),2026-10-01
web-mass-cl-las-ciruelas-108-urb-la-alborada-ii-etapa,mass,Mass Cl. Las Ciruelas 108 - Urb. La Alborada II Etapa,Cl. Las Ciruelas 108 - Urb. La Alborada II Etapa,Comas,Lima,Lima,150110,-11.911575,-77.046443,exact,web,https://www.tiendasmass.com.pe/ubicame/,verified,Solo en la lista oficial (coordenadas oficiales),2026-10-01
web-mass-cl-los-naranjos,mass,Mass Cl. Los Naranjos,Cl. Los Naranjos (Cerca De Calle 60),Comas,Lima,Lima,150110,-11.916111,-77.049393,exact,web,https://www.tiendasmass.com.pe/ubicame/,verified,Solo en la lista oficial (coordenadas oficiales),2026-10-01
web-mass-jr-8-n-400-402-psje-160,mass,Mass Jr. 8. N° 400 - 402. Psje. 160,Jr. 8. N° 400 - 402. Psje. 160,Comas,Lima,Lima,150110,-11.965797,-77.059829,exact,web,https://www.tiendasmass.com.pe/ubicame/,verified,Solo en la lista oficial (coordenadas oficiales),2026-10-01
web-mass-jr-alvarado-510-511,mass,Mass Jr. Alvarado 510 - 511,Jr. Alvarado 510 - 511,Comas,Lima,Lima,150110,-11.956761,-77.048248,exact,web,https://www.tiendasmass.com.pe/ubicame/,verified,Solo en la lista oficial (coordenadas oficiales),2026-10-01
web-mass-jr-manuel-gonzales-902-900,mass,Mass Jr. Manuel Gonzales 902 - 900,Jr. Manuel Gonzales 902 - 900,Comas,Lima,Lima,150110,-11.931964,-77.059179,exact,web,https://www.tiendasmass.com.pe/ubicame/,verified,Solo en la lista oficial (coordenadas oficiales),2026-10-01
web-mass-jr-miguel-grau-158,mass,Mass Jr. Miguel Grau 158,Jr. Miguel Grau 158,Comas,Lima,Lima,150110,-11.926937,-77.044373,exact,web,https://www.tiendasmass.com.pe/ubicame/,verified,Solo en la lista oficial (coordenadas oficiales),2026-10-01
web-mass-jr-morropon-190,mass,Mass Jr. Morropon 190,Jr. Morropon 190,Comas,Lima,Lima,150110,-11.906638,-77.035279,exact,web,https://www.tiendasmass.com.pe/ubicame/,verified,Solo en la lista oficial (coordenadas oficiales),2026-10-01
web-mass-jr-pimentel-297,mass,Mass Jr. Pimentel 297,Jr. Pimentel 297,Comas,Lima,Lima,150110,-11.907370,-77.037555,exact,web,https://www.tiendasmass.com.pe/ubicame/,verified,Solo en la lista oficial (coordenadas oficiales),2026-10-01
web-mass-res-ciudad-sol-de-collique,mass,Mass Res. Ciudad Sol De Collique,Res. Ciudad Sol De Collique (Dentro Del Conodominio),Comas,Lima,Lima,150110,-11.923615,-77.061406,exact,web,https://www.tiendasmass.com.pe/ubicame/,verified,Solo en la lista oficial (coordenadas oficiales),2026-10-01
web-mass-av-ancash-2328,mass,Mass Av. Ancash 2328,Av. Ancash 2328,El Agustino,Lima,Lima,150111,-12.041122,-77.001197,exact,web,https://www.tiendasmass.com.pe/ubicame/,verified,Solo en la lista oficial (coordenadas oficiales),2026-10-01
web-mass-av-cesar-vallejo-1713,mass,Mass Av. Cesar Vallejo 1713,Av. Cesar Vallejo 1713,El Agustino,Lima,Lima,150111,-12.039410,-76.989560,exact,web,https://www.tiendasmass.com.pe/ubicame/,verified,"Solo en la lista oficial (coordenadas oficiales); distrito según la lista oficial: Lima",2026-10-01
web-mass-av-jose-de-la-rivaguero-1480,mass,Mass Av. José De La Rivaguero 1480,Av. José De La Rivaguero 1480,El Agustino,Lima,Lima,150111,-12.047067,-76.999673,exact,web,https://www.tiendasmass.com.pe/ubicame/,verified,Solo en la lista oficial (coordenadas oficiales),2026-10-01
web-mass-cl-los-higos-194-196,mass,Mass Cl. Los Higos 194 - 196,Cl. Los Higos 194 - 196,El Agustino,Lima,Lima,150111,-12.031654,-76.990498,exact,web,https://www.tiendasmass.com.pe/ubicame/,verified,Solo en la lista oficial (coordenadas oficiales),2026-10-01
web-mass-jr-juan-hoyle-palacios-218,mass,Mass Jr. Juan Hoyle Palacios 218,Jr. Juan Hoyle Palacios 218,El Agustino,Lima,Lima,150111,-12.049748,-77.000026,exact,web,https://www.tiendasmass.com.pe/ubicame/,verified,Solo en la lista oficial (coordenadas oficiales),2026-10-01
web-mass-av-17-de-noviembre-440,mass,Mass Av. 17 De Noviembre 440,Av. 17 De Noviembre 440,Independencia,Lima,Lima,150112,-11.992512,-77.051118,exact,web,https://www.tiendasmass.com.pe/ubicame/,verified,Solo en la lista oficial (coordenadas oficiales),2026-10-01
web-mass-av-alisos-410,mass,Mass Av. Alisos 410,Av. Alisos 410,Independencia,Lima,Lima,150112,-11.983614,-77.063250,exact,web,https://www.tiendasmass.com.pe/ubicame/,verified,"Solo en la lista oficial (coordenadas oficiales); distrito según la lista oficial: San Martín de Porres",2026-10-01
web-mass-av-antisuyo-453,mass,Mass Av. Antisuyo 453,Av. Antisuyo 453,Independencia,Lima,Lima,150112,-11.978701,-77.046658,exact,web,https://www.tiendasmass.com.pe/ubicame/,verified,Solo en la lista oficial (coordenadas oficiales),2026-10-01
web-mass-av-chinchaysuyo-142,mass,Mass Av. Chinchaysuyo 142,Av. Chinchaysuyo 142,Independencia,Lima,Lima,150112,-11.979749,-77.057200,exact,web,https://www.tiendasmass.com.pe/ubicame/,verified,Solo en la lista oficial (coordenadas oficiales),2026-10-01
web-mass-av-coricancha-201-203,mass,Mass Av. Coricancha 201 - 203,Av. Coricancha 201 - 203,Independencia,Lima,Lima,150112,-11.981669,-77.045648,exact,web,https://www.tiendasmass.com.pe/ubicame/,verified,Solo en la lista oficial (coordenadas oficiales),2026-10-01
web-mass-av-coricancha-306,mass,Mass Av. Coricancha 306,Av. Coricancha 306,Independencia,Lima,Lima,150112,-11.981313,-77.043145,exact,web,https://www.tiendasmass.com.pe/ubicame/,verified,Solo en la lista oficial (coordenadas oficiales),2026-10-01
osm-n5605915215,mass,Mass Av. Gerardo Unger 3371 - 3373,Av. Gerardo Unger 3371 - 3373,Independencia,Lima,Lima,150112,-11.997032,-77.055661,exact,osm,n5605915215,verified,También en la lista oficial,2026-10-01
web-mass-av-las-almendras-202,mass,Mass Av. Las Almendras 202,Av. Las Almendras 202,Independencia,Lima,Lima,150112,-11.985386,-77.058955,exact,web,https://www.tiendasmass.com.pe/ubicame/,verified,"Solo en la lista oficial (coordenadas oficiales); distrito según la lista oficial: San Martín de Porres",2026-10-01
osm-n13125700954,mass,Mass Jazmines 109 - 111,Jazmines 109 - 111,Independencia,Lima,Lima,150112,-12.001360,-77.054500,exact,osm,n13125700954,verified,También en la lista oficial,2026-10-01
web-mass-jr-aravicus-112,mass,Mass Jr. Aravicus 112,Jr. Aravicus 112,Independencia,Lima,Lima,150112,-11.987610,-77.056283,exact,web,https://www.tiendasmass.com.pe/ubicame/,verified,Solo en la lista oficial (coordenadas oficiales),2026-10-01
web-mass-jr-huamachuco-359,mass,Mass Jr. Huamachuco 359,Jr. Huamachuco 359,Independencia,Lima,Lima,150112,-11.977250,-77.050750,exact,web,https://www.tiendasmass.com.pe/ubicame/,verified,Solo en la lista oficial (coordenadas oficiales),2026-10-01
web-mass-jr-inca-roca-350,mass,Mass Jr. Inca Roca 350,Jr. Inca Roca 350,Independencia,Lima,Lima,150112,-11.981941,-77.052717,exact,web,https://www.tiendasmass.com.pe/ubicame/,verified,Solo en la lista oficial (coordenadas oficiales),2026-10-01
web-mass-jr-inca-yupanqui-570,mass,Mass Jr. Inca Yupanqui 570,Jr. Inca Yupanqui 570,Independencia,Lima,Lima,150112,-11.977803,-77.047421,exact,web,https://www.tiendasmass.com.pe/ubicame/,verified,Solo en la lista oficial (coordenadas oficiales),2026-10-01
web-mass-av-garzon-651-653-tda-4,mass,Mass Av. Garzón 651 - 653 - Tda. 4,Av. Garzón 651 - 653 - Tda. 4,Jesús María,Lima,Lima,150113,-12.066300,-77.045100,exact,web,https://www.tiendasmass.com.pe/ubicame/,verified,Solo en la lista oficial (coordenadas oficiales),2026-10-01
web-mass-av-general-garzon-1120,mass,Mass Av. General Garzón 1120,Av. General Garzón 1120,Jesús María,Lima,Lima,150113,-12.071200,-77.049000,exact,web,https://www.tiendasmass.com.pe/ubicame/,verified,Solo en la lista oficial (coordenadas oficiales),2026-10-01
web-mass-av-talara-442-452-tienda-5,mass,Mass Av. Talara 442 452. Tienda 5,Av. Talara 442 452. Tienda 5,Jesús María,Lima,Lima,150113,-12.070700,-77.045100,exact,web,https://www.tiendasmass.com.pe/ubicame/,verified,Solo en la lista oficial (coordenadas oficiales),2026-10-01
web-mass-av-talara-650,mass,Mass Av. Talara 650,Av. Talara 650 (Cruce Con Jr. Brigadier Mateo Pumacahua),Jesús María,Lima,Lima,150113,-12.071484,-77.043277,exact,web,https://www.tiendasmass.com.pe/ubicame/,verified,Solo en la lista oficial (coordenadas oficiales),2026-10-01
osm-n8670530778,mass,Mass Av. Tizon Y Bueno Ricardo 547,Av. Tizon Y Bueno Ricardo 547,Jesús María,Lima,Lima,150113,-12.078967,-77.050760,exact,osm,n8670530778,verified,También en la lista oficial,2026-10-01
web-mass-jr-larrabure-y-unanue-392,mass,Mass Jr. Larrabure Y Unánue 392,Jr. Larrabure Y Unánue 392,Jesús María,Lima,Lima,150113,-12.069818,-77.039260,exact,web,https://www.tiendasmass.com.pe/ubicame/,verified,Solo en la lista oficial (coordenadas oficiales),2026-10-01
web-mass-jr-mariscal-miller-914,mass,Mass Jr. Mariscal Miller 914,Jr. Mariscal Miller 914,Jesús María,Lima,Lima,150113,-12.073749,-77.038338,exact,web,https://www.tiendasmass.com.pe/ubicame/,verified,Solo en la lista oficial (coordenadas oficiales),2026-10-01
osm-w436920138,mass,Mass Jr. Mariscal Toribio Luzuriaga 558,Jr. Mariscal Toribio Luzuriaga 558,Jesús María,Lima,Lima,150113,-12.076357,-77.048453,exact,osm,w436920138,verified,También en la lista oficial,2026-10-01
web-mass-alameda-del-corregidor,mass,Mass Alameda Del Corregidor,Alameda Del Corregidor (A 3 Cdras. De La Comisaría De Las Praderas),La Molina,Lima,Lima,150114,-12.115065,-76.939866,exact,web,https://www.tiendasmass.com.pe/ubicame/,verified,Solo en la lista oficial (coordenadas oficiales),2026-10-01
web-mass-alameda-del-corregidor-1781,mass,Mass Alameda Del Corregidor 1781,Alameda Del Corregidor 1781,La Molina,Lima,Lima,150114,-12.101043,-76.949456,exact,web,https://www.tiendasmass.com.pe/ubicame/,verified,Solo en la lista oficial (coordenadas oficiales),2026-10-01
osm-n14084445130,mass,Mass Av. Alameda Del Corregidor 1207,Av. Alameda Del Corregidor 1207,La Molina,Lima,Lima,150114,-12.093144,-76.952562,exact,osm,n14084445130,verified,También en la lista oficial,2026-10-01
web-mass-av-de-los-condores-610,mass,Mass Av. De Los Condores 610,Av. De Los Condores 610,La Molina,Lima,Lima,150114,-12.101371,-76.944443,exact,web,https://www.tiendasmass.com.pe/ubicame/,verified,Solo en la lista oficial (coordenadas oficiales),2026-10-01
web-mass-av-flora-tristan-202,mass,Mass Av. Flora Tristán 202,Av. Flora Tristán 202,La Molina,Lima,Lima,150114,-12.073664,-76.939414,exact,web,https://www.tiendasmass.com.pe/ubicame/,verified,Solo en la lista oficial (coordenadas oficiales),2026-10-01
web-mass-av-flora-tristan-633,mass,Mass Av. Flora Tristán 633,Av. Flora Tristán 633,La Molina,Lima,Lima,150114,-12.068337,-76.943299,exact,web,https://www.tiendasmass.com.pe/ubicame/,verified,Solo en la lista oficial (coordenadas oficiales),2026-10-01
web-mass-av-javier-prado-este-7080,mass,Mass Av. Javier Prado Este 7080,Av. Javier Prado Este 7080,La Molina,Lima,Lima,150114,-12.066111,-76.942020,exact,web,https://www.tiendasmass.com.pe/ubicame/,verified,Solo en la lista oficial (coordenadas oficiales),2026-10-01
web-mass-av-la-molina-2850-el-sauce-de-la-rinconada,mass,Mass Av. La Molina 2850 - El Sauce De La Rinconada,Av. La Molina 2850 - El Sauce De La Rinconada (Molicentro),La Molina,Lima,Lima,150114,-12.083565,-76.927588,exact,web,https://www.tiendasmass.com.pe/ubicame/,verified,Solo en la lista oficial (coordenadas oficiales),2026-10-01
web-mass-av-los-constructores-1086,mass,Mass Av. Los Constructores 1086,Av. Los Constructores 1086,La Molina,Lima,Lima,150114,-12.062826,-76.946499,exact,web,https://www.tiendasmass.com.pe/ubicame/,verified,Solo en la lista oficial (coordenadas oficiales),2026-10-01
web-mass-av-los-constructores-1376,mass,Mass Av. Los Constructores 1376,Av. Los Constructores 1376,La Molina,Lima,Lima,150114,-12.061234,-76.943060,exact,web,https://www.tiendasmass.com.pe/ubicame/,verified,Solo en la lista oficial (coordenadas oficiales),2026-10-01
web-mass-av-los-constructores-327,mass,Mass Av. Los Constructores 327,Av. Los Constructores 327,La Molina,Lima,Lima,150114,-12.066420,-76.956060,exact,web,https://www.tiendasmass.com.pe/ubicame/,verified,Solo en la lista oficial (coordenadas oficiales),2026-10-01
web-mass-av-los-constructores-545,mass,Mass Av. Los Constructores 545,Av. Los Constructores 545,La Molina,Lima,Lima,150114,-12.066312,-76.955747,approx,web,https://www.tiendasmass.com.pe/ubicame/,to_verify,"Geocodificada a partir de la dirección oficial (Nominatim, a nivel de calle: Avenida Los Constructores, La Molina, Lima); posible duplicado de web-mass-av-los-constructores-327 ""Mass Av. Los Constructores 327"" (a 36 m)",2026-10-01
osm-w751751273,mass,Mass Av. Los Fresnos 1766,Av. Los Fresnos 1766,La Molina,Lima,Lima,150114,-12.110037,-76.938946,exact,osm,w751751273,verified,También en la lista oficial,2026-10-01
web-mass-av-los-fresnos-2005,mass,Mass Av. Los Fresnos 2005,Av. Los Fresnos 2005,La Molina,Lima,Lima,150114,-12.112788,-76.936705,exact,web,https://www.tiendasmass.com.pe/ubicame/,verified,Solo en la lista oficial (coordenadas oficiales),2026-10-01
web-mass-av-los-ingenieros,mass,Mass Av. Los Ingenieros,Av. Los Ingenieros (Alt Del Templo De Los Mormones),La Molina,Lima,Lima,150114,-12.065666,-76.949814,exact,web,https://www.tiendasmass.com.pe/ubicame/,verified,Solo en la lista oficial (coordenadas oficiales),2026-10-01
web-mass-av-separadora-industrial,mass,Mass Av. Separadora Industrial,Av. Separadora Industrial (A Una Cdra. De La Iglesia De Los Testigos De Jehová),La Molina,Lima,Lima,150114,-12.058317,-76.946561,exact,web,https://www.tiendasmass.com.pe/ubicame/,verified,Solo en la lista oficial (coordenadas oficiales),2026-10-01
web-mass-cl-las-cataratas-130,mass,Mass Cl. Las Cataratas 130,Cl. Las Cataratas 130,La Molina,Lima,Lima,150114,-12.098253,-76.946305,exact,web,https://www.tiendasmass.com.pe/ubicame/,verified,Solo en la lista oficial (coordenadas oficiales),2026-10-01
web-mass-jr-madre-de-dios,mass,Mass Jr. Madre De Dios,Jr. Madre De Dios (A Una Cdra. De Av. Jv. Prado Este),La Molina,Lima,Lima,150114,-12.069384,-76.946158,exact,web,https://www.tiendasmass.com.pe/ubicame/,verified,Solo en la lista oficial (coordenadas oficiales),2026-10-01
osm-n7214092300,mass,Mass Jr. Samoa 320-A,Jr. Samoa 320-A,La Molina,Lima,Lima,150114,-12.082628,-76.898017,exact,osm,n7214092300,verified,También en la lista oficial,2026-10-01
web-mass-av-bauzate-y-meza-1199,mass,Mass Av. Bauzate Y Meza 1199,Av. Bauzate Y Meza 1199,La Victoria,Lima,Lima,150115,-12.062937,-77.018662,exact,web,https://www.tiendasmass.com.pe/ubicame/,verified,Solo en la lista oficial (coordenadas oficiales),2026-10-01
web-mass-av-canada-397,mass,Mass Av. Canadá 397,Av. Canadá 397,La Victoria,Lima,Lima,150115,-12.081666,-77.023331,exact,web,https://www.tiendasmass.com.pe/ubicame/,verified,Solo en la lista oficial (coordenadas oficiales),2026-10-01
web-mass-av-de-las-americas-667,mass,Mass Av. De Las Américas 667,Av. De Las Américas 667,La Victoria,Lima,Lima,150115,-12.076724,-77.020968,exact,web,https://www.tiendasmass.com.pe/ubicame/,verified,Solo en la lista oficial (coordenadas oficiales),2026-10-01
web-mass-av-del-aire-746,mass,Mass Av. Del Aire 746,Av. Del Aire 746,La Victoria,Lima,Lima,150115,-12.081706,-77.005776,exact,web,https://www.tiendasmass.com.pe/ubicame/,verified,Solo en la lista oficial (coordenadas oficiales),2026-10-01
web-mass-av-esteban-campodonico-468-470,mass,Mass Av. Esteban Campodónico 468 - 470,Av. Esteban Campodónico 468 - 470,La Victoria,Lima,Lima,150115,-12.086136,-77.021143,exact,web,https://www.tiendasmass.com.pe/ubicame/,verified,Solo en la lista oficial (coordenadas oficiales),2026-10-01
web-mass-av-las-americas-1351,mass,Mass Av. Las Americas 1351,Av. Las Americas 1351,La Victoria,Lima,Lima,150115,-12.076404,-77.015265,exact,web,https://www.tiendasmass.com.pe/ubicame/,verified,Solo en la lista oficial (coordenadas oficiales),2026-10-01
web-mass-av-mexico-584,mass,Mass Av. México 584,Av. México 584,La Victoria,Lima,Lima,150115,-12.075131,-77.023550,exact,web,https://www.tiendasmass.com.pe/ubicame/,verified,Solo en la lista oficial (coordenadas oficiales),2026-10-01
web-mass-av-san-eugenio-1051,mass,Mass Av. San Eugenio 1051,Av. San Eugenio 1051,La Victoria,Lima,Lima,150115,-12.085776,-77.015725,exact,web,https://www.tiendasmass.com.pe/ubicame/,verified,Solo en la lista oficial (coordenadas oficiales),2026-10-01
web-mass-jr-enrique-leon-garcia-133,mass,Mass Jr. Enrique León García 133,Jr. Enrique León García 133,La Victoria,Lima,Lima,150115,-12.082102,-77.022355,exact,web,https://www.tiendasmass.com.pe/ubicame/,verified,Solo en la lista oficial (coordenadas oficiales),2026-10-01
web-mass-av-alejandro-tirado-367,mass,Mass Av. Alejandro Tirado 367,Av. Alejandro Tirado 367,Lima,Lima,Lima,150101,-12.074254,-77.034337,exact,web,https://www.tiendasmass.com.pe/ubicame/,verified,Solo en la lista oficial (coordenadas oficiales),2026-10-01
web-mass-av-colonial-2400,mass,Mass Av. Colonial 2400,Av. Colonial 2400,Lima,Lima,Lima,150101,-12.049736,-77.073103,exact,web,https://www.tiendasmass.com.pe/ubicame/,verified,Solo en la lista oficial (coordenadas oficiales),2026-10-01
web-mass-av-la-alborada-1417,mass,Mass Av. La Alborada 1417,Av. La Alborada 1417,Lima,Lima,Lima,150101,-12.062653,-77.066503,exact,web,https://www.tiendasmass.com.pe/ubicame/,verified,Solo en la lista oficial (coordenadas oficiales),2026-10-01
osm-n12183250174,mass,Mass Av. Luis Braille 1368 - 1386,Av. Luis Braille 1368 - 1386,Lima,Lima,Lima,150101,-12.052426,-77.067256,exact,osm,n12183250174,verified,También en la lista oficial,2026-10-01
web-mass-av-mariano-h-cornejo-1456,mass,Mass Av. Mariano H. Cornejo 1456,Av. Mariano H. Cornejo 1456,Lima,Lima,Lima,150101,-12.067514,-77.066669,exact,web,https://www.tiendasmass.com.pe/ubicame/,verified,Solo en la lista oficial (coordenadas oficiales),2026-10-01
web-mass-av-mariano-h-cornejo-2042,mass,Mass Av. Mariano H. Cornejo 2042,Av. Mariano H. Cornejo 2042,Lima,Lima,Lima,150101,-12.067697,-77.074178,exact,web,https://www.tiendasmass.com.pe/ubicame/,verified,Solo en la lista oficial (coordenadas oficiales),2026-10-01
web-mass-av-petit-thouars-1329,mass,Mass Av. Petit Thouars 1329,Av. Petit Thouars 1329,Lima,Lima,Lima,150101,-12.077882,-77.034168,exact,web,https://www.tiendasmass.com.pe/ubicame/,verified,Solo en la lista oficial (coordenadas oficiales),2026-10-01
web-mass-av-roberto-thorndike-galup-1419,mass,Mass Av. Roberto Thorndike Galup 1419,Av. Roberto Thorndike Galup 1419 (Cruce De Eleazar Guzmán),Lima,Lima,Lima,150101,-12.055122,-77.069129,exact,web,https://www.tiendasmass.com.pe/ubicame/,verified,Solo en la lista oficial (coordenadas oficiales),2026-10-01
web-mass-av-tacna-435-441,mass,Mass Av. Tacna 435 - 441,Av. Tacna 435 - 441,Lima,Lima,Lima,150101,-12.046000,-77.036985,exact,web,https://www.tiendasmass.com.pe/ubicame/,verified,Solo en la lista oficial (coordenadas oficiales),2026-10-01
web-mass-av-universitaria-4,mass,Mass Av. Universitaria,Av. Universitaria (Cruce Con Jr. Pérez Tudela),Lima,Lima,Lima,150101,-12.037088,-77.077495,exact,web,https://www.tiendasmass.com.pe/ubicame/,verified,Solo en la lista oficial (coordenadas oficiales),2026-10-01
web-mass-av-victor-sarria-arzubiaga-1216,mass,Mass Av. Victor Sarria Arzubiaga 1216,Av. Victor Sarria Arzubiaga 1216,Lima,Lima,Lima,150101,-12.051397,-77.071305,exact,web,https://www.tiendasmass.com.pe/ubicame/,verified,Solo en la lista oficial (coordenadas oficiales),2026-10-01
web-mass-cl-enrique-villar-161,mass,Mass Cl. Enrique Villar 161,Cl. Enrique Villar 161,Lima,Lima,Lima,150101,-12.076700,-77.036060,exact,web,https://www.tiendasmass.com.pe/ubicame/,verified,Solo en la lista oficial (coordenadas oficiales),2026-10-01
web-mass-jr-cutervo-1866,mass,Mass Jr. Cutervo 1866,Jr. Cutervo 1866,Lima,Lima,Lima,150101,-12.053009,-77.058626,exact,web,https://www.tiendasmass.com.pe/ubicame/,verified,Solo en la lista oficial (coordenadas oficiales),2026-10-01
web-mass-jr-cutervo-2010,mass,Mass Jr. Cutervo 2010,Jr. Cutervo 2010,Lima,Lima,Lima,150101,-12.052641,-77.059927,exact,web,https://www.tiendasmass.com.pe/ubicame/,verified,Solo en la lista oficial (coordenadas oficiales),2026-10-01
web-mass-jr-fray-bruno-terreros-261,mass,Mass Jr. Fray Bruno Terreros 261,Jr. Fray Bruno Terreros 261,Lima,Lima,Lima,150101,-12.037146,-77.072218,exact,web,https://www.tiendasmass.com.pe/ubicame/,verified,Solo en la lista oficial (coordenadas oficiales),2026-10-01
web-mass-jr-huanuco-1014-1016,mass,Mass Jr. Huánuco 1014 - 1016,Jr. Huánuco 1014 - 1016,Lima,Lima,Lima,150101,-12.056308,-77.017931,exact,web,https://www.tiendasmass.com.pe/ubicame/,verified,Solo en la lista oficial (coordenadas oficiales),2026-10-01
osm-w435488004,mass,Mass Jr. Ramón Cárcamo 792 - 798,Jr. Ramón Cárcamo 792 - 798,Lima,Lima,Lima,150101,-12.049445,-77.050727,exact,osm,w435488004,verified,También en la lista oficial,2026-10-01
web-mass-jr-santa-francisca-romana-545,mass,Mass Jr. Santa Francisca Romana 545,Jr. Santa Francisca Romana 545,Lima,Lima,Lima,150101,-12.061826,-77.072179,exact,web,https://www.tiendasmass.com.pe/ubicame/,verified,Solo en la lista oficial (coordenadas oficiales),2026-10-01
web-mass-jr-tnt-aristides-del-carpio-munoz-1396,mass,Mass Jr. Tnt. Arístides Del Carpio Muñoz 1396,Jr. Tnt. Arístides Del Carpio Muñoz 1396,Lima,Lima,Lima,150101,-12.052954,-77.077379,exact,web,https://www.tiendasmass.com.pe/ubicame/,verified,Solo en la lista oficial (coordenadas oficiales),2026-10-01
web-mass-jr-tnt-aristides-del-carpio-munoz-1687,mass,Mass Jr. Tnt. Aristides Del Carpio Muñoz 1687,Jr. Tnt. Aristides Del Carpio Muñoz 1687,Lima,Lima,Lima,150101,-12.057489,-77.077806,exact,web,https://www.tiendasmass.com.pe/ubicame/,verified,Solo en la lista oficial (coordenadas oficiales),2026-10-01
web-mass-av-cesar-vallejo-1550-1554,mass,Mass Av. Cesar Vallejo 1550 - 1554,Av. Cesar Vallejo 1550 - 1554,Lince,Lima,Lima,150116,-12.087939,-77.047539,exact,web,https://www.tiendasmass.com.pe/ubicame/,verified,Solo en la lista oficial (coordenadas oficiales),2026-10-01
web-mass-av-coronel-jose-leal-859,mass,Mass Av. Coronel José Leal 859,Av. Coronel José Leal 859,Lince,Lima,Lima,150116,-12.085764,-77.041916,exact,web,https://www.tiendasmass.com.pe/ubicame/,verified,Solo en la lista oficial (coordenadas oficiales),2026-10-01
web-mass-av-ignacio-merino-2552,mass,Mass Av. Ignacio Merino 2552,Av. Ignacio Merino 2552,Lince,Lima,Lima,150116,-12.089185,-77.031776,exact,web,https://www.tiendasmass.com.pe/ubicame/,verified,Solo en la lista oficial (coordenadas oficiales),2026-10-01
web-mass-av-jose-galvez-1985,mass,Mass Av. José Galvez 1985,Av. José Galvez 1985,Lince,Lima,Lima,150116,-12.083438,-77.029070,exact,web,https://www.tiendasmass.com.pe/ubicame/,verified,Solo en la lista oficial (coordenadas oficiales),2026-10-01
web-mass-av-jose-leal-1236,mass,Mass Av. José Leal 1236,Av. José Leal 1236,Lince,Lima,Lima,150116,-12.086109,-77.045033,exact,web,https://www.tiendasmass.com.pe/ubicame/,verified,Solo en la lista oficial (coordenadas oficiales),2026-10-01
web-mass-av-julio-cesar-tello-602-610,mass,Mass Av. Julio Cesar Tello 602 - 610,Av. Julio Cesar Tello 602 - 610,Lince,Lima,Lima,150116,-12.086249,-77.039616,exact,web,https://www.tiendasmass.com.pe/ubicame/,verified,Solo en la lista oficial (coordenadas oficiales),2026-10-01
web-mass-av-militar-2258,mass,Mass Av. Militar 2258,Av. Militar 2258,Lince,Lima,Lima,150116,-12.086034,-77.031197,exact,web,https://www.tiendasmass.com.pe/ubicame/,verified,Solo en la lista oficial (coordenadas oficiales),2026-10-01
web-mass-av-petit-thouars-2355,mass,Mass Av. Petit Thouars 2355,Av. Petit Thouars 2355,Lince,Lima,Lima,150116,-12.087329,-77.032808,exact,web,https://www.tiendasmass.com.pe/ubicame/,verified,Solo en la lista oficial (coordenadas oficiales),2026-10-01
web-mass-jr-de-zela-francisco-1898,mass,Mass Jr. De Zela Francisco 1898,Jr. De Zela Francisco 1898,Lince,Lima,Lima,150116,-12.084359,-77.039826,exact,web,https://www.tiendasmass.com.pe/ubicame/,verified,Solo en la lista oficial (coordenadas oficiales),2026-10-01
web-mass-jr-manuel-candamo-270,mass,Mass Jr. Manuel Candamo 270,Jr. Manuel Candamo 270,Lince,Lima,Lima,150116,-12.082469,-77.033969,exact,web,https://www.tiendasmass.com.pe/ubicame/,verified,Solo en la lista oficial (coordenadas oficiales),2026-10-01
web-mass-jr-risso-354,mass,Mass Jr. Risso 354,Jr. Risso 354,Lince,Lima,Lima,150116,-12.085548,-77.032747,exact,web,https://www.tiendasmass.com.pe/ubicame/,verified,Solo en la lista oficial (coordenadas oficiales),2026-10-01
web-mass-av-02-de-octubre,mass,Mass Av. 02 De Octubre,Av. 02 De Octubre (Cruce Con Av. Betancourt),Los Olivos,Lima,Lima,150117,-11.948896,-77.080152,exact,web,https://www.tiendasmass.com.pe/ubicame/,verified,Solo en la lista oficial (coordenadas oficiales),2026-10-01
osm-w1394452670,mass,Mass Av. 23 De Setiembre,Av. 23 De Setiembre (A Media Cdra. De Inkafarma),Los Olivos,Lima,Lima,150117,-11.922992,-77.074474,exact,osm,w1394452670,verified,También en la lista oficial (nombre en OSM: Mass),2026-10-01
web-mass-av-angelica-gamarra-cdra-7,mass,Mass Av. Angélica Gamarra Cdra. 7,Av. Angélica Gamarra Cdra. 7 (Entre Cl. 32 Y 34) - Urb. El Trebol III Etapa,Los Olivos,Lima,Lima,150117,-12.006019,-77.070572,exact,web,https://www.tiendasmass.com.pe/ubicame/,verified,Solo en la lista oficial (coordenadas oficiales),2026-10-01
web-mass-av-carlos-alberto-izaguirre,mass,Mass Av. Carlos Alberto Izaguirre,Av. Carlos Alberto Izaguirre (Cruce Con Av. Universitaria),Los Olivos,Lima,Lima,150117,-11.991853,-77.081517,exact,web,https://www.tiendasmass.com.pe/ubicame/,verified,Solo en la lista oficial (coordenadas oficiales),2026-10-01
osm-n12862008222,mass,Mass Av. Carlos Izaguirre,Av. Carlos Izaguirre (A 20mts. De Tarapoto Courier),Los Olivos,Lima,Lima,150117,-11.991987,-77.075377,exact,osm,n12862008222,verified,También en la lista oficial (nombre en OSM: Mass),2026-10-01
web-mass-av-carlos-izaguirre-511,mass,Mass Av. Carlos Izaguirre 511,Av. Carlos Izaguirre 511(Al Frente De Inkafarma),Los Olivos,Lima,Lima,150117,-11.990727,-77.066623,exact,web,https://www.tiendasmass.com.pe/ubicame/,verified,Solo en la lista oficial (coordenadas oficiales),2026-10-01
web-mass-av-central-736,mass,Mass Av. Central 736,Av. Central 736,Los Olivos,Lima,Lima,150117,-11.959320,-77.075032,exact,web,https://www.tiendasmass.com.pe/ubicame/,verified,Solo en la lista oficial (coordenadas oficiales),2026-10-01
web-mass-av-honradez-799,mass,Mass Av. Honradez 799,Av. Honradez 799,Los Olivos,Lima,Lima,150117,-11.937050,-77.078120,exact,web,https://www.tiendasmass.com.pe/ubicame/,verified,Solo en la lista oficial (coordenadas oficiales),2026-10-01
web-mass-av-huandoy,mass,Mass Av. Huandoy,Av. Huandoy (Frente A La Loretana),Los Olivos,Lima,Lima,150117,-11.975215,-77.082778,exact,web,https://www.tiendasmass.com.pe/ubicame/,verified,Solo en la lista oficial (coordenadas oficiales),2026-10-01
web-mass-av-las-palmeras-3888,mass,Mass Av. Las Palmeras 3888,Av. Las Palmeras 3888,Los Olivos,Lima,Lima,150117,-11.989390,-77.071695,exact,web,https://www.tiendasmass.com.pe/ubicame/,verified,Solo en la lista oficial (coordenadas oficiales),2026-10-01
osm-w1196171670,mass,Mass Av. Los Alisos,Av. Los Alisos (Al Lado Del Mcdo. 5 De Setiembre),Los Olivos,Lima,Lima,150117,-11.984405,-77.069310,exact,osm,w1196171670,verified,"También en la lista oficial; la lista oficial no trae coordenadas; emparejada por el nombre de la sede o de la calle",2026-10-01
web-mass-av-los-alisos-4,mass,Mass Av. Los Alisos,Av. Los Alisos (Cruce Con Universitaria),Los Olivos,Lima,Lima,150117,-11.982918,-77.078891,exact,web,https://www.tiendasmass.com.pe/ubicame/,verified,Solo en la lista oficial (coordenadas oficiales),2026-10-01
web-mass-av-los-proceres-2,mass,Mass Av. Los Próceres,Av. Los Próceres (Cruce Con Av. Cordialidad),Los Olivos,Lima,Lima,150117,-11.939624,-77.077293,exact,web,https://www.tiendasmass.com.pe/ubicame/,verified,Solo en la lista oficial (coordenadas oficiales),2026-10-01
web-mass-av-maranon-619,mass,Mass Av. Marañón 619,Av. Marañón 619,Los Olivos,Lima,Lima,150117,-11.971986,-77.071016,exact,web,https://www.tiendasmass.com.pe/ubicame/,verified,Solo en la lista oficial (coordenadas oficiales),2026-10-01
web-mass-av-naranjal,mass,Mass Av. Naranjal,Av. Naranjal (A 30m Del Óvalo Canta Callao),Los Olivos,Lima,Lima,150117,-11.974256,-77.087037,exact,web,https://www.tiendasmass.com.pe/ubicame/,verified,Solo en la lista oficial (coordenadas oficiales),2026-10-01
web-mass-av-palmeras,mass,Mass Av. Palmeras,Av. Palmeras (A Dos Cdras. De La Huaca Aznapuquio),Los Olivos,Lima,Lima,150117,-11.986406,-77.072487,exact,web,https://www.tiendasmass.com.pe/ubicame/,to_verify,"Solo en la lista oficial (coordenadas oficiales); latitud oficial -11.986406 idéntica a la de ""Mass Av. Bernardo Balaguer"" (¿copiada?)",2026-10-01
web-mass-av-proceres-7898,mass,Mass Av. Próceres 7898,Av. Próceres 7898,Los Olivos,Lima,Lima,150117,-11.938005,-77.074039,exact,web,https://www.tiendasmass.com.pe/ubicame/,verified,Solo en la lista oficial (coordenadas oficiales),2026-10-01
web-mass-av-rio-maranon,mass,Mass Av. Rio Marañon,Av. Rio Marañon (A Media Cdra. De Tambo),Los Olivos,Lima,Lima,150117,-11.972241,-77.072052,exact,web,https://www.tiendasmass.com.pe/ubicame/,verified,Solo en la lista oficial (coordenadas oficiales),2026-10-01
web-mass-av-santa-elvira-6372-6378,mass,Mass Av. Santa Elvira 6372 - 6378,Av. Santa Elvira 6372 - 6378,Los Olivos,Lima,Lima,150117,-11.955243,-77.073402,exact,web,https://www.tiendasmass.com.pe/ubicame/,verified,Solo en la lista oficial (coordenadas oficiales),2026-10-01
web-mass-av-santiago-antunez-de-mayolo-1259,mass,Mass Av. Santiago Antúnez De Mayolo 1259,Av. Santiago Antúnez De Mayolo 1259,Los Olivos,Lima,Lima,150117,-11.995441,-77.078244,exact,web,https://www.tiendasmass.com.pe/ubicame/,verified,Solo en la lista oficial (coordenadas oficiales),2026-10-01
web-mass-av-sta-elvira-s-n,mass,Mass Av. Sta. Elvira S/n,Av. Sta. Elvira S/n (A Una Cdra. De Cl. Manuel Seoane),Los Olivos,Lima,Lima,150117,-11.948500,-77.073843,exact,web,https://www.tiendasmass.com.pe/ubicame/,verified,Solo en la lista oficial (coordenadas oficiales),2026-10-01
web-mass-av-universitaria-norte,mass,Mass Av. Universitaria Norte,Av. Universitaria Norte (A Media Cdra. De Los Edificios Villa Sol),Los Olivos,Lima,Lima,150117,-11.968251,-77.074614,exact,web,https://www.tiendasmass.com.pe/ubicame/,verified,Solo en la lista oficial (coordenadas oficiales),2026-10-01
web-mass-av-universitaria-norte-2,mass,Mass Av. Universitaria Norte,Av. Universitaria Norte (Cruce Con Av. Marañón),Los Olivos,Lima,Lima,150117,-11.984107,-77.078421,approx,web,https://www.tiendasmass.com.pe/ubicame/,to_verify,"Geocodificada a partir de la dirección oficial (Nominatim, a nivel de calle: Ciclovía Universitaria, Daniel Alcides Carrión, Chavarría); posible duplicado de web-mass-av-los-alisos-4 ""Mass Av. Los Alisos"" (a 142 m)",2026-10-01
web-mass-av-zaragoza,mass,Mass Av. Zaragoza,Av. Zaragoza (Cerca A Av. La Veracidad),Los Olivos,Lima,Lima,150117,-11.942950,-77.074880,exact,web,https://www.tiendasmass.com.pe/ubicame/,verified,Solo en la lista oficial (coordenadas oficiales),2026-10-01
web-mass-cl-9-2,mass,Mass Cl. 9,Cl. 9 (Frente A Condominios Torres De Los Olivos),Los Olivos,Lima,Lima,150117,-11.949912,-77.071444,exact,web,https://www.tiendasmass.com.pe/ubicame/,verified,Solo en la lista oficial (coordenadas oficiales),2026-10-01
web-mass-cl-la-reflexion,mass,Mass Cl. La Reflexión,Cl. La Reflexión (Ex. Cl. 11) (Al Lado De La Comisaría De Pro),Los Olivos,Lima,Lima,150117,-11.935484,-77.077072,exact,web,https://www.tiendasmass.com.pe/ubicame/,verified,Solo en la lista oficial (coordenadas oficiales),2026-10-01
web-mass-cl-orion,mass,Mass Cl. Orión,Cl. Orión (A Una Cdra. De La Av. Central),Los Olivos,Lima,Lima,150117,-11.959900,-77.076300,exact,web,https://www.tiendasmass.com.pe/ubicame/,verified,Solo en la lista oficial (coordenadas oficiales),2026-10-01
web-mass-jr-daniel-hernandez-361,mass,Mass Jr. Daniel Hernández 361,Jr. Daniel Hernández 361,Los Olivos,Lima,Lima,150117,-11.993909,-77.077122,exact,web,https://www.tiendasmass.com.pe/ubicame/,verified,Solo en la lista oficial (coordenadas oficiales),2026-10-01
web-mass-jr-huacllan,mass,Mass Jr. Huacllan,Jr. Huacllan (Al Lado Del Mcdo. Los Productores),Los Olivos,Lima,Lima,150117,-11.979763,-77.080211,exact,web,https://www.tiendasmass.com.pe/ubicame/,verified,Solo en la lista oficial (coordenadas oficiales),2026-10-01
osm-n12879942726,mass,Mass Jr. Manuel Gonzales Prada 537,Jr. Manuel Gonzales Prada 537,Los Olivos,Lima,Lima,150117,-11.994533,-77.068158,exact,osm,n12879942726,verified,También en la lista oficial (nombre en OSM: Mass),2026-10-01
osm-n12213163074,mass,Mass Jr. Moreno Antonio 196,Jr. Moreno Antonio 196,Los Olivos,Lima,Lima,150117,-11.966151,-77.070980,exact,osm,n12213163074,verified,También en la lista oficial,2026-10-01
web-mass-jr-pampas,mass,Mass Jr. Pampas,Jr. Pampas (Cruce Con La Av. Próceres),Los Olivos,Lima,Lima,150117,-11.978914,-77.083802,exact,web,https://www.tiendasmass.com.pe/ubicame/,verified,Solo en la lista oficial (coordenadas oficiales),2026-10-01
osm-n12744671689,mass,Mass Jr. Pariahuanca 607,Jr. Pariahuanca 607,Los Olivos,Lima,Lima,150117,-11.980443,-77.070354,exact,osm,n12744671689,verified,También en la lista oficial,2026-10-01
web-mass-jr-san-alberto,mass,Mass Jr. San Alberto,Jr. San Alberto (Al Costado Del C.C. Sta. Rosa),Los Olivos,Lima,Lima,150117,-12.008759,-77.078168,exact,web,https://www.tiendasmass.com.pe/ubicame/,verified,Solo en la lista oficial (coordenadas oficiales),2026-10-01
web-mass-jr-sol-de-oro-2101,mass,Mass Jr. Sol De Oro 2101,Jr. Sol De Oro 2101,Los Olivos,Lima,Lima,150117,-12.005885,-77.062897,exact,web,https://www.tiendasmass.com.pe/ubicame/,to_verify,"Solo en la lista oficial (coordenadas oficiales); longitud oficial -77.062897 idéntica a la de ""Mass Urb. Las Fresas"" (¿copiada?)",2026-10-01
web-mass-jr-sol-de-oro-7508,mass,Mass Jr. Sol De Oro 7508,Jr. Sol De Oro 7508,Los Olivos,Lima,Lima,150117,-11.999130,-77.063756,exact,web,https://www.tiendasmass.com.pe/ubicame/,verified,Solo en la lista oficial (coordenadas oficiales),2026-10-01
web-mass-asoc-de-viv-la-union-de-sta-cruz-de-cajamarquill,mass,Mass Asoc. De Viv. La Unión De Sta. Cruz De Cajamarquilla,Asoc. De Viv. La Unión De Sta. Cruz De Cajamarquilla (Cerca Al Mcdo. La Paradita),Lurigancho,Lima,Lima,150118,-11.979666,-76.909489,exact,web,https://www.tiendasmass.com.pe/ubicame/,verified,"Solo en la lista oficial (coordenadas oficiales); distrito según la lista oficial: Chosica - Lurigancho",2026-10-01
web-mass-aux-lima-norte,mass,Mass Aux. Lima Norte,Aux. Lima Norte (Frente Al Pqe. Echenique Moyopampa),Lurigancho,Lima,Lima,150118,-11.933452,-76.693192,exact,web,https://www.tiendasmass.com.pe/ubicame/,verified,"Solo en la lista oficial (coordenadas oficiales); distrito según la lista oficial: Chosica",2026-10-01
web-mass-av-2,mass,Mass Av. 2,Av. 2 (Frente A Serenazgo),Lurigancho,Lima,Lima,150118,-12.003226,-76.875007,exact,web,https://www.tiendasmass.com.pe/ubicame/,verified,"Solo en la lista oficial (coordenadas oficiales); distrito según la lista oficial: Lurigancho - Chosica",2026-10-01
web-mass-av-5-de-agosto,mass,Mass Av. 5 De Agosto,Av. 5 De Agosto (Frente Al Mcdo. 5 De Agosto),Lurigancho,Lima,Lima,150118,-11.984463,-76.938909,exact,web,https://www.tiendasmass.com.pe/ubicame/,verified,"Solo en la lista oficial (coordenadas oficiales); distrito según la lista oficial: San Antonio - Jicamarca",2026-10-01
web-mass-av-bernardo-balaguer,mass,Mass Av. Bernardo Balaguer,Av. Bernardo Balaguer (A Media Cdra. De La Univ. Peruana Unión),Lurigancho,Lima,Lima,150118,-11.986406,-76.834996,exact,web,https://www.tiendasmass.com.pe/ubicame/,to_verify,"Solo en la lista oficial (coordenadas oficiales); latitud oficial -11.986406 idéntica a la de ""Mass Av. Palmeras"" (¿copiada?); distrito según la lista oficial: Lurigancho - Chosica",2026-10-01
web-mass-av-carapongo,mass,Mass Av. Carapongo,Av. Carapongo (Frente A Tapicería Los Profesionales),Lurigancho,Lima,Lima,150118,-12.005010,-76.879870,exact,web,https://www.tiendasmass.com.pe/ubicame/,verified,"Solo en la lista oficial (coordenadas oficiales); distrito según la lista oficial: Lurigancho - Chosica",2026-10-01
web-mass-av-carapongo-2,mass,Mass Av. Carapongo,Av. Carapongo (Frente Al C.C. Mantaro),Lurigancho,Lima,Lima,150118,-12.000286,-76.853439,exact,web,https://www.tiendasmass.com.pe/ubicame/,verified,"Solo en la lista oficial (coordenadas oficiales); distrito según la lista oficial: Lurigancho - Chosica",2026-10-01
web-mass-av-lima-762-768-774,mass,Mass Av. Lima 762 - 768 - 774,Av. Lima 762 - 768 - 774,Lurigancho,Lima,Lima,150118,-11.938992,-76.698177,exact,web,https://www.tiendasmass.com.pe/ubicame/,verified,"Solo en la lista oficial (coordenadas oficiales); distrito según la lista oficial: Lurigancho - Chosica",2026-10-01
web-mass-av-lima-norte-160,mass,Mass Av. Lima Norte 160,Av. Lima Norte 160,Lurigancho,Lima,Lima,150118,-11.933063,-76.693054,exact,web,https://www.tiendasmass.com.pe/ubicame/,verified,"Solo en la lista oficial (coordenadas oficiales); distrito según la lista oficial: Lurigancho - Chosica",2026-10-01
web-mass-av-lima-sur-1612,mass,Mass Av. Lima Sur 1612,Av. Lima Sur 1612,Lurigancho,Lima,Lima,150118,-11.943873,-76.709080,exact,web,https://www.tiendasmass.com.pe/ubicame/,verified,"Solo en la lista oficial (coordenadas oficiales); distrito según la lista oficial: Lurigancho - Chosica",2026-10-01
web-mass-av-lote-42,mass,Mass Av. Lote 42,Av. Lote 42 (Frente Al Chifa \\\\,Lurigancho,Lima,Lima,150118,-11.989630,-76.919483,exact,web,https://www.tiendasmass.com.pe/ubicame/,verified,"Solo en la lista oficial (coordenadas oficiales); distrito según la lista oficial: Lurigancho - Chosica",2026-10-01
web-mass-av-union-jicamarca,mass,Mass Av. Unión Jicamarca,Av. Unión Jicamarca (A Una Cdra. De Caja Arequipa),Lurigancho,Lima,Lima,150118,-11.974786,-76.940380,exact,web,https://www.tiendasmass.com.pe/ubicame/,verified,"Solo en la lista oficial (coordenadas oficiales); distrito según la lista oficial: San Antonio - Jicamarca",2026-10-01
web-mass-av-union-jicamarca-2,mass,Mass Av. Unión Jicamarca,Av. Unión Jicamarca (Frente A Bodega Yoli),Lurigancho,Lima,Lima,150118,-11.979093,-76.942376,exact,web,https://www.tiendasmass.com.pe/ubicame/,verified,"Solo en la lista oficial (coordenadas oficiales); distrito según la lista oficial: San Antonio - Jicamarca",2026-10-01
web-mass-av-union-jicamarca-3,mass,Mass Av. Unión Jicamarca,Av. Unión Jicamarca (Frente Mercado Santa Rosa),Lurigancho,Lima,Lima,150118,-11.976394,-76.940680,exact,web,https://www.tiendasmass.com.pe/ubicame/,verified,"Solo en la lista oficial (coordenadas oficiales); distrito según la lista oficial: San Antonio - Jicamarca",2026-10-01
web-mass-cl-bernard-balaguer,mass,Mass Cl. Bernard Balaguer,Cl. Bernard Balaguer (Cerca Del Av. El Golf),Lurigancho,Lima,Lima,150118,-11.975572,-76.789162,exact,web,https://www.tiendasmass.com.pe/ubicame/,verified,"Solo en la lista oficial (coordenadas oficiales); distrito según la lista oficial: Lurigancho - Chosica",2026-10-01
web-mass-jr-trujillo-sur,mass,Mass Jr. Trujillo Sur,Jr. Trujillo Sur (Cruce Con Pje. Las Micacitas),Lurigancho,Lima,Lima,150118,-11.940076,-76.700810,exact,web,https://www.tiendasmass.com.pe/ubicame/,verified,"Solo en la lista oficial (coordenadas oficiales); distrito según la lista oficial: Lurigancho - Chosica",2026-10-01
web-mass-viv-campo-sol-carapongo,mass,Mass Viv. Campo Sol - Carapongo,De Viv. Campo Sol - Carapongo (Cerca Al Cruce Jr. Sauces Con Av. 24 Setiembre),Lurigancho,Lima,Lima,150118,-12.003275,-76.864256,exact,web,https://www.tiendasmass.com.pe/ubicame/,verified,"Solo en la lista oficial (coordenadas oficiales); distrito según la lista oficial: Lurigancho - Chosica",2026-10-01
web-mass-a-h-julio-c-tello,mass,Mass A.H. Julio C. Tello,A.H. Julio C. Tello (Al Lado Del Mcdo. Virgen De Fátima),Lurín,Lima,Lima,150119,-12.248849,-76.897422,approx,web,https://www.tiendasmass.com.pe/ubicame/,to_verify,"Solo en la lista oficial (coordenadas oficiales); coordenadas oficiales dudosas",2026-10-01
osm-w551944024,mass,Mass Av. Antigua Panamericana Sur,Av. Antigua Panamericana Sur (Al Lado Del BCP),Lurín,Lima,Lima,150119,-12.260321,-76.884037,exact,osm,w551944024,verified,"También en la lista oficial; distrito según la lista oficial: Pachacamac",2026-10-01
web-mass-av-antigua-panamericana-sur,mass,Mass Av. Antigua Panamericana Sur,Av. Antigua Panamericana Sur (Cerca Del Paradero Explosivos),Lurín,Lima,Lima,150119,-12.295340,-76.852315,approx,web,https://www.tiendasmass.com.pe/ubicame/,to_verify,"Solo en la lista oficial (coordenadas oficiales); coordenadas oficiales casi idénticas a las de ""Mass Carr. Antigua Panamericana Sur""",2026-10-01
web-mass-carr-antigua-panamericana-sur,mass,Mass Carr. Antigua Panamericana Sur,Carr. Antigua Panamericana Sur (Frente Al Rest. Maras),Lurín,Lima,Lima,150119,-12.295316,-76.852288,approx,web,https://www.tiendasmass.com.pe/ubicame/,to_verify,"Solo en la lista oficial (coordenadas oficiales); coordenadas oficiales casi idénticas a las de ""Mass Av. Antigua Panamericana Sur""",2026-10-01
web-mass-cl-antigua-panamericana,mass,Mass Cl. Antigua Panamericana,Cl. Antigua Panamericana (Frente Al Mcdo. Virgen De Las Mercedes),Lurín,Lima,Lima,150119,-12.277495,-76.869091,exact,web,https://www.tiendasmass.com.pe/ubicame/,verified,Solo en la lista oficial (coordenadas oficiales),2026-10-01
web-mass-cl-jorge-eliecer,mass,Mass Cl. Jorge Eliécer,Cl. Jorge Eliécer (Frente Al Pque. Villa Alejandro),Lurín,Lima,Lima,150119,-12.235710,-76.910276,approx,web,https://www.tiendasmass.com.pe/ubicame/,to_verify,"Solo en la lista oficial (coordenadas oficiales); coordenadas oficiales dudosas",2026-10-01
web-mass-cl-portugal,mass,Mass Cl. Portugal,Cl. Portugal (Frente Al Pque. De La Independencia),Lurín,Lima,Lima,150119,-12.291688,-76.853546,exact,web,https://www.tiendasmass.com.pe/ubicame/,verified,Solo en la lista oficial (coordenadas oficiales),2026-10-01
web-mass-jr-castilla-mz-i-lt-36,mass,Mass Jr. Castilla Mz. I Lt. 36,Jr. Castilla Mz. I Lt. 36,Lurín,Lima,Lima,150119,-12.276300,-76.869200,exact,web,https://www.tiendasmass.com.pe/ubicame/,verified,Solo en la lista oficial (coordenadas oficiales),2026-10-01
web-mass-jr-salmon,mass,Mass Jr. Salmón,Jr. Salmón (A Dos Cdras. De Ctra. Panamericana Sur),Lurín,Lima,Lima,150119,-12.300197,-76.850154,exact,web,https://www.tiendasmass.com.pe/ubicame/,verified,Solo en la lista oficial (coordenadas oficiales),2026-10-01
web-mass-av-brasil-3030-3040-tienda-3,mass,Mass Av. Brasil 3030 - 3040 Tienda 3,Av. Brasil 3030 - 3040 Tienda 3,Magdalena del Mar,Lima,Lima,150120,-12.087719,-77.064477,exact,web,https://www.tiendasmass.com.pe/ubicame/,verified,Solo en la lista oficial (coordenadas oficiales),2026-10-01
web-mass-av-brasil-3250,mass,Mass Av. Brasil 3250,Av. Brasil 3250 (Cruce Con Av. Javier Prado Oeste),Magdalena del Mar,Lima,Lima,150120,-12.089259,-77.065779,exact,web,https://www.tiendasmass.com.pe/ubicame/,verified,Solo en la lista oficial (coordenadas oficiales),2026-10-01
web-mass-av-del-ejercito-375,mass,Mass Av. Del Ejército 375,Av. Del Ejército 375,Magdalena del Mar,Lima,Lima,150120,-12.097498,-77.069976,exact,web,https://www.tiendasmass.com.pe/ubicame/,verified,Solo en la lista oficial (coordenadas oficiales),2026-10-01
web-mass-av-del-ejercito-915,mass,Mass Av. Del Ejército 915,Av. Del Ejército 915,Magdalena del Mar,Lima,Lima,150120,-12.100294,-77.062325,exact,web,https://www.tiendasmass.com.pe/ubicame/,verified,Solo en la lista oficial (coordenadas oficiales),2026-10-01
web-mass-av-tacna-965-967,mass,Mass Av. Tacna 965 - 967,Av. Tacna 965 - 967,Magdalena del Mar,Lima,Lima,150120,-12.089322,-77.070963,exact,web,https://www.tiendasmass.com.pe/ubicame/,verified,Solo en la lista oficial (coordenadas oficiales),2026-10-01
osm-n12590215236,mass,Mass Jr. Bolognesi 137,Jr. Bolognesi 137,Magdalena del Mar,Lima,Lima,150120,-12.093052,-77.069159,exact,osm,n12590215236,verified,También en la lista oficial,2026-10-01
web-mass-jr-cuzco-713,mass,Mass Jr. Cuzco 713,Jr. Cuzco 713,Magdalena del Mar,Lima,Lima,150120,-12.088243,-77.073163,exact,web,https://www.tiendasmass.com.pe/ubicame/,verified,Solo en la lista oficial (coordenadas oficiales),2026-10-01
web-mass-jr-echenique-660,mass,Mass Jr. Echenique 660,Jr. Echenique 660,Magdalena del Mar,Lima,Lima,150120,-12.090028,-77.074568,exact,web,https://www.tiendasmass.com.pe/ubicame/,verified,Solo en la lista oficial (coordenadas oficiales),2026-10-01
osm-n13663910101,mass,Mass Jr. Huamanga 700,Jr. Huamanga 700 (Ex Marbella),Magdalena del Mar,Lima,Lima,150120,-12.085170,-77.070443,exact,osm,n13663910101,verified,También en la lista oficial,2026-10-01
web-mass-jr-trujillo-425-427,mass,Mass Jr. Trujillo 425 - 427,Jr. Trujillo 425 - 427,Magdalena del Mar,Lima,Lima,150120,-12.093393,-77.062261,exact,web,https://www.tiendasmass.com.pe/ubicame/,verified,Solo en la lista oficial (coordenadas oficiales),2026-10-01
web-mass-mariscal-castilla-1260,mass,Mass Mariscal Castilla 1260,Mariscal Castilla 1260,Magdalena del Mar,Lima,Lima,150120,-12.085228,-77.071396,exact,web,https://www.tiendasmass.com.pe/ubicame/,verified,Solo en la lista oficial (coordenadas oficiales),2026-10-01
web-mass-av-28-de-julio-761,mass,Mass Av. 28 De Julio 761,Av. 28 De Julio 761,Miraflores,Lima,Lima,150122,-12.128086,-77.026277,exact,web,https://www.tiendasmass.com.pe/ubicame/,verified,Solo en la lista oficial (coordenadas oficiales),2026-10-01
web-mass-av-alfredo-benavides-2135,mass,Mass Av. Alfredo Benavides 2135,Av. Alfredo Benavides 2135,Miraflores,Lima,Lima,150122,-12.127417,-77.010494,exact,web,https://www.tiendasmass.com.pe/ubicame/,verified,Solo en la lista oficial (coordenadas oficiales),2026-10-01
osm-w1346231050,mass,Mass Av. Del Ejército 231,Av. Del Ejército 231,Miraflores,Lima,Lima,150122,-12.118070,-77.043888,exact,osm,w1346231050,verified,También en la lista oficial,2026-10-01
web-mass-av-del-ejercito-978,mass,Mass Av. Del Ejército 978,Av. Del Ejército 978,Miraflores,Lima,Lima,150122,-12.112492,-77.049121,exact,web,https://www.tiendasmass.com.pe/ubicame/,verified,Solo en la lista oficial (coordenadas oficiales),2026-10-01
web-mass-av-petit-thouars-4763,mass,Mass Av. Petit Thouars 4763,Av. Petit Thouars 4763,Miraflores,Lima,Lima,150122,-12.110073,-77.029307,exact,web,https://www.tiendasmass.com.pe/ubicame/,verified,Solo en la lista oficial (coordenadas oficiales),2026-10-01
web-mass-cl-berlin-536-546,mass,Mass Cl. Berlín 536 - 546,Cl. Berlín 536 - 546,Miraflores,Lima,Lima,150122,-12.120059,-77.035064,exact,web,https://www.tiendasmass.com.pe/ubicame/,verified,Solo en la lista oficial (coordenadas oficiales),2026-10-01
osm-n12421884714,mass,Mass Cl. Berlín 635,Cl. Berlín 635,Miraflores,Lima,Lima,150122,-12.120250,-77.036120,exact,osm,n12421884714,verified,También en la lista oficial,2026-10-01
web-mass-cl-enrique-palacios-175,mass,Mass Cl. Enrique Palacios 175,Cl. Enrique Palacios 175,Miraflores,Lima,Lima,150122,-12.116817,-77.030012,exact,web,https://www.tiendasmass.com.pe/ubicame/,verified,Solo en la lista oficial (coordenadas oficiales),2026-10-01
web-mass-cl-general-borgono-127,mass,Mass Cl. General Borgoño 127,Cl. General Borgoño 127,Miraflores,Lima,Lima,150122,-12.118662,-77.033705,exact,web,https://www.tiendasmass.com.pe/ubicame/,verified,Solo en la lista oficial (coordenadas oficiales),2026-10-01
web-mass-cl-gral-mendiburu-1203,mass,Mass Cl. Gral. Mendiburu 1203,Cl. Gral. Mendiburu 1203,Miraflores,Lima,Lima,150122,-12.110258,-77.050012,exact,web,https://www.tiendasmass.com.pe/ubicame/,verified,Solo en la lista oficial (coordenadas oficiales),2026-10-01
web-mass-cl-jose-gonzales-488,mass,Mass Cl. José Gonzáles 488,Cl. José Gonzáles 488,Miraflores,Lima,Lima,150122,-12.128630,-77.030027,exact,web,https://www.tiendasmass.com.pe/ubicame/,verified,Solo en la lista oficial (coordenadas oficiales),2026-10-01
osm-n12856685508,mass,Mass Cl. Porta 275 - 279,Cl. Porta 275 - 279,Miraflores,Lima,Lima,150122,-12.124740,-77.031818,exact,osm,n12856685508,verified,También en la lista oficial,2026-10-01
web-mass-asoc-de-viv-las-lomas-de-pachacamac,mass,Mass Asoc. De Viv. Las Lomas De Pachacamac,Asoc. De Viv. Las Lomas De Pachacamac (A Una Cdra. De Curva De Manchay),Pachacámac,Lima,Lima,150123,-12.084111,-76.878642,exact,web,https://www.tiendasmass.com.pe/ubicame/,verified,Solo en la lista oficial (coordenadas oficiales),2026-10-01
web-mass-av-manchay,mass,Mass Av. Manchay,Av. Manchay (Junto Al Colegio Mi Perú),Pachacámac,Lima,Lima,150123,-12.099708,-76.876160,exact,web,https://www.tiendasmass.com.pe/ubicame/,verified,Solo en la lista oficial (coordenadas oficiales),2026-10-01
web-mass-av-victor-malasquez,mass,Mass Av. Victor Malasquez,Av. Victor Malasquez (Al Lado Del Grifo Repsol),Pachacámac,Lima,Lima,150123,-12.113198,-76.873403,exact,web,https://www.tiendasmass.com.pe/ubicame/,verified,Solo en la lista oficial (coordenadas oficiales),2026-10-01
web-mass-jr-grau,mass,Mass Jr. Grau,Jr. Grau (Cerca A Av. Manuel Valle),Pachacámac,Lima,Lima,150123,-12.227300,-76.861840,exact,web,https://www.tiendasmass.com.pe/ubicame/,verified,Solo en la lista oficial (coordenadas oficiales),2026-10-01
web-mass-jr-paraiso,mass,Mass Jr. Paraíso,Jr. Paraíso (A Una Cdra. De Plz. De Armas De Pachacamac),Pachacámac,Lima,Lima,150123,-12.230126,-76.860309,exact,web,https://www.tiendasmass.com.pe/ubicame/,verified,Solo en la lista oficial (coordenadas oficiales),2026-10-01
web-mass-los-huertos-de-manchay,mass,Mass Los Huertos De Manchay,Los Huertos De Manchay (Al Lado De Boticas Sabra),Pachacámac,Lima,Lima,150123,-12.106393,-76.875256,exact,web,https://www.tiendasmass.com.pe/ubicame/,verified,Solo en la lista oficial (coordenadas oficiales),2026-10-01
web-mass-jr-callao-115,mass,Mass Jr. Callao 115,Jr. Callao 115 (Frente A La Municipalidad De Pucusana),Pucusana,Lima,Lima,150124,-12.481394,-76.797164,exact,web,https://www.tiendasmass.com.pe/ubicame/,verified,Solo en la lista oficial (coordenadas oficiales),2026-10-01
web-mass-antonio-jose-de-sucre-906,mass,Mass Antonio José De Sucre 906,Antonio José De Sucre 906,Pueblo Libre,Lima,Lima,150121,-12.080351,-77.066244,exact,web,https://www.tiendasmass.com.pe/ubicame/,verified,Solo en la lista oficial (coordenadas oficiales),2026-10-01
osm-n14088267406,mass,Mass Av. Antonio Jose De Sucre 1362,Av. Antonio Jose De Sucre 1362,Pueblo Libre,Lima,Lima,150121,-12.084657,-77.067974,exact,osm,n14088267406,verified,También en la lista oficial,2026-10-01
web-mass-av-brasil-2048,mass,Mass Av. Brasil 2048,Av. Brasil 2048,Pueblo Libre,Lima,Lima,150121,-12.078758,-77.057138,exact,web,https://www.tiendasmass.com.pe/ubicame/,verified,Solo en la lista oficial (coordenadas oficiales),2026-10-01
web-mass-av-cipriano-dulanto-1245,mass,Mass Av. Cipriano Dulanto 1245,Av. Cipriano Dulanto 1245,Pueblo Libre,Lima,Lima,150121,-12.078103,-77.068166,exact,web,https://www.tiendasmass.com.pe/ubicame/,verified,Solo en la lista oficial (coordenadas oficiales),2026-10-01
web-mass-av-del-rio-267,mass,Mass Av. Del Río 267,Av. Del Río 267,Pueblo Libre,Lima,Lima,150121,-12.069600,-77.054933,exact,web,https://www.tiendasmass.com.pe/ubicame/,verified,Solo en la lista oficial (coordenadas oficiales),2026-10-01
web-mass-av-leguia-y-melendez-1026-1030,mass,Mass Av. Leguía Y Meléndez 1026- 1030,Av. Leguía Y Meléndez 1026- 1030,Pueblo Libre,Lima,Lima,150121,-12.075448,-77.064587,exact,web,https://www.tiendasmass.com.pe/ubicame/,verified,Solo en la lista oficial (coordenadas oficiales),2026-10-01
web-mass-av-manuel-cipriano-dulanto-601,mass,Mass Av. Manuel Cipriano Dulanto 601,Av. Manuel Cipriano Dulanto 601,Pueblo Libre,Lima,Lima,150121,-12.079835,-77.061589,exact,web,https://www.tiendasmass.com.pe/ubicame/,verified,Solo en la lista oficial (coordenadas oficiales),2026-10-01
web-mass-av-paso-de-los-andes-1016,mass,"Mass Av. Paso De Los Andes, 1016","Av. Paso De Los Andes, 1016",Pueblo Libre,Lima,Lima,150121,-12.069646,-77.059241,exact,web,https://www.tiendasmass.com.pe/ubicame/,verified,Solo en la lista oficial (coordenadas oficiales),2026-10-01
web-mass-av-sevilla-105-109,mass,Mass Av. Sevilla 105 - 109,Av. Sevilla 105 - 109 (Cruce Con Av. Mariano Cornejo),Pueblo Libre,Lima,Lima,150121,-12.067885,-77.064831,exact,web,https://www.tiendasmass.com.pe/ubicame/,verified,Solo en la lista oficial (coordenadas oficiales),2026-10-01
web-mass-av-simon-bolivar-1695,mass,Mass Av. Simon Bolivar 1695,Av. Simon Bolivar 1695,Pueblo Libre,Lima,Lima,150121,-12.071905,-77.072083,exact,web,https://www.tiendasmass.com.pe/ubicame/,verified,Solo en la lista oficial (coordenadas oficiales),2026-10-01
web-mass-av-simon-bolivar-359-361,mass,Mass Av. Simón Bolivar 359 - 361,Av. Simón Bolivar 359 - 361,Pueblo Libre,Lima,Lima,150121,-12.073274,-77.056467,exact,web,https://www.tiendasmass.com.pe/ubicame/,verified,Solo en la lista oficial (coordenadas oficiales),2026-10-01
web-mass-jr-crnl-juan-valer-sandoval-721-725,mass,Mass Jr. Crnl. Juan Valer Sandoval 721 - 725,Jr. Crnl. Juan Valer Sandoval 721 - 725,Pueblo Libre,Lima,Lima,150121,-12.077340,-77.074510,exact,web,https://www.tiendasmass.com.pe/ubicame/,verified,Solo en la lista oficial (coordenadas oficiales),2026-10-01
web-mass-jr-mariano-pastor-sevilla-177,mass,Mass Jr. Mariano Pastor Sevilla 177,Jr. Mariano Pastor Sevilla 177,Pueblo Libre,Lima,Lima,150121,-12.073372,-77.065063,exact,web,https://www.tiendasmass.com.pe/ubicame/,verified,Solo en la lista oficial (coordenadas oficiales),2026-10-01
web-mass-jr-pedro-ruiz-gallo-244,mass,Mass Jr. Pedro Ruiz Gallo 244,Jr. Pedro Ruiz Gallo 244,Pueblo Libre,Lima,Lima,150121,-12.068950,-77.051362,exact,web,https://www.tiendasmass.com.pe/ubicame/,verified,"Solo en la lista oficial (coordenadas oficiales); distrito según la lista oficial: Breña",2026-10-01
web-mass-a-h-sta-rosa,mass,Mass A.H Sta. Rosa,A.H Sta. Rosa (A Media Cdra. De La Capilla Del Señor De Huamanga),Puente Piedra,Lima,Lima,150125,-11.872379,-77.085401,exact,web,https://www.tiendasmass.com.pe/ubicame/,verified,Solo en la lista oficial (coordenadas oficiales),2026-10-01
web-mass-a-h-mariscal-caceres,mass,Mass A.H. Mariscal Cáceres,A.H. Mariscal Cáceres (A Dos Lotes Del Paradero Fundición),Puente Piedra,Lima,Lima,150125,-11.833246,-77.113075,exact,web,https://www.tiendasmass.com.pe/ubicame/,verified,Solo en la lista oficial (coordenadas oficiales),2026-10-01
web-mass-asoc-de-viv-casa-huerta-las-casuarinas,mass,Mass Asoc. De Viv. Casa Huerta Las Casuarinas,Asoc. De Viv. Casa Huerta Las Casuarinas (A Media Cdra. Del Grifo El Norteño),Puente Piedra,Lima,Lima,150125,-11.854921,-77.079798,exact,web,https://www.tiendasmass.com.pe/ubicame/,verified,Solo en la lista oficial (coordenadas oficiales),2026-10-01
web-mass-asoc-de-viv-villa-san-remo,mass,Mass Asoc. De Viv. Villa San Remo,Asoc. De Viv. Villa San Remo (A 120m Del Paradero Famesa),Puente Piedra,Lima,Lima,150125,-11.890648,-77.069688,exact,web,https://www.tiendasmass.com.pe/ubicame/,verified,Solo en la lista oficial (coordenadas oficiales),2026-10-01
web-mass-asoc-de-vivienda-chillon,mass,Mass Asoc. De Vivienda Chillón,Asoc. De Vivienda Chillón (A Dos Cdras. Del Mcdo. Modelo Chillón),Puente Piedra,Lima,Lima,150125,-11.924035,-77.077336,exact,web,https://www.tiendasmass.com.pe/ubicame/,verified,Solo en la lista oficial (coordenadas oficiales),2026-10-01
osm-n12866639101,mass,Mass Asoc. Propietarios Tambo Inga,Asoc. Propietarios Tambo Inga (A Media Cdra. Del Paradero Famesa),Puente Piedra,Lima,Lima,150125,-11.885373,-77.070063,exact,osm,n12866639101,verified,También en la lista oficial,2026-10-01
web-mass-av-buenos-aires-1655,mass,Mass Av. Buenos Aires 1655,Av. Buenos Aires 1655,Puente Piedra,Lima,Lima,150125,-11.853778,-77.089421,exact,web,https://www.tiendasmass.com.pe/ubicame/,verified,Solo en la lista oficial (coordenadas oficiales),2026-10-01
web-mass-av-buenos-aires-2339,mass,Mass Av. Buenos Aires 2339,Av. Buenos Aires 2339,Puente Piedra,Lima,Lima,150125,-11.843046,-77.102233,exact,web,https://www.tiendasmass.com.pe/ubicame/,verified,Solo en la lista oficial (coordenadas oficiales),2026-10-01
web-mass-av-buenos-aires-373,mass,Mass Av. Buenos Aires 373,Av. Buenos Aires 373 (A Media Cdra. De Jr. Ricardo Palma),Puente Piedra,Lima,Lima,150125,-11.865428,-77.078194,exact,web,https://www.tiendasmass.com.pe/ubicame/,verified,Solo en la lista oficial (coordenadas oficiales),2026-10-01
web-mass-av-c-12,mass,Mass Av. C.12,Av. C.12 (Al Lado De CEBA Pontifica Sede San Pedro),Puente Piedra,Lima,Lima,150125,-11.844794,-77.078725,exact,web,https://www.tiendasmass.com.pe/ubicame/,verified,"Solo en la lista oficial (coordenadas oficiales); distrito según la lista oficial: Carabayllo",2026-10-01
web-mass-av-cercado-de-puente-piedra-buenos-aires-1123a,mass,Mass Av. Cercado De Puente Piedra - Buenos Aires 1123A,Av. Cercado De Puente Piedra - Buenos Aires 1123A,Puente Piedra,Lima,Lima,150125,-11.858763,-77.084459,exact,web,https://www.tiendasmass.com.pe/ubicame/,verified,Solo en la lista oficial (coordenadas oficiales),2026-10-01
web-mass-av-copacabana,mass,Mass Av. Copacabana,Av. Copacabana (Cruce Con Calle 8),Puente Piedra,Lima,Lima,150125,-11.856252,-77.072750,exact,web,https://www.tiendasmass.com.pe/ubicame/,verified,Solo en la lista oficial (coordenadas oficiales),2026-10-01
web-mass-av-copacabana-2,mass,Mass Av. Copacabana,Av. Copacabana (Frente A LUHUA UPS),Puente Piedra,Lima,Lima,150125,-11.844047,-77.083337,exact,web,https://www.tiendasmass.com.pe/ubicame/,verified,"Solo en la lista oficial (coordenadas oficiales); distrito según la lista oficial: Carabayllo",2026-10-01
web-mass-av-el-porvenir,mass,Mass Av. El Porvenir,Av. El Porvenir (Frente A La Pollería Dragón Verde),Puente Piedra,Lima,Lima,150125,-11.851160,-77.088160,exact,web,https://www.tiendasmass.com.pe/ubicame/,verified,Solo en la lista oficial (coordenadas oficiales),2026-10-01
web-mass-av-las-vinas,mass,Mass Av. Las Viñas,Av. Las Viñas (Cerca Del Club Matarina),Puente Piedra,Lima,Lima,150125,-11.851001,-77.082787,exact,web,https://www.tiendasmass.com.pe/ubicame/,verified,Solo en la lista oficial (coordenadas oficiales),2026-10-01
web-mass-av-primavera,mass,Mass Av. Primavera,Av. Primavera (Al Costado De La Pollería Carbón Y Leña),Puente Piedra,Lima,Lima,150125,-11.848768,-77.097685,exact,web,https://www.tiendasmass.com.pe/ubicame/,verified,Solo en la lista oficial (coordenadas oficiales),2026-10-01
web-mass-av-ramon-castilla-153,mass,Mass Av. Ramón Castilla 153,Av. Ramón Castilla 153,Puente Piedra,Lima,Lima,150125,-11.834837,-77.108638,exact,web,https://www.tiendasmass.com.pe/ubicame/,verified,Solo en la lista oficial (coordenadas oficiales),2026-10-01
web-mass-cl-5,mass,Mass Cl. 5,Cl. 5 (Cerca De Vía Alterna Río Chillón Nte.),Puente Piedra,Lima,Lima,150125,-11.901861,-77.066729,exact,web,https://www.tiendasmass.com.pe/ubicame/,verified,Solo en la lista oficial (coordenadas oficiales),2026-10-01
web-mass-cl-5-2,mass,Mass Cl. 5,Cl. 5 (Frente A Tottus Covida),Puente Piedra,Lima,Lima,150125,-11.880723,-77.069435,exact,web,https://www.tiendasmass.com.pe/ubicame/,verified,Solo en la lista oficial (coordenadas oficiales),2026-10-01
web-mass-cl-accomarca,mass,Mass Cl. Accomarca,Cl. Accomarca (Ex Polleria Jhuniors),Puente Piedra,Lima,Lima,150125,-11.876742,-77.063228,exact,web,https://www.tiendasmass.com.pe/ubicame/,verified,Solo en la lista oficial (coordenadas oficiales),2026-10-01
web-mass-cl-las-acacias-res-la-ensenada,mass,Mass Cl. Las Acacias - Res. La Ensenada,Cl. Las Acacias - Res. La Ensenada (Frente Al Mcdo. Nº1),Puente Piedra,Lima,Lima,150125,-11.933998,-77.096068,exact,web,https://www.tiendasmass.com.pe/ubicame/,verified,Solo en la lista oficial (coordenadas oficiales),2026-10-01
web-mass-cl-las-flores,mass,Mass Cl. Las Flores,Cl. Las Flores (Frente A Los Condominios Cl. Alto Shangrilla),Puente Piedra,Lima,Lima,150125,-11.916197,-77.078207,exact,web,https://www.tiendasmass.com.pe/ubicame/,verified,Solo en la lista oficial (coordenadas oficiales),2026-10-01
web-mass-cl-las-flores-2,mass,Mass Cl. Las Flores,Cl. Las Flores(A Media Cdra. De Pje. Los Pinos),Puente Piedra,Lima,Lima,150125,-11.858562,-77.074833,exact,web,https://www.tiendasmass.com.pe/ubicame/,verified,Solo en la lista oficial (coordenadas oficiales),2026-10-01
web-mass-cl-las-flores-cruce-con-calle-c-4,mass,Mass Cl. Las Flores Cruce Con Calle C.4,Cl. Las Flores Cruce Con Calle C.4 (Cerca Del Colegio Cristo Rey El Salvador),Puente Piedra,Lima,Lima,150125,-11.860420,-77.073953,exact,web,https://www.tiendasmass.com.pe/ubicame/,verified,Solo en la lista oficial (coordenadas oficiales),2026-10-01
web-mass-cl-ricardo-palma-188,mass,Mass Cl. Ricardo Palma 188,Cl. Ricardo Palma 188,Puente Piedra,Lima,Lima,150125,-11.863778,-77.077442,exact,web,https://www.tiendasmass.com.pe/ubicame/,verified,Solo en la lista oficial (coordenadas oficiales),2026-10-01
web-mass-jr-las-gardenias-221,mass,Mass Jr. Las Gardenias 221,Jr. Las Gardenias 221,Puente Piedra,Lima,Lima,150125,-11.879867,-77.071733,exact,web,https://www.tiendasmass.com.pe/ubicame/,verified,Solo en la lista oficial (coordenadas oficiales),2026-10-01
web-mass-proy-lomas-de-zapallal,mass,Mass Proy. Lomas De Zapallal,Proy. Lomas De Zapallal (A Cuatro Cdras. De La Cl. Marco Espinoza Con Cl. 37),Puente Piedra,Lima,Lima,150125,-11.823578,-77.101135,exact,web,https://www.tiendasmass.com.pe/ubicame/,verified,Solo en la lista oficial (coordenadas oficiales),2026-10-01
web-mass-urb-las-fresas,mass,Mass Urb. Las Fresas,Urb. Las Fresas (Frente Al Mcdo. Las Fresas),Puente Piedra,Lima,Lima,150125,-11.881291,-77.062897,exact,web,https://www.tiendasmass.com.pe/ubicame/,to_verify,"Solo en la lista oficial (coordenadas oficiales); longitud oficial -77.062897 idéntica a la de ""Mass Jr. Sol De Oro 2101"" (¿copiada?)",2026-10-01
osm-n14041173500,mass,Mass Urb. Los Portales De Chillón,Urb. Los Portales De Chillón (Pasando El Pte. De La Av. La Cordialidad),Puente Piedra,Lima,Lima,150125,-11.935424,-77.083621,exact,osm,n14041173500,verified,También en la lista oficial,2026-10-01
web-mass-amp-sta-cruz,mass,Mass Amp. Sta. Cruz,Amp. Sta. Cruz (Cerca Al Mcdo. La Victoria),Punta Hermosa,Lima,Lima,150126,-12.333771,-76.824939,exact,web,https://www.tiendasmass.com.pe/ubicame/,verified,Solo en la lista oficial (coordenadas oficiales),2026-10-01
web-mass-av-gaston-garcia-rada,mass,Mass Av. Gastón García Rada,Av. Gastón García Rada (Cruce Con Cl. Salaverry),Punta Hermosa,Lima,Lima,150126,-12.331100,-76.824948,exact,web,https://www.tiendasmass.com.pe/ubicame/,verified,Solo en la lista oficial (coordenadas oficiales),2026-10-01
web-mass-av-sunset,mass,Mass Av. Sunset,Av. Sunset (Al Costado Del Hotel Aloha-T),Punta Hermosa,Lima,Lima,150126,-12.332922,-76.827668,exact,web,https://www.tiendasmass.com.pe/ubicame/,verified,Solo en la lista oficial (coordenadas oficiales),2026-10-01
web-mass-urb-el-carmen,mass,Mass Urb. El Carmen,Urb. El Carmen (A Una Cdra. Del Grifo Primax),Punta Hermosa,Lima,Lima,150126,-12.316626,-76.832393,exact,web,https://www.tiendasmass.com.pe/ubicame/,verified,Solo en la lista oficial (coordenadas oficiales),2026-10-01
osm-n11889862653,mass,Mass Av. Guanay,Av. Guanay (Zona Central),Punta Negra,Lima,Lima,150127,-12.364827,-76.795261,exact,osm,n11889862653,verified,También en la lista oficial,2026-10-01
web-mass-av-amancaes-110-114,mass,Mass Av. Amancaes 110-114,Av. Amancaes 110-114,Rímac,Lima,Lima,150128,-12.025938,-77.033753,exact,web,https://www.tiendasmass.com.pe/ubicame/,verified,Solo en la lista oficial (coordenadas oficiales),2026-10-01
web-mass-av-armando-filomeno-221,mass,Mass Av. Armando Filomeno 221,Av. Armando Filomeno 221 (Cerca A Cl. Benavente ),Rímac,Lima,Lima,150128,-12.024190,-77.029158,exact,web,https://www.tiendasmass.com.pe/ubicame/,verified,Solo en la lista oficial (coordenadas oficiales),2026-10-01
web-mass-av-el-sol-723-y-727-urb-ciudad-y-campo-rimac,mass,Mass Av. El Sol 723 Y 727 - Urb. Ciudad Y Campo Rimac,Av. El Sol 723 Y 727 - Urb. Ciudad Y Campo Rimac,Rímac,Lima,Lima,150128,-12.021826,-77.028886,exact,web,https://www.tiendasmass.com.pe/ubicame/,verified,Solo en la lista oficial (coordenadas oficiales),2026-10-01
web-mass-jr-barreda-y-aguilar-214,mass,Mass Jr. Barreda Y Aguilar 214,Jr. Barreda Y Aguilar 214,Rímac,Lima,Lima,150128,-12.025247,-77.027695,exact,web,https://www.tiendasmass.com.pe/ubicame/,verified,Solo en la lista oficial (coordenadas oficiales),2026-10-01
web-mass-jr-san-lucas-230,mass,Mass Jr. San Lucas 230,Jr. San Lucas 230,Rímac,Lima,Lima,150128,-12.027761,-77.037721,exact,web,https://www.tiendasmass.com.pe/ubicame/,verified,Solo en la lista oficial (coordenadas oficiales),2026-10-01
web-mass-jr-pedro-bocanegra-178,mass,Mass Jr.Pedro Bocanegra 178,Jr.Pedro Bocanegra 178,Rímac,Lima,Lima,150128,-12.016197,-77.033601,exact,web,https://www.tiendasmass.com.pe/ubicame/,verified,Solo en la lista oficial (coordenadas oficiales),2026-10-01
web-mass-av-panamericana-sur-3,mass,Mass Av. Panamericana Sur,Av. Panamericana Sur (Entrada De San Bartolo: San José) - San Bartolo - LIMA,San Bartolo,Lima,Lima,150129,-12.386440,-76.771790,exact,web,https://www.tiendasmass.com.pe/ubicame/,verified,Solo en la lista oficial (coordenadas oficiales),2026-10-01
web-mass-cl-los-barcos,mass,Mass Cl. Los Barcos,Cl. Los Barcos (Frente Al Mcdo. De San Bartolo),San Bartolo,Lima,Lima,150129,-12.389393,-76.778594,exact,web,https://www.tiendasmass.com.pe/ubicame/,verified,Solo en la lista oficial (coordenadas oficiales),2026-10-01
web-mass-av-aviacion-2444,mass,Mass Av. Aviación 2444,Av. Aviación 2444 (A Una Cdra. De Av. Jv. Prado),San Borja,Lima,Lima,150130,-12.089197,-77.003497,exact,web,https://www.tiendasmass.com.pe/ubicame/,verified,Solo en la lista oficial (coordenadas oficiales),2026-10-01
web-mass-av-aviacion-2940,mass,Mass Av. Aviación 2940,Av. Aviación 2940 (Cerca A Jr. Fray Luis De León),San Borja,Lima,Lima,150130,-12.098484,-77.002207,exact,web,https://www.tiendasmass.com.pe/ubicame/,verified,Solo en la lista oficial (coordenadas oficiales),2026-10-01
web-mass-av-aviacion-3016,mass,Mass Av. Aviación 3016,Av. Aviación 3016,San Borja,Lima,Lima,150130,-12.099888,-77.002108,exact,web,https://www.tiendasmass.com.pe/ubicame/,verified,Solo en la lista oficial (coordenadas oficiales),2026-10-01
web-mass-av-aviacion-3287,mass,Mass Av. Aviación 3287,Av. Aviación 3287,San Borja,Lima,Lima,150130,-12.102923,-77.001178,exact,web,https://www.tiendasmass.com.pe/ubicame/,verified,Solo en la lista oficial (coordenadas oficiales),2026-10-01
web-mass-av-san-luis-2044,mass,Mass Av. San Luis 2044,Av. San Luis 2044,San Borja,Lima,Lima,150130,-12.090922,-76.996137,exact,web,https://www.tiendasmass.com.pe/ubicame/,verified,Solo en la lista oficial (coordenadas oficiales),2026-10-01
web-mass-av-san-luis-2084-tda-02,mass,Mass Av. San Luis 2084 Tda. 02,Av. San Luis 2084 Tda. 02,San Borja,Lima,Lima,150130,-12.091230,-76.996225,exact,web,https://www.tiendasmass.com.pe/ubicame/,verified,Solo en la lista oficial (coordenadas oficiales),2026-10-01
web-mass-av-san-luis-2546-2548,mass,Mass Av. San Luis 2546 - 2548,Av. San Luis 2546 - 2548,San Borja,Lima,Lima,150130,-12.099254,-76.995033,exact,web,https://www.tiendasmass.com.pe/ubicame/,verified,Solo en la lista oficial (coordenadas oficiales),2026-10-01
web-mass-av-san-luis-3148,mass,Mass Av. San Luis 3148,Av. San Luis 3148,San Borja,Lima,Lima,150130,-12.110040,-76.993652,exact,web,https://www.tiendasmass.com.pe/ubicame/,verified,Solo en la lista oficial (coordenadas oficiales),2026-10-01
web-mass-av-san-luis-cdra-28,mass,Mass Av. San Luis Cdra. 28,Av. San Luis Cdra. 28 (Frente Al Restaurante Thai),San Borja,Lima,Lima,150130,-12.104947,-76.993245,exact,web,https://www.tiendasmass.com.pe/ubicame/,verified,Solo en la lista oficial (coordenadas oficiales),2026-10-01
web-mass-cl-cerro-blanco,mass,Mass Cl. Cerro Blanco,Cl. Cerro Blanco (A Espalda Del Museo De La Nación),San Borja,Lima,Lima,150130,-12.085075,-77.003344,exact,web,https://www.tiendasmass.com.pe/ubicame/,verified,Solo en la lista oficial (coordenadas oficiales),2026-10-01
web-mass-jr-ordonez-jonhsonn-eduardo-198,mass,Mass Jr. Ordoñez Jonhsonn Eduardo 198,Jr. Ordoñez Jonhsonn Eduardo 198,San Borja,Lima,Lima,150130,-12.105806,-77.001777,exact,web,https://www.tiendasmass.com.pe/ubicame/,verified,Solo en la lista oficial (coordenadas oficiales),2026-10-01
web-mass-av-dos-de-mayo-1675,mass,Mass Av. Dos De Mayo 1675,Av. Dos De Mayo 1675 (A Media Cdra. De Av. Las Flores),San Isidro,Lima,Lima,150131,-12.092910,-77.048240,exact,web,https://www.tiendasmass.com.pe/ubicame/,verified,Solo en la lista oficial (coordenadas oficiales),2026-10-01
web-mass-av-pardo-y-aliaga-640,mass,Mass Av. Pardo Y Aliaga 640,Av. Pardo Y Aliaga 640,San Isidro,Lima,Lima,150131,-12.106262,-77.038512,exact,web,https://www.tiendasmass.com.pe/ubicame/,verified,Solo en la lista oficial (coordenadas oficiales),2026-10-01
web-mass-av-petit-thours-3051-3055,mass,Mass Av. Petit Thours 3051-3055,Av. Petit Thours 3051-3055,San Isidro,Lima,Lima,150131,-12.092891,-77.031770,exact,web,https://www.tiendasmass.com.pe/ubicame/,verified,Solo en la lista oficial (coordenadas oficiales),2026-10-01
web-mass-av-salaverry-n-2970,mass,Mass Av. Salaverry N° 2970,Av. Salaverry N° 2970,San Isidro,Lima,Lima,150131,-12.096638,-77.055397,exact,web,https://www.tiendasmass.com.pe/ubicame/,verified,"Solo en la lista oficial (coordenadas oficiales); distrito según la lista oficial: Magdalena",2026-10-01
osm-n9342088754,mass,Mass,,San Juan de Lurigancho,Lima,Lima,150132,-11.997089,-77.015013,exact,osm,n9342088754,to_verify,"No figura en la lista oficial — posible cierre; elemento OSM v2, última edición el 2021-12-15; tienda oficial de Tambo ""TAMBO FLORES-C19 - SJL"" a 54 m (¿mismo local? revisar)",2026-10-01
web-mass-a-h-enrique-montenegro,mass,Mass A.H. Enrique Montenegro,A.H. Enrique Montenegro (Frente Al Mcdo. Sagrado Corazón),San Juan de Lurigancho,Lima,Lima,150132,-11.935875,-76.972384,exact,web,https://www.tiendasmass.com.pe/ubicame/,verified,Solo en la lista oficial (coordenadas oficiales),2026-10-01
web-mass-apv-los-alamos-de-canto-grande,mass,Mass Apv. Los Alamos De Canto Grande,Apv. Los Alamos De Canto Grande (Entre La Av. Canto Grande Y La Av. Sta Rosa),San Juan de Lurigancho,Lima,Lima,150132,-11.962443,-77.000454,exact,web,https://www.tiendasmass.com.pe/ubicame/,verified,Solo en la lista oficial (coordenadas oficiales),2026-10-01
web-mass-apv-los-pinos,mass,Mass Apv. Los Pinos,Apv. Los Pinos (A Media Cdra. Del Cruce De Av. Los Próceres Con Av. Sta. Rosa),San Juan de Lurigancho,Lima,Lima,150132,-11.968420,-76.994686,exact,web,https://www.tiendasmass.com.pe/ubicame/,verified,Solo en la lista oficial (coordenadas oficiales),2026-10-01
web-mass-apv-san-pedro-campoy,mass,"Mass Apv. San Pedro, Campoy","Apv. San Pedro, Campoy (Frente Al Mcdo. San Miguel Campoy)",San Juan de Lurigancho,Lima,Lima,150132,-12.018807,-76.961270,exact,web,https://www.tiendasmass.com.pe/ubicame/,verified,Solo en la lista oficial (coordenadas oficiales),2026-10-01
osm-n10607446291,mass,Mass Apv. Santa Elizabeth,Apv. Santa Elizabeth (A Meda Cdra. De Tambo),San Juan de Lurigancho,Lima,Lima,150132,-11.989700,-77.014634,exact,osm,n10607446291,verified,También en la lista oficial,2026-10-01
web-mass-av-13-de-enero-1752,mass,Mass Av. 13 De Enero 1752,Av. 13 De Enero 1752 ( A Media Cdra. De Jr. Mineral),San Juan de Lurigancho,Lima,Lima,150132,-12.002552,-77.003090,exact,web,https://www.tiendasmass.com.pe/ubicame/,verified,Solo en la lista oficial (coordenadas oficiales),2026-10-01
web-mass-av-13-de-enero-2199,mass,Mass Av. 13 De Enero 2199,Av. 13 De Enero 2199,San Juan de Lurigancho,Lima,Lima,150132,-11.994286,-77.005297,exact,web,https://www.tiendasmass.com.pe/ubicame/,verified,Solo en la lista oficial (coordenadas oficiales),2026-10-01
web-mass-av-canto-grande-3223,mass,Mass Av. Canto Grande 3223,Av. Canto Grande 3223,San Juan de Lurigancho,Lima,Lima,150132,-11.974598,-77.008802,exact,web,https://www.tiendasmass.com.pe/ubicame/,verified,Solo en la lista oficial (coordenadas oficiales),2026-10-01
web-mass-av-canto-grande-cdra-12,mass,Mass Av. Canto Grande Cdra. 12,Av. Canto Grande Cdra. 12 (Alt. Del Paradero 10 De Las Flores),San Juan de Lurigancho,Lima,Lima,150132,-12.009324,-77.016177,exact,web,https://www.tiendasmass.com.pe/ubicame/,verified,Solo en la lista oficial (coordenadas oficiales),2026-10-01
web-mass-av-canto-rey,mass,Mass Av. Canto Rey,Av. Canto Rey (Frente Al Mcdo. Canto Rey),San Juan de Lurigancho,Lima,Lima,150132,-11.977980,-76.998315,exact,web,https://www.tiendasmass.com.pe/ubicame/,verified,Solo en la lista oficial (coordenadas oficiales),2026-10-01
web-mass-av-central,mass,Mass Av. Central,Av. Central (A Esp. Del Pque. Virgen De Cocharcas),San Juan de Lurigancho,Lima,Lima,150132,-11.967691,-76.988958,exact,web,https://www.tiendasmass.com.pe/ubicame/,verified,Solo en la lista oficial (coordenadas oficiales),2026-10-01
web-mass-av-central-2,mass,Mass Av. Central,Av. Central (Cruce Con Cl. Los Biólogos),San Juan de Lurigancho,Lima,Lima,150132,-11.963277,-76.985771,exact,web,https://www.tiendasmass.com.pe/ubicame/,verified,Solo en la lista oficial (coordenadas oficiales),2026-10-01
osm-n8893227002,mass,Mass Av. Del Mercado,Av. Del Mercado (A Una Cdra. Del Mcdo. Mariategui),San Juan de Lurigancho,Lima,Lima,150132,-11.939447,-76.990380,exact,osm,n8893227002,verified,También en la lista oficial,2026-10-01
web-mass-av-del-parque-521-523,mass,Mass Av. Del Parque 521- 523,Av. Del Parque 521- 523,San Juan de Lurigancho,Lima,Lima,150132,-11.979942,-77.000972,exact,web,https://www.tiendasmass.com.pe/ubicame/,verified,Solo en la lista oficial (coordenadas oficiales),2026-10-01
web-mass-av-el-antuario-1815,mass,Mass Av. El Antuario 1815,Av. El Antuario 1815,San Juan de Lurigancho,Lima,Lima,150132,-12.017064,-76.983440,exact,web,https://www.tiendasmass.com.pe/ubicame/,verified,Solo en la lista oficial (coordenadas oficiales),2026-10-01
web-mass-av-flores-de-primavera-1535,mass,Mass Av. Flores De Primavera 1535,Av. Flores De Primavera 1535,San Juan de Lurigancho,Lima,Lima,150132,-12.003487,-77.012527,exact,web,https://www.tiendasmass.com.pe/ubicame/,verified,Solo en la lista oficial (coordenadas oficiales),2026-10-01
osm-n10093764112,mass,Mass Av. Flores De Primavera 599,Av. Flores De Primavera 599,San Juan de Lurigancho,Lima,Lima,150132,-12.018836,-77.012463,exact,osm,n10093764112,verified,"También en la lista oficial; también mapeada en OSM como n10105048597",2026-10-01
web-mass-av-gran-chimu-1170,mass,Mass Av. Gran Chimú 1170,Av. Gran Chimú 1170,San Juan de Lurigancho,Lima,Lima,150132,-12.024447,-76.992027,exact,web,https://www.tiendasmass.com.pe/ubicame/,verified,Solo en la lista oficial (coordenadas oficiales),2026-10-01
web-mass-av-gran-chimu-462,mass,Mass Av. Gran Chimú 462,Av. Gran Chimú 462,San Juan de Lurigancho,Lima,Lima,150132,-12.027341,-77.006170,exact,web,https://www.tiendasmass.com.pe/ubicame/,verified,Solo en la lista oficial (coordenadas oficiales),2026-10-01
web-mass-av-gran-chimu-989a-991,mass,Mass Av. Gran Chimú 989A - 991,Av. Gran Chimú 989A - 991,San Juan de Lurigancho,Lima,Lima,150132,-12.024429,-76.996931,exact,web,https://www.tiendasmass.com.pe/ubicame/,verified,Solo en la lista oficial (coordenadas oficiales),2026-10-01
web-mass-av-gran-pajaten-324-332,mass,Mass Av. Gran Pajaten 324-332,Av. Gran Pajaten 324-332,San Juan de Lurigancho,Lima,Lima,150132,-12.023399,-76.986131,exact,web,https://www.tiendasmass.com.pe/ubicame/,verified,Solo en la lista oficial (coordenadas oficiales),2026-10-01
web-mass-av-huayna-capac,mass,Mass Av. Huayna Capac,Av. Huayna Capac (Frente Al Mcdo. Mayorista De Jicamarca),San Juan de Lurigancho,Lima,Lima,150132,-11.923960,-76.958670,exact,web,https://www.tiendasmass.com.pe/ubicame/,verified,Solo en la lista oficial (coordenadas oficiales),2026-10-01
web-mass-av-jardines-cdra-1,mass,Mass Av. Jardines Cdra. 1,Av. Jardines Cdra. 1 (A Una Cdra. Del Colegio Leonard Euler),San Juan de Lurigancho,Lima,Lima,150132,-12.003802,-76.993340,exact,web,https://www.tiendasmass.com.pe/ubicame/,verified,Solo en la lista oficial (coordenadas oficiales),2026-10-01
osm-n10613231587,mass,Mass Av. Jorge Basadre Este 117-119,Av. Jorge Basadre Este 117-119,San Juan de Lurigancho,Lima,Lima,150132,-11.989788,-77.010114,exact,osm,n10613231587,verified,También en la lista oficial,2026-10-01
osm-n10102545631,mass,Mass Av. La Flores 292,Av. La Flores 292,San Juan de Lurigancho,Lima,Lima,150132,-11.974482,-77.002542,exact,osm,n10102545631,verified,También en la lista oficial,2026-10-01
web-mass-av-las-flores-119,mass,Mass Av. Las FLores 119,Av. Las FLores 119 (A Media Cdra. Con Cl. Los Jazmines),San Juan de Lurigancho,Lima,Lima,150132,-11.971221,-77.005023,exact,web,https://www.tiendasmass.com.pe/ubicame/,verified,Solo en la lista oficial (coordenadas oficiales),2026-10-01
web-mass-av-las-lomas,mass,Mass Av. Las Lomas,Av. Las Lomas (Al Lado De Boticas Y Salud),San Juan de Lurigancho,Lima,Lima,150132,-12.015659,-76.988331,exact,web,https://www.tiendasmass.com.pe/ubicame/,verified,Solo en la lista oficial (coordenadas oficiales),2026-10-01
web-mass-av-las-lomas-1289-1291,mass,Mass Av. Las Lomas 1289 -1291,Av. Las Lomas 1289 -1291,San Juan de Lurigancho,Lima,Lima,150132,-12.012242,-76.984720,exact,web,https://www.tiendasmass.com.pe/ubicame/,verified,Solo en la lista oficial (coordenadas oficiales),2026-10-01
web-mass-av-lima-320a-322a,mass,Mass Av. Lima 320A - 322A,Av. Lima 320A - 322A,San Juan de Lurigancho,Lima,Lima,150132,-12.025716,-77.015927,exact,web,https://www.tiendasmass.com.pe/ubicame/,verified,Solo en la lista oficial (coordenadas oficiales),2026-10-01
web-mass-av-los-jardines-oeste-384,mass,Mass Av. Los Jardines Oeste 384,Av. Los Jardines Oeste 384,San Juan de Lurigancho,Lima,Lima,150132,-12.007430,-77.009600,exact,web,https://www.tiendasmass.com.pe/ubicame/,verified,Solo en la lista oficial (coordenadas oficiales),2026-10-01
web-mass-av-los-postes-oeste-165,mass,Mass Av. Los Postes Oeste 165,Av. Los Postes Oeste 165,San Juan de Lurigancho,Lima,Lima,150132,-11.997760,-77.010843,exact,web,https://www.tiendasmass.com.pe/ubicame/,verified,Solo en la lista oficial (coordenadas oficiales),2026-10-01
web-mass-av-los-tusilagos-oeste-291,mass,Mass Av. Los Tusilagos Oeste 291,Av. Los Tusilagos Oeste 291 (Cruce Con Jr. Los Arabiscos),San Juan de Lurigancho,Lima,Lima,150132,-12.013066,-77.005743,exact,web,https://www.tiendasmass.com.pe/ubicame/,verified,Solo en la lista oficial (coordenadas oficiales),2026-10-01
web-mass-av-los-tusilagos-oeste-566,mass,Mass Av. Los Tusilagos Oeste 566,Av. Los Tusilagos Oeste 566,San Juan de Lurigancho,Lima,Lima,150132,-12.012314,-77.010407,exact,web,https://www.tiendasmass.com.pe/ubicame/,verified,Solo en la lista oficial (coordenadas oficiales),2026-10-01
web-mass-av-miguel-grau-2,mass,Mass Av. Miguel Grau,Av. Miguel Grau (Cerca Del Pje. Clavel),San Juan de Lurigancho,Lima,Lima,150132,-11.915483,-76.969271,exact,web,https://www.tiendasmass.com.pe/ubicame/,verified,Solo en la lista oficial (coordenadas oficiales),2026-10-01
osm-n9544336904,mass,Mass Av. Proceres De La Independencia,Av. Proceres De La Independencia (Cerca Del Mcdo. San Carlos),San Juan de Lurigancho,Lima,Lima,150132,-11.985409,-77.007332,exact,osm,n9544336904,verified,También en la lista oficial,2026-10-01
web-mass-av-proceres-de-la-independencia-2060,mass,Mass Av. Próceres De La Independencia 2060,Av. Próceres De La Independencia 2060 (Cruce Con Cl. Las Turquesas),San Juan de Lurigancho,Lima,Lima,150132,-11.998418,-77.009019,exact,web,https://www.tiendasmass.com.pe/ubicame/,verified,Solo en la lista oficial (coordenadas oficiales),2026-10-01
web-mass-av-proceres-de-la-independencia-2309,mass,Mass Av. Próceres De La Independencia 2309,Av. Próceres De La Independencia 2309 (Cerca A Av. San Hilarión),San Juan de Lurigancho,Lima,Lima,150132,-11.993310,-77.011139,exact,web,https://www.tiendasmass.com.pe/ubicame/,verified,Solo en la lista oficial (coordenadas oficiales),2026-10-01
web-mass-av-proceres-de-la-independencia-3978-3998,mass,Mass Av. Próceres De La Independencia 3978 - 3998,Av. Próceres De La Independencia 3978 - 3998,San Juan de Lurigancho,Lima,Lima,150132,-11.964856,-76.990762,exact,web,https://www.tiendasmass.com.pe/ubicame/,verified,Solo en la lista oficial (coordenadas oficiales),2026-10-01
osm-w1365317242,mass,Mass Av. San Martín,Av. San Martín (Cruce Con Río Mayo),San Juan de Lurigancho,Lima,Lima,150132,-11.968441,-77.002722,exact,osm,w1365317242,verified,También en la lista oficial (nombre en OSM: Mass - San Martín Y Rio Mayo),2026-10-01
web-mass-av-san-martin-de-porres-s-n,mass,Mass Av. San Martín De Porres S/N,Av. San Martín De Porres S/N (A Una Cdra. Del Mcdo. Huáscar)),San Juan de Lurigancho,Lima,Lima,150132,-11.967398,-77.005625,exact,web,https://www.tiendasmass.com.pe/ubicame/,verified,Solo en la lista oficial (coordenadas oficiales),2026-10-01
osm-n9234433831,mass,Mass Av. Santa Elizabeth,Av. Santa Elizabeth (Frente Al Cruce De La Av. Del Parque),San Juan de Lurigancho,Lima,Lima,150132,-11.984216,-77.014862,exact,osm,n9234433831,verified,También en la lista oficial,2026-10-01
web-mass-av-santa-rosa,mass,Mass Av. Santa Rosa,Av. Santa Rosa (Frente Al Mcdo. Nº2 Sta. Rosa),San Juan de Lurigancho,Lima,Lima,150132,-12.004704,-76.998456,exact,web,https://www.tiendasmass.com.pe/ubicame/,verified,Solo en la lista oficial (coordenadas oficiales),2026-10-01
web-mass-av-santa-rosa-de-lima,mass,Mass Av. Santa Rosa De Lima,Av. Santa Rosa De Lima (Frente Al Mcdo. Los Vencedores),San Juan de Lurigancho,Lima,Lima,150132,-11.999219,-77.000574,exact,web,https://www.tiendasmass.com.pe/ubicame/,verified,Solo en la lista oficial (coordenadas oficiales),2026-10-01
web-mass-av-sta-rosa,mass,Mass Av. Sta. Rosa,Av. Sta. Rosa (A Tres Cdras. Del C. Salud Sagrada Familia),San Juan de Lurigancho,Lima,Lima,150132,-11.977444,-76.991852,exact,web,https://www.tiendasmass.com.pe/ubicame/,verified,Solo en la lista oficial (coordenadas oficiales),2026-10-01
web-mass-av-sta-rosa-de-lima-1743,mass,Mass Av. Sta. Rosa De Lima 1743,Av. Sta. Rosa De Lima 1743,San Juan de Lurigancho,Lima,Lima,150132,-12.001307,-76.999775,exact,web,https://www.tiendasmass.com.pe/ubicame/,verified,Solo en la lista oficial (coordenadas oficiales),2026-10-01
web-mass-ciudad-mrcal-caceres,mass,Mass Ciudad Mrcal. Cáceres,Ciudad Mrcal. Cáceres (Entre Jr. Intermedio Con Cl. Mariano De Los Santos),San Juan de Lurigancho,Lima,Lima,150132,-11.945036,-76.978985,exact,web,https://www.tiendasmass.com.pe/ubicame/,verified,Solo en la lista oficial (coordenadas oficiales),2026-10-01
web-mass-cl-11,mass,Mass Cl. 11,Cl. 11 (A Esp. De Tottus De Campoy),San Juan de Lurigancho,Lima,Lima,150132,-12.021762,-76.973768,exact,web,https://www.tiendasmass.com.pe/ubicame/,verified,Solo en la lista oficial (coordenadas oficiales),2026-10-01
web-mass-coop-sta-martha,mass,Mass Coop. Sta. Martha,Coop. Sta. Martha (A Una Cdra. Del Mcdo. 4 De Agosto),San Juan de Lurigancho,Lima,Lima,150132,-11.966862,-76.984482,exact,web,https://www.tiendasmass.com.pe/ubicame/,verified,Solo en la lista oficial (coordenadas oficiales),2026-10-01
web-mass-gran-chimu-356,mass,Mass Gran Chimú 356,Gran Chimú 356,San Juan de Lurigancho,Lima,Lima,150132,-12.027622,-77.008461,exact,web,https://www.tiendasmass.com.pe/ubicame/,verified,Solo en la lista oficial (coordenadas oficiales),2026-10-01
web-mass-jr-alhucema,mass,Mass Jr. Alhucema,Jr. Alhucema (A Una Cdra. Del Paradero 8),San Juan de Lurigancho,Lima,Lima,150132,-12.009173,-77.011984,exact,web,https://www.tiendasmass.com.pe/ubicame/,verified,Solo en la lista oficial (coordenadas oficiales),2026-10-01
web-mass-jr-las-oxalidas-966,mass,Mass Jr. Las Oxalidas 966,Jr. Las Oxalidas 966,San Juan de Lurigancho,Lima,Lima,150132,-12.000556,-77.010139,exact,web,https://www.tiendasmass.com.pe/ubicame/,verified,Solo en la lista oficial (coordenadas oficiales),2026-10-01
web-mass-jr-los-eleboros-517,mass,Mass Jr. Los Eleboros 517,Jr. Los Eleboros 517 (A Una Cdra. Del Mcdo. El Carmen),San Juan de Lurigancho,Lima,Lima,150132,-12.017556,-77.009505,exact,web,https://www.tiendasmass.com.pe/ubicame/,verified,Solo en la lista oficial (coordenadas oficiales),2026-10-01
web-mass-jr-los-ingenieros,mass,Mass Jr. Los Ingenieros,Jr. Los Ingenieros (Cerca A La Panadería Mina),San Juan de Lurigancho,Lima,Lima,150132,-11.967757,-76.991821,exact,web,https://www.tiendasmass.com.pe/ubicame/,verified,Solo en la lista oficial (coordenadas oficiales),2026-10-01
web-mass-jr-los-jaspes-2017,mass,Mass Jr. Los Jaspes 2017,Jr. Los Jaspes 2017,San Juan de Lurigancho,Lima,Lima,150132,-11.997763,-76.999994,exact,web,https://www.tiendasmass.com.pe/ubicame/,verified,Solo en la lista oficial (coordenadas oficiales),2026-10-01
web-mass-jr-templo-del-aspero-264-270-278,mass,Mass Jr. Templo Del Aspero 264 - 270 - 278,Jr. Templo Del Aspero 264 - 270 - 278,San Juan de Lurigancho,Lima,Lima,150132,-12.016886,-76.984071,exact,web,https://www.tiendasmass.com.pe/ubicame/,verified,Solo en la lista oficial (coordenadas oficiales),2026-10-01
web-mass-pblo-joven-cruz-de-motupe,mass,Mass Pblo. Joven Cruz De Motupe,Pblo. Joven Cruz De Motupe (A Dos Cdras. De Fernando Wiesse),San Juan de Lurigancho,Lima,Lima,150132,-11.937892,-76.978173,exact,web,https://www.tiendasmass.com.pe/ubicame/,verified,Solo en la lista oficial (coordenadas oficiales),2026-10-01
web-mass-pblo-joven-enrique-montenegro,mass,Mass Pblo. Joven Enrique Montenegro,Pblo. Joven Enrique Montenegro (A Dos Cdras. De Av. Wiesse),San Juan de Lurigancho,Lima,Lima,150132,-11.939756,-76.972311,exact,web,https://www.tiendasmass.com.pe/ubicame/,verified,Solo en la lista oficial (coordenadas oficiales),2026-10-01
web-mass-pblo-joven-enrique-montenegro-2,mass,Mass Pblo. Joven Enrique Montenegro,Pblo. Joven Enrique Montenegro (A Dos Cdras. Del C. Salud Montenegro),San Juan de Lurigancho,Lima,Lima,150132,-11.933984,-76.969068,exact,web,https://www.tiendasmass.com.pe/ubicame/,verified,Solo en la lista oficial (coordenadas oficiales),2026-10-01
osm-w437508592,mass,Mass Programa Ciudad Mariscal Cáceres,Programa Ciudad Mariscal Cáceres (Al Lado De Tienda EFE),San Juan de Lurigancho,Lima,Lima,150132,-11.951219,-76.986956,exact,osm,w437508592,verified,También en la lista oficial,2026-10-01
web-mass-programa-ciudad-mariscal-caceres,mass,Mass Programa Ciudad Mariscal Cáceres,Programa Ciudad Mariscal Cáceres (Cerca Del Mcdo. 5 De Noviembre),San Juan de Lurigancho,Lima,Lima,150132,-11.963165,-76.990291,exact,web,https://www.tiendasmass.com.pe/ubicame/,verified,Solo en la lista oficial (coordenadas oficiales),2026-10-01
web-mass-san-miguel-de-pallachacra,mass,Mass San Miguel De Pallachacra,San Miguel De Pallachacra (A Una Cdra. De Del C.C Calle 8 Campoy),San Juan de Lurigancho,Lima,Lima,150132,-12.019349,-76.961180,exact,web,https://www.tiendasmass.com.pe/ubicame/,verified,Solo en la lista oficial (coordenadas oficiales),2026-10-01
web-mass-urb-canto-grande,mass,Mass Urb. Canto Grande,Urb. Canto Grande (Cruce Av. Machupicchu Y Canto Grande),San Juan de Lurigancho,Lima,Lima,150132,-11.971261,-77.006642,exact,web,https://www.tiendasmass.com.pe/ubicame/,verified,Solo en la lista oficial (coordenadas oficiales),2026-10-01
osm-n9342068765,mass,Mass Urb. Chacarilla De Oterocomuna 7,Urb. Chacarilla De Oterocomuna 7 (A Dos Cdras. De I.E Fe Y Alegria N°5),San Juan de Lurigancho,Lima,Lima,150132,-12.025880,-77.009844,exact,osm,n9342068765,verified,También en la lista oficial,2026-10-01
osm-n4353251890,mass,Mass,Avenida Miguel Iglesias,San Juan de Miraflores,Lima,Lima,150133,-12.178047,-76.962729,exact,osm,n4353251890,to_verify,"No figura en la lista oficial — posible cierre; mapeada en un levantamiento de campo de 2016 (source=Reconocimiento cartográfico por KG 2016); datos de OSM editados por última vez el 2016-08-19 (v2): sin confirmar desde entonces; tienda oficial de Tiendas 3A ""Tiendas 3A Miguel Iglesias"" a 46 m (¿mismo local? revisar)",2026-10-01
osm-n4356572811,mass,Mass,,San Juan de Miraflores,Lima,Lima,150133,-12.174463,-76.967015,exact,osm,n4356572811,to_verify,"No figura en la lista oficial — posible cierre; mapeada en un levantamiento de campo de 2016 (source=Reconocimiento cartográfico de campo 2016 por KG.); datos de OSM editados por última vez el 2016-08-19 (v2): sin confirmar desde entonces",2026-10-01
osm-w938159265,mass,Mass A.H. Ignacia Rodulfo Vda. De Canevaro,A.H. Ignacia Rodulfo Vda. De Canevaro (Frente Al Mcdo. 18 De Enero),San Juan de Miraflores,Lima,Lima,150133,-12.165553,-76.984022,exact,osm,w938159265,verified,También en la lista oficial,2026-10-01
web-mass-a-h-juan-pablo-ii,mass,Mass A.H. Juan Pablo II,A.H. Juan Pablo II (Cerca. Del Mcdo. San Juan Grande),San Juan de Miraflores,Lima,Lima,150133,-12.157776,-76.984405,exact,web,https://www.tiendasmass.com.pe/ubicame/,verified,Solo en la lista oficial (coordenadas oficiales),2026-10-01
web-mass-a-h-las-flores-de-villa,mass,Mass A.H. Las Flores De Villa,A.H. Las Flores De Villa (Frente Al Mcdo. Villa Flores),San Juan de Miraflores,Lima,Lima,150133,-12.190828,-76.975272,exact,web,https://www.tiendasmass.com.pe/ubicame/,verified,Solo en la lista oficial (coordenadas oficiales),2026-10-01
web-mass-av-belisario-suarez-354,mass,Mass Av. Belisario Suarez 354,Av. Belisario Suarez 354,San Juan de Miraflores,Lima,Lima,150133,-12.160448,-76.975119,exact,web,https://www.tiendasmass.com.pe/ubicame/,verified,Solo en la lista oficial (coordenadas oficiales),2026-10-01
web-mass-av-belisario-suarez-965,mass,Mass Av. Belisario Suarez 965,Av. Belisario Suarez 965,San Juan de Miraflores,Lima,Lima,150133,-12.162724,-76.965551,exact,web,https://www.tiendasmass.com.pe/ubicame/,verified,Solo en la lista oficial (coordenadas oficiales),2026-10-01
web-mass-av-billingurst-1083-1085,mass,Mass Av. Billingurst 1083 - 1085,Av. Billingurst 1083 - 1085,San Juan de Miraflores,Lima,Lima,150133,-12.162150,-76.963210,exact,web,https://www.tiendasmass.com.pe/ubicame/,verified,Solo en la lista oficial (coordenadas oficiales),2026-10-01
web-mass-av-centenario-cruce-con-calle-28-de-julio,mass,Mass Av. Centenario Cruce Con Calle 28 De Julio,Av. Centenario Cruce Con Calle 28 De Julio (Frente Al Mercado Sarita Colonia),San Juan de Miraflores,Lima,Lima,150133,-12.139413,-76.959662,exact,web,https://www.tiendasmass.com.pe/ubicame/,verified,Solo en la lista oficial (coordenadas oficiales),2026-10-01
web-mass-av-cesar-canevaro-460,mass,Mass Av. Cesar Canevaro 460,Av. Cesar Canevaro 460,San Juan de Miraflores,Lima,Lima,150133,-12.164036,-76.969041,exact,web,https://www.tiendasmass.com.pe/ubicame/,verified,Solo en la lista oficial (coordenadas oficiales),2026-10-01
web-mass-av-defensores-lima-1224,mass,Mass Av. Defensores Lima 1224,Av. Defensores Lima 1224,San Juan de Miraflores,Lima,Lima,150133,-12.158477,-76.957757,exact,web,https://www.tiendasmass.com.pe/ubicame/,verified,Solo en la lista oficial (coordenadas oficiales),2026-10-01
web-mass-av-guillermo-billinghurst-737,mass,Mass Av. Guillermo Billinghurst 737,Av. Guillermo Billinghurst 737 (A Media Cdra. De Jr. José Morales),San Juan de Miraflores,Lima,Lima,150133,-12.159974,-76.968649,exact,web,https://www.tiendasmass.com.pe/ubicame/,verified,Solo en la lista oficial (coordenadas oficiales),2026-10-01
web-mass-av-jesus-morales-480-482,mass,Mass Av. Jesús Morales 480 - 482,Av. Jesús Morales 480 - 482,San Juan de Miraflores,Lima,Lima,150133,-12.166928,-76.974445,exact,web,https://www.tiendasmass.com.pe/ubicame/,verified,Solo en la lista oficial (coordenadas oficiales),2026-10-01
web-mass-av-jose-torres-paz-356,mass,Mass Av. Jose Torres Paz 356,Av. Jose Torres Paz 356,San Juan de Miraflores,Lima,Lima,150133,-12.150318,-76.971346,exact,web,https://www.tiendasmass.com.pe/ubicame/,verified,Solo en la lista oficial (coordenadas oficiales),2026-10-01
web-mass-av-miguel-iglesias,mass,Mass Av. Miguel Iglesias,Av. Miguel Iglesias (A Dos Cdras. Del Hosp. Maria Auxiliadora),San Juan de Miraflores,Lima,Lima,150133,-12.162953,-76.959811,exact,web,https://www.tiendasmass.com.pe/ubicame/,verified,Solo en la lista oficial (coordenadas oficiales),2026-10-01
web-mass-av-san-juan-933,mass,Mass Av. San Juan 933,Av. San Juan 933,San Juan de Miraflores,Lima,Lima,150133,-12.158048,-76.973345,exact,web,https://www.tiendasmass.com.pe/ubicame/,verified,Solo en la lista oficial (coordenadas oficiales),2026-10-01
osm-w437840884,mass,Mass Av. Vargas Machuca 340,Av. Vargas Machuca 340,San Juan de Miraflores,Lima,Lima,150133,-12.165305,-76.972106,exact,osm,w437840884,verified,"También en la lista oficial; coordenadas oficiales a 200 m",2026-10-01
web-mass-av-victor-castro-iglesias-1293,mass,Mass Av. Víctor Castro Iglesias 1293,Av. Víctor Castro Iglesias 1293,San Juan de Miraflores,Lima,Lima,150133,-12.169927,-76.961752,exact,web,https://www.tiendasmass.com.pe/ubicame/,verified,Solo en la lista oficial (coordenadas oficiales),2026-10-01
web-mass-calle-nazareth,mass,Mass Calle Nazareth,Calle Nazareth ( Frente Al Pque. El Nazareno - Pamplona Alta ),San Juan de Miraflores,Lima,Lima,150133,-12.137190,-76.957750,exact,web,https://www.tiendasmass.com.pe/ubicame/,verified,Solo en la lista oficial (coordenadas oficiales),2026-10-01
web-mass-cl-los-alelies,mass,Mass Cl. Los Alelíes,Cl. Los Alelíes (Frente Al Mcdo. Sharon),San Juan de Miraflores,Lima,Lima,150133,-12.170714,-76.966047,exact,web,https://www.tiendasmass.com.pe/ubicame/,verified,Solo en la lista oficial (coordenadas oficiales),2026-10-01
web-mass-coop-de-viv-america,mass,Mass Coop. De Viv. América,Coop. De Viv. América (Frente A Tambo),San Juan de Miraflores,Lima,Lima,150133,-12.183955,-76.975750,exact,web,https://www.tiendasmass.com.pe/ubicame/,verified,Solo en la lista oficial (coordenadas oficiales),2026-10-01
web-mass-coop-viv-umamarca,mass,Mass Coop. Viv. Umamarca,Coop. Viv. Umamarca (Cl. Los Pinos Con Calle Cesar Vallejo),San Juan de Miraflores,Lima,Lima,150133,-12.180839,-76.978203,exact,web,https://www.tiendasmass.com.pe/ubicame/,verified,Solo en la lista oficial (coordenadas oficiales),2026-10-01
web-mass-jr-alcides-vigo-hurtado,mass,Mass Jr. Alcides Vigo Hurtado,Jr. Alcides Vigo Hurtado (Cruce Cl. Los Jazmines),San Juan de Miraflores,Lima,Lima,150133,-12.161568,-76.982605,exact,web,https://www.tiendasmass.com.pe/ubicame/,verified,Solo en la lista oficial (coordenadas oficiales),2026-10-01
web-mass-jr-bernardino-romero-966-968,mass,Mass Jr. Bernardino Romero 966 - 968,Jr. Bernardino Romero 966 - 968,San Juan de Miraflores,Lima,Lima,150133,-12.160168,-76.959431,exact,web,https://www.tiendasmass.com.pe/ubicame/,verified,Solo en la lista oficial (coordenadas oficiales),2026-10-01
web-mass-jr-hernando-lavalle-192,mass,Mass Jr. Hernando Lavalle 192,Jr. Hernando Lavalle 192,San Juan de Miraflores,Lima,Lima,150133,-12.152875,-76.970492,exact,web,https://www.tiendasmass.com.pe/ubicame/,verified,Solo en la lista oficial (coordenadas oficiales),2026-10-01
web-mass-jr-justo-naveda-1190,mass,Mass Jr. Justo Naveda 1190,Jr. Justo Naveda 1190,San Juan de Miraflores,Lima,Lima,150133,-12.154694,-76.971365,exact,web,https://www.tiendasmass.com.pe/ubicame/,verified,Solo en la lista oficial (coordenadas oficiales),2026-10-01
web-mass-jr-maximiliano-carranza-543,mass,Mass Jr. Maximiliano Carranza 543,Jr. Maximiliano Carranza 543,San Juan de Miraflores,Lima,Lima,150133,-12.156274,-76.971791,exact,web,https://www.tiendasmass.com.pe/ubicame/,verified,Solo en la lista oficial (coordenadas oficiales),2026-10-01
web-mass-jr-samuel-villaran-349,mass,Mass Jr. Samuel Villarán 349,Jr. Samuel Villarán 349 (Cruce Con Cl. Manuel Arias),San Juan de Miraflores,Lima,Lima,150133,-12.151226,-76.969695,exact,web,https://www.tiendasmass.com.pe/ubicame/,verified,Solo en la lista oficial (coordenadas oficiales),2026-10-01
osm-n4356538526,mass,Mass Pj. 13 De Octubre,Pj. 13 De Octubre (Cerca Al Mcdo. Santa Rosa De 13 De Octubre),San Juan de Miraflores,Lima,Lima,150133,-12.170066,-76.968176,exact,osm,n4356538526,verified,También en la lista oficial,2026-10-01
web-mass-st-ollantay-8,mass,Mass St. Ollantay 8,St. Ollantay 8 (Cruce Av. Central Y St. Ollantay) - Pamplona Alta,San Juan de Miraflores,Lima,Lima,150133,-12.136904,-76.963052,exact,web,https://www.tiendasmass.com.pe/ubicame/,verified,Solo en la lista oficial (coordenadas oficiales),2026-10-01
web-mass-urb-san-juan,mass,Mass Urb. San Juan,Urb. San Juan (Frente Al Colegio Fermin Tangüis),San Juan de Miraflores,Lima,Lima,150133,-12.154975,-76.977343,exact,web,https://www.tiendasmass.com.pe/ubicame/,verified,Solo en la lista oficial (coordenadas oficiales),2026-10-01
web-mass-av-agustin-de-la-rosa-toro-780,mass,Mass Av. Agustín De La Rosa Toro 780,Av. Agustín De La Rosa Toro 780,San Luis,Lima,Lima,150134,-12.078157,-76.994683,exact,web,https://www.tiendasmass.com.pe/ubicame/,verified,Solo en la lista oficial (coordenadas oficiales),2026-10-01
web-mass-av-augusto-durand-2695,mass,Mass Av. Augusto Durand 2695,Av. Augusto Durand 2695,San Luis,Lima,Lima,150134,-12.070780,-76.995295,exact,web,https://www.tiendasmass.com.pe/ubicame/,verified,Solo en la lista oficial (coordenadas oficiales),2026-10-01
web-mass-av-canada-3599,mass,Mass Av. Canadá 3599,Av. Canadá 3599,San Luis,Lima,Lima,150134,-12.080537,-76.993066,exact,web,https://www.tiendasmass.com.pe/ubicame/,verified,Solo en la lista oficial (coordenadas oficiales),2026-10-01
web-mass-av-canada-4012,mass,Mass Av. Canadá 4012,Av. Canadá 4012,San Luis,Lima,Lima,150134,-12.078529,-76.989942,exact,web,https://www.tiendasmass.com.pe/ubicame/,verified,Solo en la lista oficial (coordenadas oficiales),2026-10-01
web-mass-av-del-aire-1308,mass,Mass Av. Del Aire 1308,Av. Del Aire 1308,San Luis,Lima,Lima,150134,-12.077454,-76.997128,exact,web,https://www.tiendasmass.com.pe/ubicame/,verified,Solo en la lista oficial (coordenadas oficiales),2026-10-01
web-mass-av-san-juan-1032,mass,Mass Av. San Juan 1032,Av. San Juan 1032,San Luis,Lima,Lima,150134,-12.074760,-76.999808,exact,web,https://www.tiendasmass.com.pe/ubicame/,verified,Solo en la lista oficial (coordenadas oficiales),2026-10-01
web-mass-av-san-juan-1199,mass,Mass Av. San Juan 1199,Av. San Juan 1199 (Cruce Con Enrique Nerini) - San Luis - Lima,San Luis,Lima,Lima,150134,-12.074244,-76.998002,exact,web,https://www.tiendasmass.com.pe/ubicame/,verified,Solo en la lista oficial (coordenadas oficiales),2026-10-01
web-mass-av-san-juan-415,mass,Mass Av. San Juan 415,Av. San Juan 415,San Luis,Lima,Lima,150134,-12.076536,-77.006656,exact,web,https://www.tiendasmass.com.pe/ubicame/,verified,Solo en la lista oficial (coordenadas oficiales),2026-10-01
web-mass-av-san-luis-964,mass,Mass Av. San Luis 964,Av. San Luis 964,San Luis,Lima,Lima,150134,-12.076321,-77.000534,exact,web,https://www.tiendasmass.com.pe/ubicame/,verified,Solo en la lista oficial (coordenadas oficiales),2026-10-01
web-mass-jr-edgar-zuniga-249,mass,Mass Jr. Edgar Zuñiga 249,Jr. Edgar Zuñiga 249,San Luis,Lima,Lima,150134,-12.073079,-76.995941,exact,web,https://www.tiendasmass.com.pe/ubicame/,verified,Solo en la lista oficial (coordenadas oficiales),2026-10-01
web-mass-asoc-viv-los-chasquis-ii-etapa,mass,Mass Asoc. Viv. Los Chasquis II Etapa,Asoc. Viv. Los Chasquis II Etapa (Cruce Con Av. Carlos Izaguirre),San Martín de Porres,Lima,Lima,150135,-11.990955,-77.096865,exact,web,https://www.tiendasmass.com.pe/ubicame/,verified,Solo en la lista oficial (coordenadas oficiales),2026-10-01
web-mass-asoc-viv-san-remo-iii,mass,Mass Asoc. Viv. San Remo III,Asoc. Viv. San Remo III (Frente Al Mcdo. Sarita Colonia),San Martín de Porres,Lima,Lima,150135,-11.988374,-77.113007,exact,web,https://www.tiendasmass.com.pe/ubicame/,verified,Solo en la lista oficial (coordenadas oficiales),2026-10-01
web-mass-av-12-de-octubre,mass,Mass Av. 12 De Octubre,Av. 12 De Octubre (Cruce Con Av. Victor Haya De La Torre),San Martín de Porres,Lima,Lima,150135,-11.998948,-77.092249,exact,web,https://www.tiendasmass.com.pe/ubicame/,verified,Solo en la lista oficial (coordenadas oficiales),2026-10-01
web-mass-av-12-de-octubre-2,mass,Mass Av. 12 De Octubre,Av. 12 De Octubre (Frente Al Colegio Juan Pablo Peregrino),San Martín de Porres,Lima,Lima,150135,-11.998478,-77.093134,exact,web,https://www.tiendasmass.com.pe/ubicame/,verified,Solo en la lista oficial (coordenadas oficiales),2026-10-01
web-mass-av-alcides-vigo,mass,Mass Av. Alcides Vigo,Av. Alcides Vigo (Cerca A Cl. C9) - Urb. Los Nísperos,San Martín de Porres,Lima,Lima,150135,-11.999428,-77.096939,exact,web,https://www.tiendasmass.com.pe/ubicame/,verified,Solo en la lista oficial (coordenadas oficiales),2026-10-01
web-mass-av-angelica-gamarra,mass,Mass Av. Angélica Gamarra,Av. Angélica Gamarra (Cruce Con Av. Universitaria),San Martín de Porres,Lima,Lima,150135,-12.006445,-77.083090,exact,web,https://www.tiendasmass.com.pe/ubicame/,verified,Solo en la lista oficial (coordenadas oficiales),2026-10-01
web-mass-av-antunez-de-mayolo,mass,Mass Av. Antúnez De Mayolo,Av. Antúnez De Mayolo (Cruce Con Av. Universitaria),San Martín de Porres,Lima,Lima,150135,-11.996498,-77.085566,exact,web,https://www.tiendasmass.com.pe/ubicame/,verified,Solo en la lista oficial (coordenadas oficiales),2026-10-01
web-mass-av-bocanegra-2,mass,Mass Av. Bocanegra,Av. Bocanegra (Frente Al Mcdo. 20 De Agosto),San Martín de Porres,Lima,Lima,150135,-12.003879,-77.094719,exact,web,https://www.tiendasmass.com.pe/ubicame/,verified,Solo en la lista oficial (coordenadas oficiales),2026-10-01
web-mass-av-canta,mass,Mass Av. Canta,Av. Canta (Frente Al Mcdo. Virgen De Fátima),San Martín de Porres,Lima,Lima,150135,-12.020269,-77.082223,exact,web,https://www.tiendasmass.com.pe/ubicame/,verified,Solo en la lista oficial (coordenadas oficiales),2026-10-01
web-mass-av-canta-callao,mass,Mass Av. Canta Callao,Av. Canta Callao (A Media Cdra. De Av. Los Domínicos),San Martín de Porres,Lima,Lima,150135,-11.990134,-77.106963,exact,web,https://www.tiendasmass.com.pe/ubicame/,verified,Solo en la lista oficial (coordenadas oficiales),2026-10-01
web-mass-av-canta-callao-s-n,mass,Mass Av. Canta Callao S/N,Av. Canta Callao S/N (Frente Al Grifo Petro Perú),San Martín de Porres,Lima,Lima,150135,-11.983267,-77.099649,exact,web,https://www.tiendasmass.com.pe/ubicame/,verified,Solo en la lista oficial (coordenadas oficiales),2026-10-01
web-mass-av-carlos-izaguirre,mass,Mass Av. Carlos Izaguirre,Av. Carlos Izaguirre (Cruce Con Cl. Los Lirios),San Martín de Porres,Lima,Lima,150135,-11.989718,-77.102165,exact,web,https://www.tiendasmass.com.pe/ubicame/,verified,Solo en la lista oficial (coordenadas oficiales),2026-10-01
web-mass-av-central-3,mass,Mass Av. Central,Av. Central (Frente Al Mcdo. Virgen De Fátima),San Martín de Porres,Lima,Lima,150135,-11.957170,-77.088150,exact,web,https://www.tiendasmass.com.pe/ubicame/,verified,Solo en la lista oficial (coordenadas oficiales),2026-10-01
web-mass-av-daniel-a-carrion,mass,Mass Av. Daniel A. Carrión,Av. Daniel A. Carrión (Cerca De Jr. 1 De Octubre),San Martín de Porres,Lima,Lima,150135,-11.994119,-77.090266,exact,web,https://www.tiendasmass.com.pe/ubicame/,verified,Solo en la lista oficial (coordenadas oficiales),2026-10-01
web-mass-av-daniel-alcides-carrion,mass,Mass Av. Daniel Alcídes Carrión,Av. Daniel Alcídes Carrión (frente Al Mcdo. Margaritas),San Martín de Porres,Lima,Lima,150135,-11.991476,-77.093296,exact,web,https://www.tiendasmass.com.pe/ubicame/,verified,Solo en la lista oficial (coordenadas oficiales),2026-10-01
web-mass-av-eduardo-de-habich-131,mass,Mass Av. Eduardo De Habich 131,Av. Eduardo De Habich 131,San Martín de Porres,Lima,Lima,150135,-12.024049,-77.050799,exact,web,https://www.tiendasmass.com.pe/ubicame/,verified,Solo en la lista oficial (coordenadas oficiales),2026-10-01
web-mass-av-eduardo-de-habich-516,mass,Mass Av. Eduardo De Habich 516,Av. Eduardo De Habich 516,San Martín de Porres,Lima,Lima,150135,-12.027170,-77.056166,exact,web,https://www.tiendasmass.com.pe/ubicame/,verified,Solo en la lista oficial (coordenadas oficiales),2026-10-01
web-mass-av-eduardo-habich-529,mass,Mass Av. Eduardo Habich 529,Av. Eduardo Habich 529,San Martín de Porres,Lima,Lima,150135,-12.027881,-77.056481,exact,web,https://www.tiendasmass.com.pe/ubicame/,verified,Solo en la lista oficial (coordenadas oficiales),2026-10-01
web-mass-av-fray-bartolome-de-las-casas-125,mass,Mass Av. Fray Bartolomé De Las Casas 125,Av. Fray Bartolomé De Las Casas 125,San Martín de Porres,Lima,Lima,150135,-12.011083,-77.053689,exact,web,https://www.tiendasmass.com.pe/ubicame/,verified,Solo en la lista oficial (coordenadas oficiales),2026-10-01
web-mass-av-fray-bartolome-de-las-casas-408,mass,Mass Av. Fray Bartolome De Las Casas 408,Av. Fray Bartolome De Las Casas 408,San Martín de Porres,Lima,Lima,150135,-12.012947,-77.056351,exact,web,https://www.tiendasmass.com.pe/ubicame/,verified,Solo en la lista oficial (coordenadas oficiales),2026-10-01
web-mass-av-german-aguirre-380,mass,Mass Av. Germán Aguirre 380,Av. Germán Aguirre 380,San Martín de Porres,Lima,Lima,150135,-12.011869,-77.070340,exact,web,https://www.tiendasmass.com.pe/ubicame/,verified,Solo en la lista oficial (coordenadas oficiales),2026-10-01
web-mass-av-jose-granda,mass,Mass Av. José Granda,Av. José Granda (Frente Al Mcdo. C. Cívico),San Martín de Porres,Lima,Lima,150135,-12.027023,-77.071938,exact,web,https://www.tiendasmass.com.pe/ubicame/,verified,Solo en la lista oficial (coordenadas oficiales),2026-10-01
web-mass-av-jose-granda-2176,mass,Mass Av. José Granda 2176,Av. José Granda 2176 (Cruce Con Cl. Los Pinos),San Martín de Porres,Lima,Lima,150135,-12.028608,-77.065793,exact,web,https://www.tiendasmass.com.pe/ubicame/,verified,Solo en la lista oficial (coordenadas oficiales),2026-10-01
web-mass-av-jose-granda-3343,mass,Mass Av. José Granda 3343,Av. José Granda 3343,San Martín de Porres,Lima,Lima,150135,-12.023846,-77.081458,exact,web,https://www.tiendasmass.com.pe/ubicame/,verified,Solo en la lista oficial (coordenadas oficiales),2026-10-01
web-mass-av-juan-vicente-229,mass,Mass Av. Juan Vicente 229,Av. Juan Vicente 229,San Martín de Porres,Lima,Lima,150135,-12.016843,-77.054172,exact,web,https://www.tiendasmass.com.pe/ubicame/,verified,Solo en la lista oficial (coordenadas oficiales),2026-10-01
web-mass-av-juan-vicente-nicolini-299,mass,Mass Av. Juan Vicente Nicolini 299,Av. Juan Vicente Nicolini 299,San Martín de Porres,Lima,Lima,150135,-12.017588,-77.054760,exact,web,https://www.tiendasmass.com.pe/ubicame/,verified,Solo en la lista oficial (coordenadas oficiales),2026-10-01
web-mass-av-juvenal-villaverde-309,mass,Mass Av. Juvenal Villaverde 309,Av. Juvenal Villaverde 309,San Martín de Porres,Lima,Lima,150135,-12.014318,-77.073684,exact,web,https://www.tiendasmass.com.pe/ubicame/,verified,Solo en la lista oficial (coordenadas oficiales),2026-10-01
web-mass-av-lima-3636,mass,Mass Av. Lima 3636,Av. Lima 3636,San Martín de Porres,Lima,Lima,150135,-12.028700,-77.085790,exact,web,https://www.tiendasmass.com.pe/ubicame/,verified,Solo en la lista oficial (coordenadas oficiales),2026-10-01
web-mass-av-lima-4199,mass,Mass Av. Lima 4199,Av. Lima 4199,San Martín de Porres,Lima,Lima,150135,-12.028210,-77.093224,exact,web,https://www.tiendasmass.com.pe/ubicame/,verified,Solo en la lista oficial (coordenadas oficiales),2026-10-01
web-mass-av-los-alisos,mass,Mass Av. Los Alisos,Av. Los Alisos (Al Costado Del Mcdo. De Los Jazmines Del Naranjal),San Martín de Porres,Lima,Lima,150135,-11.982092,-77.090202,exact,web,https://www.tiendasmass.com.pe/ubicame/,verified,Solo en la lista oficial (coordenadas oficiales),2026-10-01
web-mass-av-los-alisos-2,mass,Mass Av. Los Alisos,Av. Los Alisos (Al Lado Del Colegio Liceo San Juan),San Martín de Porres,Lima,Lima,150135,-11.983043,-77.081789,exact,web,https://www.tiendasmass.com.pe/ubicame/,verified,Solo en la lista oficial (coordenadas oficiales),2026-10-01
web-mass-av-los-alisos-5,mass,Mass Av. Los Alisos,Av. Los Alisos (Frente A La Av. Los Próceres) - San Martín De Porres - LIMA,San Martín de Porres,Lima,Lima,150135,-11.982608,-77.085988,exact,web,https://www.tiendasmass.com.pe/ubicame/,verified,Solo en la lista oficial (coordenadas oficiales),2026-10-01
web-mass-av-los-dominicos-2,mass,Mass Av. Los Dominícos,Av. Los Dominícos (Al Costado Del Mcdo. Venecia),San Martín de Porres,Lima,Lima,150135,-11.994922,-77.105225,exact,web,https://www.tiendasmass.com.pe/ubicame/,verified,Solo en la lista oficial (coordenadas oficiales),2026-10-01
web-mass-av-los-olivos,mass,Mass Av. Los Olivos,Av. Los Olivos ( Alt De Universitaria Con Av. Sta. Rosa),San Martín de Porres,Lima,Lima,150135,-11.986721,-77.087574,exact,web,https://www.tiendasmass.com.pe/ubicame/,verified,Solo en la lista oficial (coordenadas oficiales),2026-10-01
web-mass-av-los-olivos-2,mass,Mass Av. Los Olivos,Av. Los Olivos (A Media Cdra. De Av. Los Diamantes) - Asoc. Virgen De Las Nieves,San Martín de Porres,Lima,Lima,150135,-11.985499,-77.093121,exact,web,https://www.tiendasmass.com.pe/ubicame/,verified,Solo en la lista oficial (coordenadas oficiales),2026-10-01
web-mass-av-los-olivos-3,mass,Mass Av. Los Olivos,Av. Los Olivos (Frente Al Mcdo. Santa Rosa 1),San Martín de Porres,Lima,Lima,150135,-11.987920,-77.083239,exact,web,https://www.tiendasmass.com.pe/ubicame/,verified,Solo en la lista oficial (coordenadas oficiales),2026-10-01
web-mass-av-los-proceres,mass,Mass Av. Los Próceres,Av. Los Próceres (Cerca A Transporte Dasil),San Martín de Porres,Lima,Lima,150135,-12.011630,-77.087090,exact,web,https://www.tiendasmass.com.pe/ubicame/,verified,Solo en la lista oficial (coordenadas oficiales),2026-10-01
web-mass-av-los-proceres-266,mass,Mass Av. Los Próceres 266,Av. Los Próceres 266,San Martín de Porres,Lima,Lima,150135,-12.017878,-77.085512,exact,web,https://www.tiendasmass.com.pe/ubicame/,verified,Solo en la lista oficial (coordenadas oficiales),2026-10-01
web-mass-av-luna-pizarro-270,mass,Mass Av. Luna Pizarro 270,Av. Luna Pizarro 270,San Martín de Porres,Lima,Lima,150135,-12.024846,-77.061430,exact,web,https://www.tiendasmass.com.pe/ubicame/,verified,Solo en la lista oficial (coordenadas oficiales),2026-10-01
osm-n12498658001,mass,Mass Av. Marco Polo 1636,Av. Marco Polo 1636,San Martín de Porres,Lima,Lima,150135,-12.009389,-77.057214,exact,osm,n12498658001,verified,También en la lista oficial,2026-10-01
web-mass-av-pacasmayo-s-n-urb-filadelfia,mass,Mass Av. Pacasmayo S/N - Urb. Filadelfia,Av. Pacasmayo S/N - Urb. Filadelfia (Al Costado Del IEP Neil Armstrong),San Martín de Porres,Lima,Lima,150135,-11.993123,-77.111980,exact,web,https://www.tiendasmass.com.pe/ubicame/,verified,Solo en la lista oficial (coordenadas oficiales),2026-10-01
web-mass-av-peru-2209,mass,Mass Av. Perú 2209,Av. Perú 2209,San Martín de Porres,Lima,Lima,150135,-12.031942,-77.069145,exact,web,https://www.tiendasmass.com.pe/ubicame/,verified,Solo en la lista oficial (coordenadas oficiales),2026-10-01
web-mass-av-peru-2573,mass,Mass Av. Perú 2573,Av. Perú 2573,San Martín de Porres,Lima,Lima,150135,-12.032076,-77.073900,exact,web,https://www.tiendasmass.com.pe/ubicame/,verified,Solo en la lista oficial (coordenadas oficiales),2026-10-01
web-mass-av-peru-3858,mass,Mass Av. Perú 3858,Av. Perú 3858,San Martín de Porres,Lima,Lima,150135,-12.030201,-77.090853,exact,web,https://www.tiendasmass.com.pe/ubicame/,verified,Solo en la lista oficial (coordenadas oficiales),2026-10-01
web-mass-av-ricardo-leon-velarde-2845,mass,Mass Av. Ricardo León Velarde 2845,Av. Ricardo León Velarde 2845,San Martín de Porres,Lima,Lima,150135,-12.005862,-77.086208,exact,web,https://www.tiendasmass.com.pe/ubicame/,verified,Solo en la lista oficial (coordenadas oficiales),2026-10-01
web-mass-av-santa-rosa-1046,mass,Mass Av. Santa Rosa 1046,Av. Santa Rosa 1046,San Martín de Porres,Lima,Lima,150135,-11.992096,-77.098122,exact,web,https://www.tiendasmass.com.pe/ubicame/,verified,Solo en la lista oficial (coordenadas oficiales),2026-10-01
web-mass-av-sta-mercedes-367,mass,Mass Av. Sta. Mercedes 367,Av. Sta. Mercedes 367,San Martín de Porres,Lima,Lima,150135,-12.019479,-77.063663,exact,web,https://www.tiendasmass.com.pe/ubicame/,verified,Solo en la lista oficial (coordenadas oficiales),2026-10-01
web-mass-av-universitaria-671,mass,Mass Av. Universitaria 671,Av. Universitaria 671,San Martín de Porres,Lima,Lima,150135,-12.019640,-77.075825,exact,web,https://www.tiendasmass.com.pe/ubicame/,verified,Solo en la lista oficial (coordenadas oficiales),2026-10-01
web-mass-av-universitaria-norte-301,mass,Mass Av. Universitaria Norte 301,Av. Universitaria Norte 301,San Martín de Porres,Lima,Lima,150135,-12.025646,-77.075475,exact,web,https://www.tiendasmass.com.pe/ubicame/,verified,Solo en la lista oficial (coordenadas oficiales),2026-10-01
web-mass-av-zarumilla-866-868,mass,Mass Av. Zarumilla 866 - 868,Av. Zarumilla 866 - 868,San Martín de Porres,Lima,Lima,150135,-12.032999,-77.053614,exact,web,https://www.tiendasmass.com.pe/ubicame/,verified,Solo en la lista oficial (coordenadas oficiales),2026-10-01
web-mass-coop-viv-bata-callao,mass,Mass Coop. Viv. Bata Callao,Coop. Viv. Bata Callao (Frente Al Mcdo. Vipol),San Martín de Porres,Lima,Lima,150135,-11.966700,-77.089712,exact,web,https://www.tiendasmass.com.pe/ubicame/,verified,Solo en la lista oficial (coordenadas oficiales),2026-10-01
web-mass-el-horizonte-de-naranjal-parcela-29,mass,Mass El Horizonte De Naranjal - Parcela 29,El Horizonte De Naranjal - Parcela 29 (Cerca Del Mcdo. Horizonte),San Martín de Porres,Lima,Lima,150135,-11.972491,-77.102046,exact,web,https://www.tiendasmass.com.pe/ubicame/,verified,Solo en la lista oficial (coordenadas oficiales),2026-10-01
web-mass-jr-callao,mass,Mass Jr. Callao,Jr. Callao (Frente A Plz. De Armas Juan Pablo Vizcardo Y Guzmán),San Martín de Porres,Lima,Lima,150135,-12.031642,-77.086610,exact,web,https://www.tiendasmass.com.pe/ubicame/,verified,Solo en la lista oficial (coordenadas oficiales),2026-10-01
web-mass-jr-maria-de-los-angeles-panamericana-norte,mass,"Mass Jr. María De Los Angeles, Panamericana Norte","Jr. María De Los Angeles, Panamericana Norte (Alt. De Primera De Pro)",San Martín de Porres,Lima,Lima,150135,-11.945586,-77.087923,exact,web,https://www.tiendasmass.com.pe/ubicame/,verified,Solo en la lista oficial (coordenadas oficiales),2026-10-01
web-mass-jr-martir-olaya-381,mass,Mass Jr. Mártir Olaya 381,Jr. Mártir Olaya 381,San Martín de Porres,Lima,Lima,150135,-12.034638,-77.047123,exact,web,https://www.tiendasmass.com.pe/ubicame/,verified,Solo en la lista oficial (coordenadas oficiales),2026-10-01
web-mass-jr-santa-veronica-316,mass,Mass Jr. Santa Verónica 316,Jr. Santa Verónica 316 (Al Lado Del Mcdo. Modelo Urb. San Diego),San Martín de Porres,Lima,Lima,150135,-11.946425,-77.088006,exact,web,https://www.tiendasmass.com.pe/ubicame/,verified,Solo en la lista oficial (coordenadas oficiales),2026-10-01
web-mass-jr-sao-paulo-1280,mass,Mass Jr. Sao Paulo 1280,Jr. Sao Paulo 1280,San Martín de Porres,Lima,Lima,150135,-12.030443,-77.064590,exact,web,https://www.tiendasmass.com.pe/ubicame/,verified,Solo en la lista oficial (coordenadas oficiales),2026-10-01
web-mass-los-portales-de-chavin,mass,Mass Los Portales De Chavín,Los Portales De Chavín (A Una Cdra. Pqa. Inmaculada Concepción),San Martín de Porres,Lima,Lima,150135,-11.972015,-77.094264,exact,web,https://www.tiendasmass.com.pe/ubicame/,verified,Solo en la lista oficial (coordenadas oficiales),2026-10-01
web-mass-manzanares,mass,Mass Manzanares,Manzanares (Frente Grifo Olimpo),San Martín de Porres,Lima,Lima,150135,-11.968201,-77.097146,exact,web,https://www.tiendasmass.com.pe/ubicame/,verified,Solo en la lista oficial (coordenadas oficiales),2026-10-01
web-mass-av-andres-razuri-379,mass,Mass Av. Andrés Razuri 379,Av. Andrés Razuri 379,San Miguel,Lima,Lima,150136,-12.076460,-77.100187,exact,web,https://www.tiendasmass.com.pe/ubicame/,verified,Solo en la lista oficial (coordenadas oficiales),2026-10-01
web-mass-av-brigida-silva-de-ochoa-100,mass,Mass Av. Brígida Silva De Ochoa 100,Av. Brígida Silva De Ochoa 100,San Miguel,Lima,Lima,150136,-12.084364,-77.089945,exact,web,https://www.tiendasmass.com.pe/ubicame/,verified,Solo en la lista oficial (coordenadas oficiales),2026-10-01
web-mass-av-costanera-2532,mass,Mass Av. Costanera 2532,Av. Costanera 2532 (Cruce Con Cl. 2 De Mayo),San Miguel,Lima,Lima,150136,-12.081220,-77.106471,exact,web,https://www.tiendasmass.com.pe/ubicame/,verified,Solo en la lista oficial (coordenadas oficiales),2026-10-01
web-mass-av-costanera-828,mass,Mass Av. Costanera 828,Av. Costanera 828,San Miguel,Lima,Lima,150136,-12.087763,-77.091787,exact,web,https://www.tiendasmass.com.pe/ubicame/,verified,Solo en la lista oficial (coordenadas oficiales),2026-10-01
web-mass-av-de-la-marina-2841,mass,Mass Av. De La Marina 2841,Av. De La Marina 2841,San Miguel,Lima,Lima,150136,-12.077468,-77.093943,exact,web,https://www.tiendasmass.com.pe/ubicame/,verified,Solo en la lista oficial (coordenadas oficiales),2026-10-01
web-mass-av-de-los-insurgentes-732,mass,Mass Av. De Los Insurgentes 732,Av. De Los Insurgentes 732,San Miguel,Lima,Lima,150136,-12.067820,-77.103901,exact,web,https://www.tiendasmass.com.pe/ubicame/,verified,Solo en la lista oficial (coordenadas oficiales),2026-10-01
web-mass-av-de-los-patriotas-409,mass,Mass Av. De Los Patriotas 409,Av. De Los Patriotas 409,San Miguel,Lima,Lima,150136,-12.077024,-77.098371,exact,web,https://www.tiendasmass.com.pe/ubicame/,verified,Solo en la lista oficial (coordenadas oficiales),2026-10-01
web-mass-av-de-los-precursores-608-612,mass,Mass Av. De Los Precursores 608-612,Av. De Los Precursores 608-612,San Miguel,Lima,Lima,150136,-12.069353,-77.094834,exact,web,https://www.tiendasmass.com.pe/ubicame/,verified,Solo en la lista oficial (coordenadas oficiales),2026-10-01
web-mass-av-elmer-faucett-253,mass,Mass Av. Elmer Faucett 253,Av. Elmer Faucett 253,San Miguel,Lima,Lima,150136,-12.070930,-77.098753,exact,web,https://www.tiendasmass.com.pe/ubicame/,verified,Solo en la lista oficial (coordenadas oficiales),2026-10-01
web-mass-av-faucett-579-585-587,mass,Mass Av. Faucett 579 - 585 - 587,Av. Faucett 579 - 585 - 587,San Miguel,Lima,Lima,150136,-12.063360,-77.097458,exact,web,https://www.tiendasmass.com.pe/ubicame/,verified,Solo en la lista oficial (coordenadas oficiales),2026-10-01
web-mass-av-jorge-dinthilac-305,mass,Mass Av. Jorge Dinthilac 305,Av. Jorge Dinthilac 305,San Miguel,Lima,Lima,150136,-12.082453,-77.086262,exact,web,https://www.tiendasmass.com.pe/ubicame/,verified,Solo en la lista oficial (coordenadas oficiales),2026-10-01
web-mass-av-jose-de-la-rivaguero,mass,Mass Av. Jose De La Rivagüero,Av. Jose De La Rivagüero (A Dos Cdras. De La Univ. San Marcos),San Miguel,Lima,Lima,150136,-12.063130,-77.082581,exact,web,https://www.tiendasmass.com.pe/ubicame/,verified,Solo en la lista oficial (coordenadas oficiales),2026-10-01
web-mass-av-la-paz-365,mass,Mass Av. La Paz 365,Av. La Paz 365,San Miguel,Lima,Lima,150136,-12.088737,-77.086463,exact,web,https://www.tiendasmass.com.pe/ubicame/,verified,Solo en la lista oficial (coordenadas oficiales),2026-10-01
web-mass-av-libertad-2068,mass,Mass Av. Libertad 2068,Av. Libertad 2068,San Miguel,Lima,Lima,150136,-12.080535,-77.101169,exact,web,https://www.tiendasmass.com.pe/ubicame/,verified,Solo en la lista oficial (coordenadas oficiales),2026-10-01
web-mass-av-los-precursores-281,mass,Mass Av. Los Precursores 281,Av. Los Precursores 281,San Miguel,Lima,Lima,150136,-12.071535,-77.090170,exact,web,https://www.tiendasmass.com.pe/ubicame/,verified,Solo en la lista oficial (coordenadas oficiales),2026-10-01
web-mass-av-parque-de-las-leyendas-335,mass,Mass Av. Parque De Las Leyendas 335,Av. Parque De Las Leyendas 335,San Miguel,Lima,Lima,150136,-12.075365,-77.087999,exact,web,https://www.tiendasmass.com.pe/ubicame/,verified,Solo en la lista oficial (coordenadas oficiales),2026-10-01
web-mass-av-rafael-escardo-194,mass,Mass Av. Rafael Escardó 194,Av. Rafael Escardó 194,San Miguel,Lima,Lima,150136,-12.081634,-77.095192,exact,web,https://www.tiendasmass.com.pe/ubicame/,verified,Solo en la lista oficial (coordenadas oficiales),2026-10-01
web-mass-av-rafael-escardo-721,mass,Mass Av. Rafael Escardo 721,Av. Rafael Escardo 721,San Miguel,Lima,Lima,150136,-12.073722,-77.092265,exact,web,https://www.tiendasmass.com.pe/ubicame/,verified,Solo en la lista oficial (coordenadas oficiales),2026-10-01
osm-n10966498939,mass,Mass Av. Universitaria 2033,Av. Universitaria 2033,San Miguel,Lima,Lima,150136,-12.063637,-77.078583,exact,osm,n10966498939,verified,También en la lista oficial,2026-10-01
osm-n4341770462,mass,Mass Av. Universitaria 662,Av. Universitaria 662,San Miguel,Lima,Lima,150136,-12.082613,-77.082260,exact,osm,n4341770462,verified,También en la lista oficial,2026-10-01
web-mass-av-universitaria-721,mass,Mass Av. Universitaria 721,Av. Universitaria 721,San Miguel,Lima,Lima,150136,-12.080751,-77.079386,exact,web,https://www.tiendasmass.com.pe/ubicame/,verified,Solo en la lista oficial (coordenadas oficiales),2026-10-01
web-mass-cl-chongoyape-379,mass,Mass Cl. Chongoyape 379,Cl. Chongoyape 379,San Miguel,Lima,Lima,150136,-12.072590,-77.104829,exact,web,https://www.tiendasmass.com.pe/ubicame/,verified,Solo en la lista oficial (coordenadas oficiales),2026-10-01
osm-n12610365426,mass,Mass Jr. Federico Gallese 753,Jr. Federico Gallese 753,San Miguel,Lima,Lima,150136,-12.090781,-77.082719,exact,osm,n12610365426,verified,También en la lista oficial,2026-10-01
web-mass-jr-libertad-1538,mass,Mass Jr. Libertad 1538,Jr. Libertad 1538,San Miguel,Lima,Lima,150136,-12.082626,-77.096229,exact,web,https://www.tiendasmass.com.pe/ubicame/,verified,Solo en la lista oficial (coordenadas oficiales),2026-10-01
web-mass-jr-libertad-2961,mass,Mass Jr. Libertad 2961,Jr. Libertad 2961,San Miguel,Lima,Lima,150136,-12.076617,-77.109007,exact,web,https://www.tiendasmass.com.pe/ubicame/,verified,Solo en la lista oficial (coordenadas oficiales),2026-10-01
web-mass-jr-libertad-743,mass,Mass Jr. Libertad 743,Jr. Libertad 743,San Miguel,Lima,Lima,150136,-12.085990,-77.089481,exact,web,https://www.tiendasmass.com.pe/ubicame/,verified,Solo en la lista oficial (coordenadas oficiales),2026-10-01
web-mass-jr-prolongacion-ayacucho-300,mass,Mass Jr. Prolongación Ayacucho 300,Jr. Prolongación Ayacucho 300,San Miguel,Lima,Lima,150136,-12.085065,-77.075361,exact,web,https://www.tiendasmass.com.pe/ubicame/,verified,Solo en la lista oficial (coordenadas oficiales),2026-10-01
web-mass-jr-ramon-castilla-647,mass,Mass Jr. Ramon Castilla 647,Jr. Ramon Castilla 647,San Miguel,Lima,Lima,150136,-12.085851,-77.080538,exact,web,https://www.tiendasmass.com.pe/ubicame/,verified,Solo en la lista oficial (coordenadas oficiales),2026-10-01
osm-w733425335,mass,Mass Lima 270,Lima 270 (A Media Cdra. Del Colegio América),San Miguel,Lima,Lima,150136,-12.090141,-77.077099,exact,osm,w733425335,verified,También en la lista oficial,2026-10-01
web-mass-av-22-de-julio,mass,Mass Av. 22 De Julio,Av. 22 De Julio (Cerca A Av. Los Virreyes),Santa Anita,Lima,Lima,150137,-12.030482,-76.943674,exact,web,https://www.tiendasmass.com.pe/ubicame/,verified,Solo en la lista oficial (coordenadas oficiales),2026-10-01
web-mass-av-colectora-industrial,mass,Mass Av. Colectora Industrial,Av. Colectora Industrial (Cerca A Jr. Las Azucenas),Santa Anita,Lima,Lima,150137,-12.046009,-76.958368,exact,web,https://www.tiendasmass.com.pe/ubicame/,verified,Solo en la lista oficial (coordenadas oficiales),2026-10-01
web-mass-av-francisco-bolognesi-639,mass,Mass Av. Francisco Bolognesi 639,Av. Francisco Bolognesi 639,Santa Anita,Lima,Lima,150137,-12.050100,-76.972100,exact,web,https://www.tiendasmass.com.pe/ubicame/,verified,Solo en la lista oficial (coordenadas oficiales),2026-10-01
web-mass-av-huancaray,mass,Mass Av. Huancaray,Av. Huancaray (Frente A Tambo),Santa Anita,Lima,Lima,150137,-12.037811,-76.953478,exact,web,https://www.tiendasmass.com.pe/ubicame/,verified,Solo en la lista oficial (coordenadas oficiales),2026-10-01
web-mass-av-imperial-434-436,mass,Mass Av. Imperial 434 - 436,Av. Imperial 434 - 436,Santa Anita,Lima,Lima,150137,-12.037318,-76.965608,exact,web,https://www.tiendasmass.com.pe/ubicame/,verified,Solo en la lista oficial (coordenadas oficiales),2026-10-01
web-mass-av-la-cultura,mass,Mass Av. La Cultura,Av. La Cultura (A Cdra Y Media Del Mcdo. Viña De Israel),Santa Anita,Lima,Lima,150137,-12.031780,-76.950322,exact,web,https://www.tiendasmass.com.pe/ubicame/,verified,Solo en la lista oficial (coordenadas oficiales),2026-10-01
web-mass-av-los-chancas,mass,Mass Av. Los Chancas,Av. Los Chancas (A Media Cdra. Del Grifo Pecsa),Santa Anita,Lima,Lima,150137,-12.035388,-76.957190,exact,web,https://www.tiendasmass.com.pe/ubicame/,verified,Solo en la lista oficial (coordenadas oficiales),2026-10-01
web-mass-av-los-eucaliptos,mass,Mass Av. Los Eucaliptos,Av. Los Eucaliptos (Cruce Con Av. Francisco Bolognesi),Santa Anita,Lima,Lima,150137,-12.044930,-76.974220,exact,web,https://www.tiendasmass.com.pe/ubicame/,verified,Solo en la lista oficial (coordenadas oficiales),2026-10-01
web-mass-av-los-ruisenores-383,mass,Mass Av. Los Ruiseñores 383,Av. Los Ruiseñores 383,Santa Anita,Lima,Lima,150137,-12.041088,-76.971101,exact,web,https://www.tiendasmass.com.pe/ubicame/,verified,Solo en la lista oficial (coordenadas oficiales),2026-10-01
web-mass-av-los-ruisenores-388-urb-santa-anita,mass,Mass Av. Los Ruiseñores 388 - Urb. Santa Anita.,Av. Los Ruiseñores 388 - Urb. Santa Anita.,Santa Anita,Lima,Lima,150137,-12.052300,-76.966000,exact,web,https://www.tiendasmass.com.pe/ubicame/,verified,Solo en la lista oficial (coordenadas oficiales),2026-10-01
web-mass-av-los-virreyes,mass,Mass Av. Los Virreyes,Av. Los Virreyes (Al Costado De MIFARMA),Santa Anita,Lima,Lima,150137,-12.033160,-76.950356,exact,web,https://www.tiendasmass.com.pe/ubicame/,verified,Solo en la lista oficial (coordenadas oficiales),2026-10-01
web-mass-av-los-virreyes-2,mass,Mass Av. Los Virreyes,Av. Los Virreyes (Al Lado De Botica Carrión),Santa Anita,Lima,Lima,150137,-12.032038,-76.947197,exact,web,https://www.tiendasmass.com.pe/ubicame/,verified,Solo en la lista oficial (coordenadas oficiales),2026-10-01
web-mass-av-santa-ana,mass,Mass Av. Santa Ana,Av. Santa Ana (Creca Del Mcdo. La Moderna),Santa Anita,Lima,Lima,150137,-12.042144,-76.955097,exact,web,https://www.tiendasmass.com.pe/ubicame/,verified,Solo en la lista oficial (coordenadas oficiales),2026-10-01
web-mass-av-tupac-amaru-380,mass,Mass Av. Túpac Amaru 380,Av. Túpac Amaru 380,Santa Anita,Lima,Lima,150137,-12.044970,-76.979716,exact,web,https://www.tiendasmass.com.pe/ubicame/,verified,Solo en la lista oficial (coordenadas oficiales),2026-10-01
web-mass-cl-javier-prado-heraud-451,mass,Mass Cl. Javier Prado Heraud 451,Cl. Javier Prado Heraud 451,Santa Anita,Lima,Lima,150137,-12.044564,-76.979073,exact,web,https://www.tiendasmass.com.pe/ubicame/,verified,Solo en la lista oficial (coordenadas oficiales),2026-10-01
web-mass-jr-bustamante-mariano-725,mass,Mass Jr. Bustamante Mariano 725,Jr. Bustamante Mariano 725,Santa Anita,Lima,Lima,150137,-12.049367,-76.971087,exact,web,https://www.tiendasmass.com.pe/ubicame/,verified,Solo en la lista oficial (coordenadas oficiales),2026-10-01
web-mass-jr-chavin-398,mass,Mass Jr. Chavín 398,Jr. Chavín 398,Santa Anita,Lima,Lima,150137,-12.036601,-76.967587,exact,web,https://www.tiendasmass.com.pe/ubicame/,verified,Solo en la lista oficial (coordenadas oficiales),2026-10-01
web-mass-jr-las-azucenas,mass,Mass Jr. Las Azucenas,Jr. Las Azucenas (Frente Al Mcdo. Señor De Los Milagros),Santa Anita,Lima,Lima,150137,-12.044843,-76.956051,exact,web,https://www.tiendasmass.com.pe/ubicame/,verified,Solo en la lista oficial (coordenadas oficiales),2026-10-01
web-mass-jr-los-flamencos-605,mass,Mass Jr. Los Flamencos 605,Jr. Los Flamencos 605,Santa Anita,Lima,Lima,150137,-12.049246,-76.965685,exact,web,https://www.tiendasmass.com.pe/ubicame/,verified,Solo en la lista oficial (coordenadas oficiales),2026-10-01
web-mass-jr-los-nogales-242,mass,Mass Jr. Los Nogales 242,Jr. Los Nogales 242,Santa Anita,Lima,Lima,150137,-12.054476,-76.977950,exact,web,https://www.tiendasmass.com.pe/ubicame/,verified,Solo en la lista oficial (coordenadas oficiales),2026-10-01
web-mass-jr-madre-selva-184,mass,Mass Jr. Madre Selva 184,Jr. Madre Selva 184,Santa Anita,Lima,Lima,150137,-12.053609,-76.980696,exact,web,https://www.tiendasmass.com.pe/ubicame/,verified,Solo en la lista oficial (coordenadas oficiales),2026-10-01
web-mass-asoc-santa-rosa,mass,Mass Asoc. Santa Rosa,Asoc. Santa Rosa (A Una Cdra. Del Paradero La Curva),Santa Rosa,Lima,Lima,150139,-11.785256,-77.157071,exact,web,https://www.tiendasmass.com.pe/ubicame/,verified,Solo en la lista oficial (coordenadas oficiales),2026-10-01
web-mass-av-principal-2,mass,Mass Av. Principal,Av. Principal (A Una Cdra. Del Mercado 8 De Julio),Santa Rosa,Lima,Lima,150139,-11.803986,-77.164475,exact,web,https://www.tiendasmass.com.pe/ubicame/,verified,Solo en la lista oficial (coordenadas oficiales),2026-10-01
osm-n12437928601,mass,Mass,,Santiago de Surco,Lima,Lima,150140,-12.142464,-77.009150,exact,osm,n12437928601,to_verify,"No figura en la lista oficial — posible cierre; elemento OSM v1, última edición el 2024-12-21; tienda oficial de Tambo ""TAMBO COMBATEDEANGAMOS2 - SURCO"" a 15 m (¿mismo local? revisar)",2026-10-01
web-mass-av-alfredo-benavides-4562,mass,Mass Av. Alfredo Benavides 4562,Av. Alfredo Benavides 4562,Santiago de Surco,Lima,Lima,150140,-12.128103,-76.988992,exact,web,https://www.tiendasmass.com.pe/ubicame/,verified,Solo en la lista oficial (coordenadas oficiales),2026-10-01
web-mass-av-antares,mass,Mass Av. Antares,Av. Antares (A Tres Cdras. De Wong),Santiago de Surco,Lima,Lima,150140,-12.145480,-76.992414,exact,web,https://www.tiendasmass.com.pe/ubicame/,verified,Solo en la lista oficial (coordenadas oficiales),2026-10-01
web-mass-av-ayacucho-1332,mass,Mass Av. Ayacucho 1332,Av. Ayacucho 1332,Santiago de Surco,Lima,Lima,150140,-12.132888,-76.995351,exact,web,https://www.tiendasmass.com.pe/ubicame/,verified,Solo en la lista oficial (coordenadas oficiales),2026-10-01
web-mass-av-benavides-3879,mass,Mass Av. Benavides 3879,Av. Benavides 3879,Santiago de Surco,Lima,Lima,150140,-12.128278,-76.994892,exact,web,https://www.tiendasmass.com.pe/ubicame/,verified,Solo en la lista oficial (coordenadas oficiales),2026-10-01
web-mass-av-caminos-del-inca,mass,Mass Av. Caminos Del Inca,Av. Caminos Del Inca (A Media Cdra. Del Tambo),Santiago de Surco,Lima,Lima,150140,-12.136989,-76.983813,exact,web,https://www.tiendasmass.com.pe/ubicame/,verified,Solo en la lista oficial (coordenadas oficiales),2026-10-01
web-mass-av-caminos-del-inca-3,mass,Mass Av. Caminos Del Inca,Av. Caminos Del Inca (Alt Del Cruce Con Av. Tinoco),Santiago de Surco,Lima,Lima,150140,-12.143800,-76.985180,exact,web,https://www.tiendasmass.com.pe/ubicame/,verified,Solo en la lista oficial (coordenadas oficiales),2026-10-01
web-mass-av-caminos-del-inca-1463,mass,Mass Av. Caminos Del Inca 1463,Av. Caminos Del Inca 1463,Santiago de Surco,Lima,Lima,150140,-12.124484,-76.983682,exact,web,https://www.tiendasmass.com.pe/ubicame/,verified,Solo en la lista oficial (coordenadas oficiales),2026-10-01
web-mass-av-caminos-del-inca-cdra-22,mass,Mass Av. Caminos Del Inca Cdra. 22,Av. Caminos Del Inca Cdra. 22 (Cerca A Av. Las Nazarenas) - Santiago De Surco - Lima,Santiago de Surco,Lima,Lima,150140,-12.133474,-76.983082,exact,web,https://www.tiendasmass.com.pe/ubicame/,verified,Solo en la lista oficial (coordenadas oficiales),2026-10-01
web-mass-av-cerro-chico-147,mass,Mass Av. Cerro Chico 147,Av. Cerro Chico 147,Santiago de Surco,Lima,Lima,150140,-12.135311,-76.979136,exact,web,https://www.tiendasmass.com.pe/ubicame/,verified,Solo en la lista oficial (coordenadas oficiales),2026-10-01
web-mass-av-don-diego-de-dia-228,mass,Mass Av. Don Diego De Día 228,Av. Don Diego De Día 228,Santiago de Surco,Lima,Lima,150140,-12.113429,-76.972621,exact,web,https://www.tiendasmass.com.pe/ubicame/,verified,Solo en la lista oficial (coordenadas oficiales),2026-10-01
web-mass-av-jorge-chavez-1557,mass,Mass Av. Jorge Chavez 1557,Av. Jorge Chavez 1557,Santiago de Surco,Lima,Lima,150140,-12.150287,-77.006123,exact,web,https://www.tiendasmass.com.pe/ubicame/,verified,Solo en la lista oficial (coordenadas oficiales),2026-10-01
osm-n13040290477,mass,Mass Av. Las Gaviotas 1660,Av. Las Gaviotas 1660,Santiago de Surco,Lima,Lima,150140,-12.163423,-76.996080,exact,osm,n13040290477,verified,También en la lista oficial,2026-10-01
web-mass-av-las-nazarenas-289,mass,Mass Av. Las Nazarenas 289,Av. Las Nazarenas 289,Santiago de Surco,Lima,Lima,150140,-12.131351,-76.987273,exact,web,https://www.tiendasmass.com.pe/ubicame/,verified,Solo en la lista oficial (coordenadas oficiales),2026-10-01
osm-n4355537689,mass,Mass Av. Los Próceres,Av. Los Próceres (Frente A Tottus),Santiago de Surco,Lima,Lima,150140,-12.159155,-76.988569,exact,osm,n4355537689,verified,También en la lista oficial,2026-10-01
web-mass-av-mcal-ramon-castilla-212-216,mass,Mass Av. Mcal. Ramón Castilla 212 - 216,Av. Mcal. Ramón Castilla 212 - 216,Santiago de Surco,Lima,Lima,150140,-12.133740,-77.016915,exact,web,https://www.tiendasmass.com.pe/ubicame/,verified,Solo en la lista oficial (coordenadas oficiales),2026-10-01
osm-w1293737610,mass,Mass Av. Pedro Venturo 421- 425,Av. Pedro Venturo 421- 425,Santiago de Surco,Lima,Lima,150140,-12.121258,-76.993303,exact,osm,w1293737610,verified,También en la lista oficial,2026-10-01
web-mass-av-primavera-1851,mass,Mass Av. Primavera 1851,Av. Primavera 1851 (Cruce Con Cl. Sta. Elena Nte.),Santiago de Surco,Lima,Lima,150140,-12.107599,-76.969134,exact,web,https://www.tiendasmass.com.pe/ubicame/,verified,Solo en la lista oficial (coordenadas oficiales),2026-10-01
osm-n9908282578,mass,Mass Av. Ramón Castilla 1408,Av. Ramón Castilla 1408,Santiago de Surco,Lima,Lima,150140,-12.136874,-77.004836,exact,osm,n9908282578,verified,También en la lista oficial,2026-10-01
web-mass-av-ramon-castilla-854-860,mass,Mass Av. Ramón Castilla 854 - 860,Av. Ramón Castilla 854 - 860,Santiago de Surco,Lima,Lima,150140,-12.134920,-77.009015,exact,web,https://www.tiendasmass.com.pe/ubicame/,verified,Solo en la lista oficial (coordenadas oficiales),2026-10-01
web-mass-av-santiago-de-surco-3503-tienda-2,mass,Mass Av. Santiago De Surco 3503 - Tienda 2,Av. Santiago De Surco 3503 - Tienda 2,Santiago de Surco,Lima,Lima,150140,-12.133285,-76.997624,exact,web,https://www.tiendasmass.com.pe/ubicame/,verified,Solo en la lista oficial (coordenadas oficiales),2026-10-01
web-mass-av-santiago-de-surco-3664,mass,Mass Av. Santiago De Surco 3664,Av. Santiago De Surco 3664,Santiago de Surco,Lima,Lima,150140,-12.135352,-76.996751,exact,web,https://www.tiendasmass.com.pe/ubicame/,verified,Solo en la lista oficial (coordenadas oficiales),2026-10-01
web-mass-av-santiago-de-surco-4745,mass,Mass Av. Santiago De Surco 4745,Av. Santiago De Surco 4745,Santiago de Surco,Lima,Lima,150140,-12.144881,-76.988856,exact,web,https://www.tiendasmass.com.pe/ubicame/,verified,Solo en la lista oficial (coordenadas oficiales),2026-10-01
web-mass-av-surco,mass,Mass Av. Surco,Av. Surco (A Una Cdra. Del Grifo Primax),Santiago de Surco,Lima,Lima,150140,-12.140129,-76.994191,exact,web,https://www.tiendasmass.com.pe/ubicame/,verified,Solo en la lista oficial (coordenadas oficiales),2026-10-01
web-mass-calle-sacramento-172,mass,Mass Calle Sacramento 172,Calle Sacramento 172,Santiago de Surco,Lima,Lima,150140,-12.129895,-76.980345,exact,web,https://www.tiendasmass.com.pe/ubicame/,verified,Solo en la lista oficial (coordenadas oficiales),2026-10-01
web-mass-jr-batalla-de-ayacucho-180,mass,Mass Jr. Batalla De Ayacucho 180,Jr. Batalla De Ayacucho 180,Santiago de Surco,Lima,Lima,150140,-12.146256,-77.004687,exact,web,https://www.tiendasmass.com.pe/ubicame/,verified,Solo en la lista oficial (coordenadas oficiales),2026-10-01
web-mass-jr-cineraria,mass,Mass Jr. Cineraria,Jr. Cineraria (Frente Al Mcdo. Villa Libertad),Santiago de Surco,Lima,Lima,150140,-12.095519,-76.963731,exact,web,https://www.tiendasmass.com.pe/ubicame/,verified,Solo en la lista oficial (coordenadas oficiales),2026-10-01
web-mass-jr-corbeta-la-union,mass,Mass Jr. Corbeta La Unión,Jr. Corbeta La Unión (Cruce Con Jr. Franklin D. Roosvelt),Santiago de Surco,Lima,Lima,150140,-12.145625,-77.007602,exact,web,https://www.tiendasmass.com.pe/ubicame/,verified,Solo en la lista oficial (coordenadas oficiales),2026-10-01
web-mass-jr-dona-rosa-172,mass,Mass Jr. Doña Rosa 172,Jr. Doña Rosa 172,Santiago de Surco,Lima,Lima,150140,-12.140432,-76.998513,exact,web,https://www.tiendasmass.com.pe/ubicame/,verified,Solo en la lista oficial (coordenadas oficiales),2026-10-01
web-mass-jr-fuente-chavez-600,mass,Mass Jr. Fuente Chavez 600,Jr. Fuente Chavez 600,Santiago de Surco,Lima,Lima,150140,-12.152020,-77.017979,exact,web,https://www.tiendasmass.com.pe/ubicame/,verified,Solo en la lista oficial (coordenadas oficiales),2026-10-01
osm-n13040290850,mass,Mass Jr. Guardia Civil Norte,Jr. Guardia Civil Norte (Cruce Con Vista Alegre),Santiago de Surco,Lima,Lima,150140,-12.165470,-76.992258,exact,osm,n13040290850,verified,También en la lista oficial,2026-10-01
osm-n4358189176,mass,Mass Jr. Guardia Civil Sur,Jr. Guardia Civil Sur (A Dos Cdras. De Surco Salud De Villa Alegre),Santiago de Surco,Lima,Lima,150140,-12.166936,-76.990425,exact,osm,n4358189176,verified,También en la lista oficial,2026-10-01
web-mass-jr-las-gaviotas,mass,Mass Jr. Las Gaviotas,Jr. Las Gaviotas (Al Lado De La Comisaría De Sagitario),Santiago de Surco,Lima,Lima,150140,-12.165031,-76.996852,exact,web,https://www.tiendasmass.com.pe/ubicame/,verified,Solo en la lista oficial (coordenadas oficiales),2026-10-01
web-mass-jr-loma-umbrosa-443-445,mass,Mass Jr. Loma Umbrosa 443 - 445,Jr. Loma Umbrosa 443 - 445,Santiago de Surco,Lima,Lima,150140,-12.139039,-76.988133,exact,web,https://www.tiendasmass.com.pe/ubicame/,verified,Solo en la lista oficial (coordenadas oficiales),2026-10-01
web-mass-jr-simon-salguero-552,mass,Mass Jr. Simón Salguero 552,Jr. Simón Salguero 552,Santiago de Surco,Lima,Lima,150140,-12.130479,-77.008122,exact,web,https://www.tiendasmass.com.pe/ubicame/,verified,Solo en la lista oficial (coordenadas oficiales),2026-10-01
web-mass-jr-velarde-190-urb-residencial-los-portales,mass,Mass Jr. Velarde 190 - Urb. Residencial Los Portales,Jr. Velarde 190 - Urb. Residencial Los Portales,Santiago de Surco,Lima,Lima,150140,-12.160359,-76.992417,exact,web,https://www.tiendasmass.com.pe/ubicame/,verified,Solo en la lista oficial (coordenadas oficiales),2026-10-01
web-mass-av-andres-avelino-caceres-479,mass,Mass Av. Andres Avelino Caceres 479,Av. Andres Avelino Caceres 479,Surquillo,Lima,Lima,150141,-12.119368,-77.020673,exact,web,https://www.tiendasmass.com.pe/ubicame/,verified,Solo en la lista oficial (coordenadas oficiales),2026-10-01
osm-n12852193885,mass,Mass Av. Angamos Este 2580,Av. Angamos Este 2580,Surquillo,Lima,Lima,150141,-12.112032,-77.000911,exact,osm,n12852193885,verified,También en la lista oficial,2026-10-01
osm-n12852193883,mass,Mass Av. Aviación 3778,Av. Aviación 3778,Surquillo,Lima,Lima,150141,-12.112819,-77.000248,exact,osm,n12852193883,verified,También en la lista oficial,2026-10-01
osm-n12852193875,mass,Mass Av. Aviación 4240,Av. Aviación 4240,Surquillo,Lima,Lima,150141,-12.118281,-76.998781,exact,osm,n12852193875,verified,También en la lista oficial,2026-10-01
osm-n13408906314,mass,Mass Av. Aviación 4524,Av. Aviación 4524,Surquillo,Lima,Lima,150141,-12.121289,-76.998561,exact,osm,n13408906314,verified,"También en la lista oficial; distrito según la lista oficial: Santiago de Surco",2026-10-01
osm-n13201902011,mass,Mass Av. Manuel Villarán 1035,Av. Manuel Villarán 1035,Surquillo,Lima,Lima,150141,-12.120173,-77.001110,exact,osm,n13201902011,verified,También en la lista oficial,2026-10-01
osm-n14184084546,mass,Mass Av. Principal 560,Av. Principal 560,Surquillo,Lima,Lima,150141,-12.117111,-77.006398,exact,osm,n14184084546,verified,También en la lista oficial,2026-10-01
web-mass-av-recavarren-1164-1168,mass,Mass Av. Recavarren 1164 - 1168,Av. Recavarren 1164 - 1168,Surquillo,Lima,Lima,150141,-12.109746,-77.024449,exact,web,https://www.tiendasmass.com.pe/ubicame/,verified,Solo en la lista oficial (coordenadas oficiales),2026-10-01
osm-w806617669,mass,Mass Av. República De Panamá 5481,Av. República De Panamá 5481,Surquillo,Lima,Lima,150141,-12.118459,-77.018062,exact,osm,w806617669,verified,También en la lista oficial,2026-10-01
osm-n13777909474,mass,Mass Av. Villarán 724 - 726,Av. Villarán 724 - 726,Surquillo,Lima,Lima,150141,-12.121643,-77.004607,exact,osm,n13777909474,verified,También en la lista oficial,2026-10-01
web-mass-cl-fibonaci,mass,Mass Cl. Fibonaci,Cl. Fibonaci (Frente Al Pque. Virgen De Fátima),Surquillo,Lima,Lima,150141,-12.108436,-77.011061,exact,web,https://www.tiendasmass.com.pe/ubicame/,verified,Solo en la lista oficial (coordenadas oficiales),2026-10-01
osm-n12771168559,mass,Mass Cl. Los Halcones 100,Cl. Los Halcones 100,Surquillo,Lima,Lima,150141,-12.106181,-77.022801,exact,osm,n12771168559,verified,También en la lista oficial,2026-10-01
web-mass-jr-dante-250,mass,Mass Jr. Dante 250,Jr. Dante 250,Surquillo,Lima,Lima,150141,-12.117592,-77.022475,exact,web,https://www.tiendasmass.com.pe/ubicame/,verified,Solo en la lista oficial (coordenadas oficiales),2026-10-01
web-mass-jr-dante-642,mass,Mass Jr. Dante 642,Jr. Dante 642,Surquillo,Lima,Lima,150141,-12.114675,-77.023034,exact,web,https://www.tiendasmass.com.pe/ubicame/,verified,Solo en la lista oficial (coordenadas oficiales),2026-10-01
osm-n13055460820,mass,Mass Jr. Francisco Moreno 969,Jr. Francisco Moreno 969,Surquillo,Lima,Lima,150141,-12.111657,-77.024604,exact,osm,n13055460820,verified,También en la lista oficial,2026-10-01
web-mass-jr-luis-varela-y-orbegoso-760-764,mass,Mass Jr. Luis Varela Y Orbegoso 760 -764,Jr. Luis Varela Y Orbegoso 760 -764,Surquillo,Lima,Lima,150141,-12.114051,-77.025509,exact,web,https://www.tiendasmass.com.pe/ubicame/,verified,Solo en la lista oficial (coordenadas oficiales),2026-10-01
web-mass-jr-san-agustin-1198,mass,Mass Jr. San Agustín 1198,Jr. San Agustín 1198,Surquillo,Lima,Lima,150141,-12.115340,-77.016240,exact,web,https://www.tiendasmass.com.pe/ubicame/,verified,Solo en la lista oficial (coordenadas oficiales),2026-10-01
web-mass-jr-san-diego-356,mass,Mass Jr. San Diego 356,Jr. San Diego 356 (Cerca De Jr. Sta Rosa),Surquillo,Lima,Lima,150141,-12.118715,-77.023002,exact,web,https://www.tiendasmass.com.pe/ubicame/,verified,Solo en la lista oficial (coordenadas oficiales),2026-10-01
web-mass-a-h-oasis-de-villa,mass,Mass A.H. Oásis De Villa,A.H. Oásis De Villa (A Una Cdra. Del Óvalo Oasis),Villa El Salvador,Lima,Lima,150142,-12.237814,-76.936397,exact,web,https://www.tiendasmass.com.pe/ubicame/,verified,Solo en la lista oficial (coordenadas oficiales),2026-10-01
web-mass-agrup-pachacamac,mass,Mass Agrup. Pachacamac,Agrup. Pachacamac (A Media Cdra. Del Colegio Juan Pablo Vizcardo Y Guzmán),Villa El Salvador,Lima,Lima,150142,-12.241184,-76.926495,exact,web,https://www.tiendasmass.com.pe/ubicame/,verified,Solo en la lista oficial (coordenadas oficiales),2026-10-01
web-mass-agrup-pachacamac-etapa-ii,mass,Mass Agrup. Pachacamac Etapa II,Agrup. Pachacamac Etapa II (Frente Al Mcdo. Pachacamac),Villa El Salvador,Lima,Lima,150142,-12.231388,-76.922348,exact,web,https://www.tiendasmass.com.pe/ubicame/,verified,Solo en la lista oficial (coordenadas oficiales),2026-10-01
web-mass-av-arriba-peru,mass,Mass Av. Arriba Perú,Av. Arriba Perú (Cruce Con Av. Huaylas),Villa El Salvador,Lima,Lima,150142,-12.211592,-76.951313,exact,web,https://www.tiendasmass.com.pe/ubicame/,verified,Solo en la lista oficial (coordenadas oficiales),2026-10-01
osm-w465911304,mass,Mass Av. Los Álamos,Av. Los Álamos (Cruce Con Av. Velasco Alvarado),Villa El Salvador,Lima,Lima,150142,-12.209512,-76.942576,exact,osm,w465911304,verified,También en la lista oficial (nombre en OSM: Mass Alamos),2026-10-01
web-mass-av-maria-reiche,mass,Mass Av. María Reiche,Av. María Reiche (Frente Al Mcdo. 13 De Agosto),Villa El Salvador,Lima,Lima,150142,-12.244080,-76.919490,exact,web,https://www.tiendasmass.com.pe/ubicame/,verified,Solo en la lista oficial (coordenadas oficiales),2026-10-01
web-mass-av-revolucion-urb-pachacamac,mass,Mass Av. Revolución - Urb. Pachacamac,Av. Revolución - Urb. Pachacamac (Cruce Con Cl. 133),Villa El Salvador,Lima,Lima,150142,-12.238690,-76.921402,exact,web,https://www.tiendasmass.com.pe/ubicame/,verified,Solo en la lista oficial (coordenadas oficiales),2026-10-01
web-mass-c-h-pachac-iv-etapa,mass,Mass C.H. Pachac. IV Etapa,C.H. Pachac. IV Etapa (Cruce De Av. Mariategui Y Av. Separadora Industrial),Villa El Salvador,Lima,Lima,150142,-12.217520,-76.926863,exact,web,https://www.tiendasmass.com.pe/ubicame/,verified,Solo en la lista oficial (coordenadas oficiales),2026-10-01
osm-n8301490461,mass,Mass Coop. Jose María Arguedas.,Coop. Jose María Arguedas.(A Dos Cdras. Del Mcdo. Unicachi),Villa El Salvador,Lima,Lima,150142,-12.197788,-76.966393,exact,osm,n8301490461,verified,También en la lista oficial,2026-10-01
web-mass-coop-virgen-de-cocharcas,mass,Mass Coop. Virgen De Cocharcas,Coop. Virgen De Cocharcas (Cerca Del Mcdo. Virgen De Cocharcas),Villa El Salvador,Lima,Lima,150142,-12.194041,-76.960819,exact,web,https://www.tiendasmass.com.pe/ubicame/,verified,Solo en la lista oficial (coordenadas oficiales),2026-10-01
osm-n5021078049,mass,Mass Sec. 01. Grupo 18,Sec. 01. Grupo 18 (Alt. De Cruce De Av. Modelo Y Av. Micaela Bastidas),Villa El Salvador,Lima,Lima,150142,-12.192686,-76.955564,exact,osm,n5021078049,verified,También en la lista oficial,2026-10-01
web-mass-sec-01-grupo-19,mass,Mass Sec. 01. Grupo 19,Sec. 01. Grupo 19 (Cruce De Micaela Bastidas Con Pacto Andino),Villa El Salvador,Lima,Lima,150142,-12.198537,-76.952044,exact,web,https://www.tiendasmass.com.pe/ubicame/,verified,Solo en la lista oficial (coordenadas oficiales),2026-10-01
osm-n7744079294,mass,Mass Sec. 01. Grupo 22A,Sec. 01. Grupo 22A (Al Lado Del Hosp. De La Solidaridad),Villa El Salvador,Lima,Lima,150142,-12.197706,-76.957506,exact,osm,n7744079294,verified,También en la lista oficial,2026-10-01
osm-n8137622618,mass,Mass Sec. 01. Grupo 25,Sec. 01. Grupo 25 (Cruce De Av. El Sol Con Micaela Bastidas),Villa El Salvador,Lima,Lima,150142,-12.203222,-76.949563,exact,osm,n8137622618,verified,También en la lista oficial,2026-10-01
web-mass-sec-02-grupo-04,mass,"Mass Sec. 02, Grupo 04","Sec. 02, Grupo 04 (Alt. De La última Est. Del Tren Eléctrico)",Villa El Salvador,Lima,Lima,150142,-12.207219,-76.933931,exact,web,https://www.tiendasmass.com.pe/ubicame/,verified,Solo en la lista oficial (coordenadas oficiales),2026-10-01
web-mass-sec-02-grupo-06,mass,Mass Sec. 02. Grupo 06,Sec. 02. Grupo 06 (Frente Al Mcdo. 24 De Junio),Villa El Salvador,Lima,Lima,150142,-12.205861,-76.941077,exact,web,https://www.tiendasmass.com.pe/ubicame/,to_verify,"Solo en la lista oficial (coordenadas oficiales); latitud oficial -12.205861 idéntica a la de ""Mass Av. C"" (¿copiada?)",2026-10-01
web-mass-sec-02-grupo-19,mass,Mass Sec. 02. Grupo 19,Sec. 02. Grupo 19 (Alt. De Micaela Bastidas Con Velazco Alvarado),Villa El Salvador,Lima,Lima,150142,-12.211171,-76.944270,exact,web,https://www.tiendasmass.com.pe/ubicame/,verified,Solo en la lista oficial (coordenadas oficiales),2026-10-01
web-mass-sec-03,mass,Mass Sec. 03,Sec. 03 (Cruce De Av. Revolución Con Mariátegui),Villa El Salvador,Lima,Lima,150142,-12.221160,-76.931835,exact,web,https://www.tiendasmass.com.pe/ubicame/,verified,Solo en la lista oficial (coordenadas oficiales),2026-10-01
web-mass-sec-03-grupo-13,mass,Mass Sec. 03 Grupo 13,Sec. 03 Grupo 13 (Cruce De Av. Alamos Con Av. Cesar Vallejo),Villa El Salvador,Lima,Lima,150142,-12.215202,-76.938755,exact,web,https://www.tiendasmass.com.pe/ubicame/,verified,Solo en la lista oficial (coordenadas oficiales),2026-10-01
osm-n8633727317,mass,Mass Sec. 03. Grupo 07,Sec. 03. Grupo 07 (Alt. De Av. Central Y Vallejo),Villa El Salvador,Lima,Lima,150142,-12.212488,-76.934617,exact,osm,n8633727317,verified,También en la lista oficial,2026-10-01
web-mass-sec-06,mass,Mass Sec. 06,Sec. 06 (Cruce De La Av. Pastor Sevilla Y Bolivar),Villa El Salvador,Lima,Lima,150142,-12.221199,-76.944146,exact,web,https://www.tiendasmass.com.pe/ubicame/,verified,Solo en la lista oficial (coordenadas oficiales),2026-10-01
web-mass-sec-3,mass,Mass Sec. 3,Sec. 3 (Frente A La Univ. Tecnológica ),Villa El Salvador,Lima,Lima,150142,-12.213231,-76.933592,exact,web,https://www.tiendasmass.com.pe/ubicame/,verified,Solo en la lista oficial (coordenadas oficiales),2026-10-01
osm-n5012392920,mass,Mass Sec.2 - Grupo 17,Sec.2 - Grupo 17 (Frente Al Mcdo. Modelo De Villa El Salvador),Villa El Salvador,Lima,Lima,150142,-12.208656,-76.946001,exact,osm,n5012392920,verified,"También en la lista oficial; coordenadas oficiales a 149 m",2026-10-01
web-mass-sec-6-grupo-4,mass,Mass Sec.6 - Grupo 4,Sec.6 - Grupo 4 (Frente Al Mcdo. Arenas),Villa El Salvador,Lima,Lima,150142,-12.217894,-76.950785,exact,web,https://www.tiendasmass.com.pe/ubicame/,verified,Solo en la lista oficial (coordenadas oficiales),2026-10-01
web-mass-sector-3-grupo-18,mass,Mass Sector 3 Grupo 18,Sector 3 Grupo 18 (Cruce De Av. Talara Con Av. Alamos),Villa El Salvador,Lima,Lima,150142,-12.226911,-76.930835,exact,web,https://www.tiendasmass.com.pe/ubicame/,verified,Solo en la lista oficial (coordenadas oficiales),2026-10-01
web-mass-av-26-de-noviembre,mass,Mass Av. 26 De Noviembre,Av. 26 De Noviembre (Al Costado Del Mcdo. Sta Rosa),Villa María del Triunfo,Lima,Lima,150143,-12.167183,-76.919836,exact,web,https://www.tiendasmass.com.pe/ubicame/,verified,Solo en la lista oficial (coordenadas oficiales),2026-10-01
web-mass-av-27-de-diciembre-542-546,mass,Mass Av. 27 De Diciembre 542 - 546,Av. 27 De Diciembre 542 - 546,Villa María del Triunfo,Lima,Lima,150143,-12.190896,-76.931247,exact,web,https://www.tiendasmass.com.pe/ubicame/,verified,Solo en la lista oficial (coordenadas oficiales),2026-10-01
osm-w438645815,mass,Mass Av. 27 De Diciembre 981,Av. 27 De Diciembre 981 (Cerca A Cl. Ricardo Palma),Villa María del Triunfo,Lima,Lima,150143,-12.189034,-76.927512,exact,osm,w438645815,verified,También en la lista oficial,2026-10-01
web-mass-av-el-paraiso-264,mass,Mass Av. El Paraiso 264,Av. El Paraiso 264,Villa María del Triunfo,Lima,Lima,150143,-12.147377,-76.934960,exact,web,https://www.tiendasmass.com.pe/ubicame/,verified,Solo en la lista oficial (coordenadas oficiales),2026-10-01
web-mass-av-gral-cesar-pando-egusquiza-270,mass,Mass Av. Gral. Cesar Pando Egusquiza 270,Av. Gral. Cesar Pando Egusquiza 270,Villa María del Triunfo,Lima,Lima,150143,-12.155907,-76.954737,exact,web,https://www.tiendasmass.com.pe/ubicame/,verified,Solo en la lista oficial (coordenadas oficiales),2026-10-01
web-mass-av-jose-carlos-mariategui-1700,mass,Mass Av. José Carlos Mariategui 1700,Av. José Carlos Mariategui 1700,Villa María del Triunfo,Lima,Lima,150143,-12.148269,-76.950612,exact,web,https://www.tiendasmass.com.pe/ubicame/,verified,Solo en la lista oficial (coordenadas oficiales),2026-10-01
web-mass-av-jose-carlos-mariategui-844,mass,Mass Av. Jose Carlos Mariategui 844,Av. Jose Carlos Mariategui 844,Villa María del Triunfo,Lima,Lima,150143,-12.154263,-76.952309,exact,web,https://www.tiendasmass.com.pe/ubicame/,verified,Solo en la lista oficial (coordenadas oficiales),2026-10-01
web-mass-av-jose-olaya-468,mass,Mass Av. José Olaya 468,Av. José Olaya 468,Villa María del Triunfo,Lima,Lima,150143,-12.143371,-76.944814,exact,web,https://www.tiendasmass.com.pe/ubicame/,verified,Solo en la lista oficial (coordenadas oficiales),2026-10-01
web-mass-av-julio-c-tello-553,mass,Mass Av. Julio C. Tello 553,Av. Julio C. Tello 553 (Cruce Con Cl. Tahuantinsuyo),Villa María del Triunfo,Lima,Lima,150143,-12.153581,-76.956237,exact,web,https://www.tiendasmass.com.pe/ubicame/,verified,Solo en la lista oficial (coordenadas oficiales),2026-10-01
web-mass-av-lima-771,mass,Mass Av. Lima 771,Av. Lima 771,Villa María del Triunfo,Lima,Lima,150143,-12.209982,-76.906072,exact,web,https://www.tiendasmass.com.pe/ubicame/,verified,Solo en la lista oficial (coordenadas oficiales),2026-10-01
web-mass-av-lima-960,mass,Mass Av. Lima 960,Av. Lima 960,Villa María del Triunfo,Lima,Lima,150143,-12.212231,-76.906412,exact,web,https://www.tiendasmass.com.pe/ubicame/,verified,Solo en la lista oficial (coordenadas oficiales),2026-10-01
web-mass-av-los-incas-493,mass,Mass Av. Los Incas 493,Av. Los Incas 493,Villa María del Triunfo,Lima,Lima,150143,-12.181056,-76.925855,exact,web,https://www.tiendasmass.com.pe/ubicame/,verified,Solo en la lista oficial (coordenadas oficiales),2026-10-01
web-mass-av-miguel-grau-4,mass,Mass Av. Miguel Grau,Av. Miguel Grau (Frente Al Mcdo. Nº1 José Galvez),Villa María del Triunfo,Lima,Lima,150143,-12.219662,-76.906503,exact,web,https://www.tiendasmass.com.pe/ubicame/,verified,"Solo en la lista oficial (coordenadas oficiales); distrito según la lista oficial: Pachacamac",2026-10-01
web-mass-av-miraflores-570,mass,Mass Av. Miraflores 570,Av. Miraflores 570,Villa María del Triunfo,Lima,Lima,150143,-12.158566,-76.951961,exact,web,https://www.tiendasmass.com.pe/ubicame/,verified,Solo en la lista oficial (coordenadas oficiales),2026-10-01
osm-w804486657,mass,Mass Av. Primavera 2384,Av. Primavera 2384,Villa María del Triunfo,Lima,Lima,150143,-12.141918,-76.949656,exact,osm,w804486657,verified,También en la lista oficial,2026-10-01
osm-w451616646,mass,Mass Av. Salvador Allende 172,Av. Salvador Allende 172,Villa María del Triunfo,Lima,Lima,150143,-12.159449,-76.955910,exact,osm,w451616646,verified,También en la lista oficial,2026-10-01
web-mass-av-san-jose-706,mass,Mass Av. San José 706,Av. San José 706,Villa María del Triunfo,Lima,Lima,150143,-12.149029,-76.947747,exact,web,https://www.tiendasmass.com.pe/ubicame/,verified,Solo en la lista oficial (coordenadas oficiales),2026-10-01
web-mass-av-villa-maria,mass,Mass Av. Villa María,Av. Villa María (Frente Al Policlínico Municipal),Villa María del Triunfo,Lima,Lima,150143,-12.164283,-76.947903,exact,web,https://www.tiendasmass.com.pe/ubicame/,verified,Solo en la lista oficial (coordenadas oficiales),2026-10-01
web-mass-av-villa-maria-123,mass,Mass Av. Villa María 123,Av. Villa María 123,Villa María del Triunfo,Lima,Lima,150143,-12.165788,-76.951664,exact,web,https://www.tiendasmass.com.pe/ubicame/,verified,Solo en la lista oficial (coordenadas oficiales),2026-10-01
web-mass-av-villa-maria-592,mass,Mass Av. Villa María 592,Av. Villa María 592,Villa María del Triunfo,Lima,Lima,150143,-12.163555,-76.946655,exact,web,https://www.tiendasmass.com.pe/ubicame/,verified,Solo en la lista oficial (coordenadas oficiales),2026-10-01
web-mass-cl-los-robles-107,mass,Mass Cl. Los Robles 107,Cl. Los Robles 107,Villa María del Triunfo,Lima,Lima,150143,-12.168820,-76.950946,exact,web,https://www.tiendasmass.com.pe/ubicame/,verified,Solo en la lista oficial (coordenadas oficiales),2026-10-01
osm-n4354706367,mass,Mass Cl. Santos Chocano,Cl. Santos Chocano (Cerca De Av. José Carlos Mariategui),Villa María del Triunfo,Lima,Lima,150143,-12.151969,-76.951449,exact,osm,n4354706367,verified,"También en la lista oficial; coordenadas oficiales a 213 m",2026-10-01
web-mass-jr-alfonso-ugarte-1099,mass,Mass Jr. Alfonso Ugarte 1099,Jr. Alfonso Ugarte 1099,Villa María del Triunfo,Lima,Lima,150143,-12.187429,-76.926656,exact,web,https://www.tiendasmass.com.pe/ubicame/,verified,Solo en la lista oficial (coordenadas oficiales),2026-10-01
web-mass-jr-inca-ollantay-337,mass,Mass Jr. Inca Ollantay 337,Jr. Inca Ollantay 337,Villa María del Triunfo,Lima,Lima,150143,-12.142729,-76.939155,exact,web,https://www.tiendasmass.com.pe/ubicame/,verified,Solo en la lista oficial (coordenadas oficiales),2026-10-01
web-mass-jr-independencia,mass,Mass Jr. Independencia,Jr. Independencia (Cerca Al Mcdo. Flora Tristán),Villa María del Triunfo,Lima,Lima,150143,-12.189807,-76.922727,exact,web,https://www.tiendasmass.com.pe/ubicame/,verified,Solo en la lista oficial (coordenadas oficiales),2026-10-01
web-mass-jr-isabel-de-oliva,mass,Mass Jr. Isabel De Oliva,Jr. Isabel De Oliva (Cerca Al Mcdo. San Juan Bosco),Villa María del Triunfo,Lima,Lima,150143,-12.148062,-76.944894,exact,web,https://www.tiendasmass.com.pe/ubicame/,verified,Solo en la lista oficial (coordenadas oficiales),2026-10-01
web-mass-jr-rimac-259,mass,Mass Jr. Rímac 259,Jr. Rímac 259,Villa María del Triunfo,Lima,Lima,150143,-12.212864,-76.907867,exact,web,https://www.tiendasmass.com.pe/ubicame/,verified,Solo en la lista oficial (coordenadas oficiales),2026-10-01
web-mass-jr-san-pedro-118,mass,Mass Jr. San Pedro 118,Jr. San Pedro 118,Villa María del Triunfo,Lima,Lima,150143,-12.167144,-76.924392,exact,web,https://www.tiendasmass.com.pe/ubicame/,verified,Solo en la lista oficial (coordenadas oficiales),2026-10-01
web-mass-jr-union-1251,mass,Mass Jr. Unión 1251,Jr. Unión 1251,Villa María del Triunfo,Lima,Lima,150143,-12.199575,-76.927087,exact,web,https://www.tiendasmass.com.pe/ubicame/,verified,Solo en la lista oficial (coordenadas oficiales),2026-10-01
web-mass-jr-union-1624-tablada-de-lurin,mass,Mass Jr. Unión 1624 - Tablada De Lurín,Jr. Unión 1624 - Tablada De Lurín,Villa María del Triunfo,Lima,Lima,150143,-12.202095,-76.925639,exact,web,https://www.tiendasmass.com.pe/ubicame/,verified,Solo en la lista oficial (coordenadas oficiales),2026-10-01
web-mass-pblo-joven-mariategui,mass,Mass Pblo. Joven Mariátegui,Pblo. Joven Mariátegui (Cerca Al Mcdo. San Gabriel),Villa María del Triunfo,Lima,Lima,150143,-12.156606,-76.958252,exact,web,https://www.tiendasmass.com.pe/ubicame/,verified,Solo en la lista oficial (coordenadas oficiales),2026-10-01
web-mass-av-circunvalacion-tupac-amaru,mass,Mass Av. Circunvalación Túpac Amaru,Av. Circunvalación Túpac Amaru (Cerca De Cl. Real De Minas),Chaupimarca,Pasco,Pasco,190101,-10.685927,-76.255653,exact,web,https://www.tiendasmass.com.pe/ubicame/,verified,Solo en la lista oficial (coordenadas oficiales),2026-10-01
web-mass-av-6-de-diciembre-305,mass,Mass Av. 6 De Diciembre 305,Av. 6 De Diciembre 305 (Cruce Con Cl. San Martín),Yanacancha,Pasco,Pasco,190113,-10.665232,-76.254935,exact,web,https://www.tiendasmass.com.pe/ubicame/,verified,Solo en la lista oficial (coordenadas oficiales),2026-10-01
osm-w1475973335,mass,Mass Av. Ramón Castilla 1368,Av. Ramón Castilla 1368,Chulucanas,Morropón,Piura,200401,-5.101056,-80.167354,exact,osm,w1475973335,verified,"También en la lista oficial; distrito según la lista oficial: Chulucanas - Morropón",2026-10-01
osm-n12980743369,mass,Mass Jr. Apurímac 214,Jr. Apurímac 214,Chulucanas,Morropón,Piura,200401,-5.088095,-80.157869,exact,osm,n12980743369,verified,"También en la lista oficial; distrito según la lista oficial: Chulucanas - Morropón",2026-10-01
osm-n11364557297,mass,Mass Jr. Apurimac 648,Jr. Apurimac 648,Chulucanas,Morropón,Piura,200401,-5.095384,-80.160814,exact,osm,n11364557297,verified,"También en la lista oficial; distrito según la lista oficial: Chulucanas - Morropón",2026-10-01
web-mass-jr-cuzco-957,mass,Mass Jr. Cuzco 957,Jr. Cuzco 957,Chulucanas,Morropón,Piura,200401,-5.100087,-80.162424,exact,web,https://www.tiendasmass.com.pe/ubicame/,verified,"Solo en la lista oficial (coordenadas oficiales); distrito según la lista oficial: Chulucanas - Morropón",2026-10-01
web-mass-jr-pisagua-842-844,mass,Mass Jr. Pisagua 842 - 844,Jr. Pisagua 842 - 844,Chulucanas,Morropón,Piura,200401,-5.092798,-80.165792,exact,web,https://www.tiendasmass.com.pe/ubicame/,verified,"Solo en la lista oficial (coordenadas oficiales); distrito según la lista oficial: Chulucanas - Morropón",2026-10-01
osm-w1418446134,mass,Mass Jr. Dos De Mayo N° 614,Jr. Dos De Mayo N° 614,Morropón,Morropón,Piura,200405,-5.183745,-79.972238,exact,osm,w1418446134,verified,También en la lista oficial,2026-10-01
web-mass-av-costanera,mass,Mass Av. Costanera,Av. Costanera (Al Lado Del Rest. Los Percebes),Colán,Paita,Piura,200504,-5.008270,-81.065440,exact,web,https://www.tiendasmass.com.pe/ubicame/,verified,"Solo en la lista oficial (coordenadas oficiales); distrito según la lista oficial: Paita - Colán",2026-10-01
web-mass-cl-bolivar,mass,Mass Cl. Bolivar,Cl. Bolivar (Cerca De Hospedaje Alfaro),Colán,Paita,Piura,200504,-4.908136,-81.057569,exact,web,https://www.tiendasmass.com.pe/ubicame/,verified,"Solo en la lista oficial (coordenadas oficiales); distrito según la lista oficial: Paita - Colán",2026-10-01
web-mass-av-leoncio-prado,mass,Mass Av. Leoncio Prado,Av. Leoncio Prado (Cruce Con Cl. Ferrocarril),La Huaca,Paita,Piura,200505,-4.913349,-80.961001,exact,web,https://www.tiendasmass.com.pe/ubicame/,verified,"Solo en la lista oficial (coordenadas oficiales); distrito según la lista oficial: Paita - La Huaca",2026-10-01
web-mass-av-haya-de-la-torre,mass,Mass Av. Haya De La Torre,Av. Haya De La Torre (Frente Al Colegio Sagrado Corazón De Jesús),Paita,Paita,Piura,200501,-5.090925,-81.099219,exact,web,https://www.tiendasmass.com.pe/ubicame/,verified,Solo en la lista oficial (coordenadas oficiales),2026-10-01
web-mass-av-progreso,mass,Mass Av. Progreso,Av. Progreso (A Media Cdra. Del Hostal Ethel),Paita,Paita,Piura,200501,-5.098903,-81.109665,exact,web,https://www.tiendasmass.com.pe/ubicame/,verified,Solo en la lista oficial (coordenadas oficiales),2026-10-01
web-mass-calle-28-de-julio,mass,Mass Calle 28 De Julio,Calle 28 De Julio (A Espalda Del Centro De Conciliación Extrajudicial Paita),Paita,Paita,Piura,200501,-5.093596,-81.095860,exact,web,https://www.tiendasmass.com.pe/ubicame/,verified,Solo en la lista oficial (coordenadas oficiales),2026-10-01
web-mass-cl-inclan,mass,Mass Cl. Inclán,Cl. Inclán (A Media Cdra. Del Malecón Jorge Chavez),Paita,Paita,Piura,200501,-5.085738,-81.110903,exact,web,https://www.tiendasmass.com.pe/ubicame/,verified,Solo en la lista oficial (coordenadas oficiales),2026-10-01
web-mass-jr-jose-olaya,mass,Mass Jr. José Olaya,Jr. José Olaya (Frente A La Tienda Corea Fashion),Paita,Paita,Piura,200501,-5.091759,-81.098829,exact,web,https://www.tiendasmass.com.pe/ubicame/,verified,Solo en la lista oficial (coordenadas oficiales),2026-10-01
web-mass-jr-zanjon,mass,Mass Jr. Zanjon,Jr. Zanjon (Cruce Con Loreto),Paita,Paita,Piura,200501,-5.089327,-81.113221,exact,web,https://www.tiendasmass.com.pe/ubicame/,verified,Solo en la lista oficial (coordenadas oficiales),2026-10-01
web-mass-av-alameda-esq-con-av-las-puyas-urb-miraflores,mass,Mass Av. Alameda Esq. Con Av. Las Puyas - Urb. Miraflores,Av. Alameda Esq. Con Av. Las Puyas - Urb. Miraflores,Castilla,Piura,Piura,200104,-5.180734,-80.611795,exact,web,https://www.tiendasmass.com.pe/ubicame/,verified,"Solo en la lista oficial (coordenadas oficiales); distrito según la lista oficial: Piura",2026-10-01
osm-n11523792574,mass,Mass Av. Guardia Civil,Av. Guardia Civil (A Una Cdra. De Maxi Ahorro),Castilla,Piura,Piura,200104,-5.193731,-80.619516,exact,osm,n11523792574,verified,"También en la lista oficial; distrito según la lista oficial: Piura",2026-10-01
osm-n11863018902,mass,Mass Av. Guardia Civil,Av. Guardia Civil (A Una Cdra. Del Colegio Divino Nño Jesús),Castilla,Piura,Piura,200104,-5.186664,-80.590797,exact,osm,n11863018902,verified,"También en la lista oficial; latitud oficial -5.187253 idéntica a la de ""Mass Av. Grau 2343"" (¿copiada?); coordenadas oficiales a 255 m",2026-10-01
web-mass-av-guardia-civil,mass,Mass Av. Guardia Civil,Av. Guardia Civil (A Media Cdra. Del Pje. San Antonio),Castilla,Piura,Piura,200104,-5.191047,-80.604981,exact,web,https://www.tiendasmass.com.pe/ubicame/,verified,Solo en la lista oficial (coordenadas oficiales),2026-10-01
web-mass-av-guardia-civil-2,mass,Mass Av. Guardia Civil,Av. Guardia Civil (A Una Cdra. Del Terminal Terrestre Castilla),Castilla,Piura,Piura,200104,-5.192095,-80.610126,exact,web,https://www.tiendasmass.com.pe/ubicame/,verified,Solo en la lista oficial (coordenadas oficiales),2026-10-01
web-mass-av-guardia-civil-3,mass,Mass Av. Guardia Civil,Av. Guardia Civil (Al Lado De La Panadería Blass),Castilla,Piura,Piura,200104,-5.188169,-80.595991,exact,web,https://www.tiendasmass.com.pe/ubicame/,verified,Solo en la lista oficial (coordenadas oficiales),2026-10-01
web-mass-av-guardia-civil-5,mass,Mass Av. Guardia Civil,Av. Guardia Civil (Cerca De Pje. Las Camelias) - Ctra. Panamericana,Castilla,Piura,Piura,200104,-5.185525,-80.587556,exact,web,https://www.tiendasmass.com.pe/ubicame/,verified,Solo en la lista oficial (coordenadas oficiales),2026-10-01
osm-w1459874251,mass,Mass Av. Las Flores,Av. Las Flores (Al Lado Del Mcdo. De San Bernardo Castilla),Castilla,Piura,Piura,200104,-5.222382,-80.625506,exact,osm,w1459874251,verified,También en la lista oficial,2026-10-01
osm-w1354333885,mass,Mass Av. Progreso 1304,Av. Progreso 1304,Castilla,Piura,Piura,200104,-5.211859,-80.622548,exact,osm,w1354333885,verified,También en la lista oficial,2026-10-01
web-mass-av-progreso-802,mass,Mass Av. Progreso 802,Av. Progreso 802,Castilla,Piura,Piura,200104,-5.204724,-80.620768,exact,web,https://www.tiendasmass.com.pe/ubicame/,verified,Solo en la lista oficial (coordenadas oficiales),2026-10-01
web-mass-av-ramon-castilla-153-2,mass,Mass Av. Ramón Castilla 153,Av. Ramón Castilla 153,Castilla,Piura,Piura,200104,-5.197560,-80.622061,exact,web,https://www.tiendasmass.com.pe/ubicame/,verified,Solo en la lista oficial (coordenadas oficiales),2026-10-01
web-mass-calle-d,mass,Mass Calle D,Calle D (A Cuatro Cdras. De Av. Guardia Civil),Castilla,Piura,Piura,200104,-5.184390,-80.593400,exact,web,https://www.tiendasmass.com.pe/ubicame/,verified,Solo en la lista oficial (coordenadas oficiales),2026-10-01
osm-w1300082475,mass,Mass Calle Yoque Yupanqui 1228,Calle Yoque Yupanqui 1228 (Cruce Con Av. Sanchez Carrión),Castilla,Piura,Piura,200104,-5.218812,-80.625256,exact,osm,w1300082475,verified,También en la lista oficial,2026-10-01
web-mass-cl-callao-403,mass,Mass Cl. Callao 403,Cl. Callao 403,Castilla,Piura,Piura,200104,-5.201534,-80.622038,exact,web,https://www.tiendasmass.com.pe/ubicame/,verified,Solo en la lista oficial (coordenadas oficiales),2026-10-01
web-mass-jr-san-francisco,mass,Mass Jr. San Francisco,Jr. San Francisco (Cruce Con Jr. Las Begonias),Castilla,Piura,Piura,200104,-5.188950,-80.606242,exact,web,https://www.tiendasmass.com.pe/ubicame/,verified,Solo en la lista oficial (coordenadas oficiales),2026-10-01
web-mass-av-cayetano-heredia-761,mass,Mass Av. Cayetano Heredia 761,Av. Cayetano Heredia 761,Catacaos,Piura,Piura,200105,-5.265029,-80.674467,exact,web,https://www.tiendasmass.com.pe/ubicame/,verified,Solo en la lista oficial (coordenadas oficiales),2026-10-01
web-mass-cl-real-594,mass,Mass Cl. Real 594,Cl. Real 594,Catacaos,Piura,Piura,200105,-5.265410,-80.677070,exact,web,https://www.tiendasmass.com.pe/ubicame/,verified,Solo en la lista oficial (coordenadas oficiales),2026-10-01
web-mass-josefina-ramos-de-cox-s-n,mass,Mass Josefina Ramos De Cox S/N,Josefina Ramos De Cox S/N (A Media Cdra. De La Comisaría De Catacaos),Catacaos,Piura,Piura,200105,-5.267024,-80.671980,exact,web,https://www.tiendasmass.com.pe/ubicame/,verified,Solo en la lista oficial (coordenadas oficiales),2026-10-01
web-mass-jr-trujillo-249,mass,Mass Jr. Trujillo 249,Jr. Trujillo 249 (A Media Cdra. De Jr. Ica),Catacaos,Piura,Piura,200105,-5.266220,-80.675810,exact,web,https://www.tiendasmass.com.pe/ubicame/,verified,Solo en la lista oficial (coordenadas oficiales),2026-10-01
web-mass-av-grau,mass,Mass Av. Grau,Av. Grau (A Media Cdra. Del Estadio 27 De Julio) - Cura Mori - PIURA,Cura Mori,Piura,Piura,200107,-5.321980,-80.664150,exact,web,https://www.tiendasmass.com.pe/ubicame/,verified,Solo en la lista oficial (coordenadas oficiales),2026-10-01
web-mass-cl-comercio,mass,Mass Cl. Comercio,Cl. Comercio (Al Costado De La Comisaría),La Arena,Piura,Piura,200109,-5.347915,-80.712974,exact,web,https://www.tiendasmass.com.pe/ubicame/,verified,Solo en la lista oficial (coordenadas oficiales),2026-10-01
web-mass-av-fermin-malaga-prado,mass,Mass Av. Fermín Malaga Prado,Av. Fermín Malaga Prado (Cruce Con Cl. San Pablo) - Villa Tablazo,La Unión,Piura,Piura,200110,-5.383537,-80.762794,exact,web,https://www.tiendasmass.com.pe/ubicame/,verified,Solo en la lista oficial (coordenadas oficiales),2026-10-01
web-mass-av-lima-1106,mass,Mass Av. Lima 1106,Av. Lima 1106,La Unión,Piura,Piura,200110,-5.404059,-80.743105,exact,web,https://www.tiendasmass.com.pe/ubicame/,verified,Solo en la lista oficial (coordenadas oficiales),2026-10-01
web-mass-av-lima-540,mass,Mass Av. Lima 540,Av. Lima 540,La Unión,Piura,Piura,200110,-5.398258,-80.741914,exact,web,https://www.tiendasmass.com.pe/ubicame/,verified,Solo en la lista oficial (coordenadas oficiales),2026-10-01
osm-n13917798869,mass,Mass Jr. Alfonso Ugarte,Jr. Alfonso Ugarte (Entre Cl. Lima Y Jr. Piura),Las Lomas,Piura,Piura,200111,-4.658024,-80.243617,exact,osm,n13917798869,verified,También en la lista oficial,2026-10-01
web-mass-a-h-victor-haya-de-la-torre,mass,Mass A.H. Víctor Haya De La Torre,A.H. Víctor Haya De La Torre (Frente Al Pozo De Agua A.H. San Pedro),Piura,Piura,Piura,200101,-5.202175,-80.640501,exact,web,https://www.tiendasmass.com.pe/ubicame/,verified,Solo en la lista oficial (coordenadas oficiales),2026-10-01
web-mass-av-02,mass,Mass Av. 02,Av. 02 (Al Lado Del Ingreso Principal A La Urb. Los Corales),Piura,Piura,Piura,200101,-5.161612,-80.630789,exact,web,https://www.tiendasmass.com.pe/ubicame/,verified,Solo en la lista oficial (coordenadas oficiales),2026-10-01
web-mass-av-bello-horizonte-d-5,mass,Mass Av. Bello Horizonte D-5,Av. Bello Horizonte D-5 (Frente Al Pque. Bello Horizonte),Piura,Piura,Piura,200101,-5.176690,-80.650288,exact,web,https://www.tiendasmass.com.pe/ubicame/,verified,Solo en la lista oficial (coordenadas oficiales),2026-10-01
web-mass-av-bolognesi-710,mass,Mass Av. Bolognesi 710,Av. Bolognesi 710,Piura,Piura,Piura,200101,-5.198625,-80.631049,exact,web,https://www.tiendasmass.com.pe/ubicame/,verified,Solo en la lista oficial (coordenadas oficiales),2026-10-01
osm-n11536085949,mass,Mass Av. Grau 1223,Av. Grau 1223,Piura,Piura,Piura,200101,-5.193841,-80.637492,exact,osm,n11536085949,verified,También en la lista oficial,2026-10-01
web-mass-av-grau-1622-1676,mass,Mass Av. Grau 1622 - 1676,Av. Grau 1622 - 1676,Piura,Piura,Piura,200101,-5.191526,-80.643319,exact,web,https://www.tiendasmass.com.pe/ubicame/,verified,Solo en la lista oficial (coordenadas oficiales),2026-10-01
web-mass-av-grau-2089,mass,Mass Av. Grau 2089,Av. Grau 2089,Piura,Piura,Piura,200101,-5.188876,-80.649714,exact,web,https://www.tiendasmass.com.pe/ubicame/,verified,Solo en la lista oficial (coordenadas oficiales),2026-10-01
web-mass-av-grau-2343,mass,Mass Av. Grau 2343,Av. Grau 2343,Piura,Piura,Piura,200101,-5.187253,-80.651417,exact,web,https://www.tiendasmass.com.pe/ubicame/,to_verify,"Solo en la lista oficial (coordenadas oficiales); latitud oficial -5.187253 idéntica a la de ""Mass Av. Guardia Civil"" (¿copiada?)",2026-10-01
web-mass-av-guillermo-gulman-s-n,mass,Mass Av. Guillermo Gulman S/N,Av. Guillermo Gulman S/N (Cerca De La Av. Las Amércias),Piura,Piura,Piura,200101,-5.200383,-80.643955,exact,web,https://www.tiendasmass.com.pe/ubicame/,verified,"Solo en la lista oficial (coordenadas oficiales); distrito según la lista oficial: 26 de Octubre",2026-10-01
web-mass-av-ignacio-merino-a-h-los-algarrobos,mass,Mass Av. Ignacio Merino - A.H. Los Algarrobos,Av. Ignacio Merino - A.H. Los Algarrobos (Cerca De Cl. 18),Piura,Piura,Piura,200101,-5.173880,-80.648160,exact,web,https://www.tiendasmass.com.pe/ubicame/,verified,Solo en la lista oficial (coordenadas oficiales),2026-10-01
web-mass-av-jose-aguilar-santisteban-2,mass,Mass Av. José Aguilar Santisteban,Av. José Aguilar Santisteban (Frente A La Cevichería El Tramboyo),Piura,Piura,Piura,200101,-5.166200,-80.650290,exact,web,https://www.tiendasmass.com.pe/ubicame/,verified,Solo en la lista oficial (coordenadas oficiales),2026-10-01
web-mass-av-las-gardenias,mass,Mass Av. Las Gardenias,Av. Las Gardenias (Cruce Con Cl. Las Amapolas),Piura,Piura,Piura,200101,-5.169345,-80.631199,exact,web,https://www.tiendasmass.com.pe/ubicame/,verified,Solo en la lista oficial (coordenadas oficiales),2026-10-01
web-mass-av-las-palmeras-esq-con-los-cipreces-urb-los-ger,mass,Mass Av. Las Palmeras Esq. Con Los Cipreces - Urb. Los Geranios,Av. Las Palmeras Esq. Con Los Cipreces - Urb. Los Geranios,Piura,Piura,Piura,200101,-5.173509,-80.630216,exact,web,https://www.tiendasmass.com.pe/ubicame/,verified,Solo en la lista oficial (coordenadas oficiales),2026-10-01
osm-n13997890401,mass,Mass Av. Los Algarrobos,Av. Los Algarrobos (A Media Cdra. Del Pque. Alan García),Piura,Piura,Piura,200101,-5.171220,-80.652295,exact,osm,n13997890401,verified,También en la lista oficial,2026-10-01
web-mass-av-los-bancarios,mass,Mass Av. Los Bancarios,Av. Los Bancarios (Cruce Con Av. Bello Horizonte),Piura,Piura,Piura,200101,-5.177110,-80.653420,exact,web,https://www.tiendasmass.com.pe/ubicame/,verified,Solo en la lista oficial (coordenadas oficiales),2026-10-01
osm-n11529383221,mass,Mass Av. Marcavelica 147,Av. Marcavelica 147,Piura,Piura,Piura,200101,-5.186447,-80.655431,exact,osm,n11529383221,verified,También en la lista oficial,2026-10-01
web-mass-av-prol-loreto,mass,Mass Av. Prol. Loreto,Av. Prol. Loreto (Frente Al Colegio Internacional Elim Piura),Piura,Piura,Piura,200101,-5.204250,-80.632720,exact,web,https://www.tiendasmass.com.pe/ubicame/,verified,Solo en la lista oficial (coordenadas oficiales),2026-10-01
web-mass-cl-ayacucho-585,mass,Mass Cl. Ayacucho 585,Cl. Ayacucho 585,Piura,Piura,Piura,200101,-5.197217,-80.628597,exact,web,https://www.tiendasmass.com.pe/ubicame/,verified,Solo en la lista oficial (coordenadas oficiales),2026-10-01
web-mass-cl-cuzco-357,mass,Mass Cl. Cuzco 357,Cl. Cuzco 357 (Frente Al Colegio Belén),Piura,Piura,Piura,200101,-5.192390,-80.627180,exact,web,https://www.tiendasmass.com.pe/ubicame/,verified,Solo en la lista oficial (coordenadas oficiales),2026-10-01
web-mass-cl-san-miguel-237,mass,Mass Cl. San Miguel 237,Cl. San Miguel 237,Piura,Piura,Piura,200101,-5.183945,-80.630805,exact,web,https://www.tiendasmass.com.pe/ubicame/,verified,Solo en la lista oficial (coordenadas oficiales),2026-10-01
web-mass-cl-tacna-380,mass,Mass Cl. Tacna 380,Cl. Tacna 380,Piura,Piura,Piura,200101,-5.195593,-80.626827,exact,web,https://www.tiendasmass.com.pe/ubicame/,verified,Solo en la lista oficial (coordenadas oficiales),2026-10-01
web-mass-jr-los-incas,mass,Mass Jr. Los Incas,Jr. Los Incas (Cerca Al Cruce Con Av. Los Diamantes) - Urb. Bello Horizonte,Piura,Piura,Piura,200101,-5.180229,-80.646570,exact,web,https://www.tiendasmass.com.pe/ubicame/,verified,Solo en la lista oficial (coordenadas oficiales),2026-10-01
web-mass-richard-cushing,mass,Mass Richard Cushing,Richard Cushing (A Una Cdra. De Av. Don Bosco),Piura,Piura,Piura,200101,-5.201471,-80.634957,exact,web,https://www.tiendasmass.com.pe/ubicame/,verified,Solo en la lista oficial (coordenadas oficiales),2026-10-01
web-mass-urb-los-jardines-corpiura,mass,Mass Urb. Los Jardines Corpiura,Urb. Los Jardines Corpiura (A Dos Cdrs. De La UCV),Piura,Piura,Piura,200101,-5.167173,-80.654991,exact,web,https://www.tiendasmass.com.pe/ubicame/,verified,"Solo en la lista oficial (coordenadas oficiales); distrito según la lista oficial: 26 de Octubre",2026-10-01
web-mass-av-buenos-aires-s-n,mass,Mass Av. Buenos Aires S/N,Av. Buenos Aires S/N (Frente Al Mcdo. Tambogrande),Tambo Grande,Piura,Piura,200114,-4.925945,-80.340129,exact,web,https://www.tiendasmass.com.pe/ubicame/,verified,"Solo en la lista oficial (coordenadas oficiales); distrito según la lista oficial: Tambogrande",2026-10-01
web-mass-av-ignacia-schaefer,mass,Mass Av. Ignacia Schaefer,Av. Ignacia Schaefer (Al Lado De Financiera Confianza),Tambo Grande,Piura,Piura,200114,-4.929335,-80.343067,exact,web,https://www.tiendasmass.com.pe/ubicame/,verified,"Solo en la lista oficial (coordenadas oficiales); distrito según la lista oficial: Tambogrande",2026-10-01
web-mass-jr-paita-448,mass,Mass Jr. Paita 448,Jr. Paita 448,Tambo Grande,Piura,Piura,200114,-4.933927,-80.342837,exact,web,https://www.tiendasmass.com.pe/ubicame/,verified,"Solo en la lista oficial (coordenadas oficiales); distrito según la lista oficial: Tambogrande",2026-10-01
web-mass-av-amotape,mass,Mass Av. Amotape,Av. Amotape (Cruce Con Manuel Sullon),Veintiséis de Octubre,Piura,Piura,200115,-5.194132,-80.663394,exact,web,https://www.tiendasmass.com.pe/ubicame/,verified,Solo en la lista oficial (coordenadas oficiales),2026-10-01
osm-n14168110581,mass,Mass Av. Bellavista,Av. Bellavista (Cerca A Av. Grau) - PIURA,Veintiséis de Octubre,Piura,Piura,200115,-5.186015,-80.658614,exact,osm,n14168110581,verified,También en la lista oficial,2026-10-01
web-mass-av-chulucanas-243,mass,Mass Av. Chulucanas 243,Av. Chulucanas 243,Veintiséis de Octubre,Piura,Piura,200115,-5.185185,-80.664869,exact,web,https://www.tiendasmass.com.pe/ubicame/,verified,"Solo en la lista oficial (coordenadas oficiales); distrito según la lista oficial: Piura",2026-10-01
web-mass-av-circunvalacion-3180,mass,Mass Av. Circunvalación 3180,Av. Circunvalación 3180,Veintiséis de Octubre,Piura,Piura,200115,-5.190787,-80.660080,exact,web,https://www.tiendasmass.com.pe/ubicame/,verified,"Solo en la lista oficial (coordenadas oficiales); distrito según la lista oficial: Piura",2026-10-01
web-mass-av-don-bosco,mass,Mass Av. Don Bosco,"Av. Don Bosco (Ex Circunvalación, Cruce Con Cl. Gonzalo Farfán)",Veintiséis de Octubre,Piura,Piura,200115,-5.192213,-80.655496,exact,web,https://www.tiendasmass.com.pe/ubicame/,verified,Solo en la lista oficial (coordenadas oficiales),2026-10-01
web-mass-av-francia,mass,Mass Av. Francia,Av. Francia (Frente A V Y V Decoraciones),Veintiséis de Octubre,Piura,Piura,200115,-5.199920,-80.656101,exact,web,https://www.tiendasmass.com.pe/ubicame/,verified,"Solo en la lista oficial (coordenadas oficiales); distrito según la lista oficial: 26 de Octubre",2026-10-01
web-mass-av-grau-cuadra-8,mass,"Mass Av. Grau, Cuadra 8","Av. Grau, Cuadra 8 (Frente A Guidos Hamburguesas)",Veintiséis de Octubre,Piura,Piura,200115,-5.178027,-80.683496,exact,web,https://www.tiendasmass.com.pe/ubicame/,verified,"Solo en la lista oficial (coordenadas oficiales); distrito según la lista oficial: 26 de Octubre",2026-10-01
web-mass-av-guillermo-gulman-836,mass,Mass Av. Guillermo Gulman 836,Av. Guillermo Gulman 836,Veintiséis de Octubre,Piura,Piura,200115,-5.195826,-80.641092,exact,web,https://www.tiendasmass.com.pe/ubicame/,verified,"Solo en la lista oficial (coordenadas oficiales); distrito según la lista oficial: 26 de Octubre",2026-10-01
web-mass-av-jose-aguilar-santisteban,mass,Mass Av. José Aguilar Santisteban,Av. José Aguilar Santisteban (Al Lado De Ferretería Calco),Veintiséis de Octubre,Piura,Piura,200115,-5.158892,-80.656367,exact,web,https://www.tiendasmass.com.pe/ubicame/,verified,Solo en la lista oficial (coordenadas oficiales),2026-10-01
web-mass-av-miguel-justino-ramirez,mass,Mass Av. Miguel Justino Ramirez,Av. Miguel Justino Ramirez (Al Frente Al Hospedaje Las Capullanas),Veintiséis de Octubre,Piura,Piura,200115,-5.177171,-80.672180,exact,web,https://www.tiendasmass.com.pe/ubicame/,verified,"Solo en la lista oficial (coordenadas oficiales); distrito según la lista oficial: 26 de Octubre",2026-10-01
web-mass-av-principal-s-n,mass,Mass Av. Principal S/n,Av. Principal S/n (al Lado De Maxiahorro),Veintiséis de Octubre,Piura,Piura,200115,-5.165498,-80.663735,exact,web,https://www.tiendasmass.com.pe/ubicame/,verified,"Solo en la lista oficial (coordenadas oficiales); distrito según la lista oficial: 26 de Octubre",2026-10-01
web-mass-av-raul-mata-la-cruz,mass,Mass Av. Raúl Mata La Cruz,Av. Raúl Mata La Cruz (Cruce Con Cl. Mancora),Veintiséis de Octubre,Piura,Piura,200115,-5.190450,-80.666590,exact,web,https://www.tiendasmass.com.pe/ubicame/,verified,"Solo en la lista oficial (coordenadas oficiales); distrito según la lista oficial: 26 de Octubre",2026-10-01
web-mass-av-san-martin-de-porres-625,mass,Mass Av. San Martín De Porres 625,Av. San Martín De Porres 625,Veintiséis de Octubre,Piura,Piura,200115,-5.185044,-80.671903,exact,web,https://www.tiendasmass.com.pe/ubicame/,verified,"Solo en la lista oficial (coordenadas oficiales); distrito según la lista oficial: 26 de Octubre",2026-10-01
web-mass-calle-1-de-diciembre,mass,Mass Calle 1 De Diciembre,Calle 1 De Diciembre (Cruce Con Av. Circunvalación),Veintiséis de Octubre,Piura,Piura,200115,-5.185703,-80.676495,exact,web,https://www.tiendasmass.com.pe/ubicame/,verified,Solo en la lista oficial (coordenadas oficiales),2026-10-01
osm-n13370209222,mass,Mass Cl. 5 Nº 607,Cl. 5 Nº 607,Veintiséis de Octubre,Piura,Piura,200115,-5.193336,-80.645515,exact,osm,n13370209222,verified,"También en la lista oficial; distrito según la lista oficial: Piura",2026-10-01
web-mass-cl-manuel-gonzales,mass,Mass Cl. Manuel Gonzales,Cl. Manuel Gonzales (A Esp. De Iglesia Sagrado Corazones De Jesús Y Maria),Veintiséis de Octubre,Piura,Piura,200115,-5.196700,-80.649744,exact,web,https://www.tiendasmass.com.pe/ubicame/,verified,"Solo en la lista oficial (coordenadas oficiales); distrito según la lista oficial: 26 de Octubre",2026-10-01
web-mass-via-colectora-nte,mass,Mass Vía Colectora Nte.,Vía Colectora Nte. (A Media Cdra. Del Óvalo),Veintiséis de Octubre,Piura,Piura,200115,-5.172375,-80.667053,exact,web,https://www.tiendasmass.com.pe/ubicame/,verified,"Solo en la lista oficial (coordenadas oficiales); distrito según la lista oficial: 26 de Octubre",2026-10-01
web-mass-av-bayovar-140,mass,Mass Av. Bayovar 140,Av. Bayovar 140,Sechura,Sechura,Piura,200801,-5.559742,-80.818541,exact,web,https://www.tiendasmass.com.pe/ubicame/,verified,Solo en la lista oficial (coordenadas oficiales),2026-10-01
web-mass-av-bolivar-720,mass,Mass Av. Bolivar 720,Av. Bolivar 720,Sechura,Sechura,Piura,200801,-5.559016,-80.821800,exact,web,https://www.tiendasmass.com.pe/ubicame/,verified,Solo en la lista oficial (coordenadas oficiales),2026-10-01
web-mass-av-simon-bolivar-2,mass,Mass Av. Simón Bolivar,Av. Simón Bolivar (Frente Al Pque. El Pescador),Sechura,Sechura,Piura,200801,-5.563169,-80.821690,exact,web,https://www.tiendasmass.com.pe/ubicame/,verified,Solo en la lista oficial (coordenadas oficiales),2026-10-01
web-mass-av-miguel-f-cerro,mass,Mass Av. Miguel F. Cerro,Av. Miguel F. Cerro (Cerca De Jr. Tacna),Vice,Sechura,Piura,200805,-5.421919,-80.776220,exact,web,https://www.tiendasmass.com.pe/ubicame/,verified,"Solo en la lista oficial (coordenadas oficiales); distrito según la lista oficial: Sechura - Vice",2026-10-01
web-mass-cercado-puno-346,mass,Mass Cercado Puno 346,Cercado Puno 346,Bellavista,Sullana,Piura,200602,-4.890555,-80.681207,exact,web,https://www.tiendasmass.com.pe/ubicame/,verified,"Solo en la lista oficial (coordenadas oficiales); distrito según la lista oficial: Sullana - Bellavista",2026-10-01
web-mass-cl-ancash-300,mass,Mass Cl. Ancash 300,Cl. Ancash 300,Bellavista,Sullana,Piura,200602,-4.891477,-80.678249,exact,web,https://www.tiendasmass.com.pe/ubicame/,verified,"Solo en la lista oficial (coordenadas oficiales); distrito según la lista oficial: Bellavista - Sullana",2026-10-01
web-mass-av-panamericana-norte,mass,Mass Av. Panamericana Norte,Av. Panamericana Norte (Al Lado De Agronegocios Raúl),Ignacio Escudero,Sullana,Piura,200603,-4.846827,-80.876064,exact,web,https://www.tiendasmass.com.pe/ubicame/,verified,"Solo en la lista oficial (coordenadas oficiales); distrito según la lista oficial: Sullana - Ignacio Escudero",2026-10-01
web-mass-av-panamericana,mass,Mass Av. Panamericana,Av. Panamericana (A Una Cdra. De La Plz. De Armas De Mallaritos),Marcavelica,Sullana,Piura,200605,-4.868340,-80.719137,exact,web,https://www.tiendasmass.com.pe/ubicame/,verified,"Solo en la lista oficial (coordenadas oficiales); distrito según la lista oficial: Mallaritos",2026-10-01
web-mass-cl-grau,mass,Mass Cl. Grau,Cl. Grau (Cerca Del Pqe. Central),Querecotillo,Sullana,Piura,200607,-4.838827,-80.648060,exact,web,https://www.tiendasmass.com.pe/ubicame/,verified,"Solo en la lista oficial (coordenadas oficiales); distrito según la lista oficial: Sullana - Querecotillo",2026-10-01
web-mass-cl-tacna,mass,Mass Cl. Tacna,Cl. Tacna (Cerca Del Rest. De La Tía Feli),Salitral,Sullana,Piura,200608,-4.857504,-80.682853,exact,web,https://www.tiendasmass.com.pe/ubicame/,verified,"Solo en la lista oficial (coordenadas oficiales); distrito según la lista oficial: Sullana - Salitral",2026-10-01
web-mass-av-buenos-aires,mass,Mass Av. Buenos Aires,Av. Buenos Aires (Alt. Del Grifo Pecsa),Sullana,Sullana,Piura,200601,-4.906145,-80.679978,exact,web,https://www.tiendasmass.com.pe/ubicame/,verified,Solo en la lista oficial (coordenadas oficiales),2026-10-01
web-mass-av-buenos-aires-110,mass,Mass Av. Buenos Aires 110,Av. Buenos Aires 110,Sullana,Sullana,Piura,200601,-4.897224,-80.681636,exact,web,https://www.tiendasmass.com.pe/ubicame/,verified,Solo en la lista oficial (coordenadas oficiales),2026-10-01
web-mass-av-circunvalacion-9-de-octubre-301,mass,Mass Av. Circunvalación 9 De Octubre 301,Av. Circunvalación 9 De Octubre 301,Sullana,Sullana,Piura,200601,-4.902075,-80.678817,exact,web,https://www.tiendasmass.com.pe/ubicame/,verified,Solo en la lista oficial (coordenadas oficiales),2026-10-01
web-mass-av-el-alto-817,mass,Mass Av. El Alto 817,Av. El Alto 817,Sullana,Sullana,Piura,200601,-4.907231,-80.701252,exact,web,https://www.tiendasmass.com.pe/ubicame/,verified,Solo en la lista oficial (coordenadas oficiales),2026-10-01
web-mass-av-jose-de-lama,mass,Mass Av. José De Lama,Av. José De Lama (Cruce Con Cl. Los Ficus),Sullana,Sullana,Piura,200601,-4.907030,-80.712080,exact,web,https://www.tiendasmass.com.pe/ubicame/,verified,Solo en la lista oficial (coordenadas oficiales),2026-10-01
web-mass-av-jose-de-lama-1600,mass,Mass Av. José De Lama 1600,Av. José De Lama 1600,Sullana,Sullana,Piura,200601,-4.903506,-80.701460,exact,web,https://www.tiendasmass.com.pe/ubicame/,verified,Solo en la lista oficial (coordenadas oficiales),2026-10-01
web-mass-av-marcelino-champagnat-333,mass,Mass Av. Marcelino Champagnat 333,Av. Marcelino Champagnat 333 (A Media Cdra. De José Lama),Sullana,Sullana,Piura,200601,-4.899890,-80.695340,exact,web,https://www.tiendasmass.com.pe/ubicame/,verified,Solo en la lista oficial (coordenadas oficiales),2026-10-01
web-mass-av-san-hilarion,mass,Mass Av. San Hilarión,Av. San Hilarión (Cerca A Av. Los Tallanes),Sullana,Sullana,Piura,200601,-4.909983,-80.724248,exact,web,https://www.tiendasmass.com.pe/ubicame/,verified,Solo en la lista oficial (coordenadas oficiales),2026-10-01
web-mass-circunvalacion-obrero-con-felix-jaramillo,mass,Mass Circunvalación Obrero Con Felix Jaramillo,Circunvalación Obrero Con Felix Jaramillo (Al Lado Del Colegio Miranda),Sullana,Sullana,Piura,200601,-4.902950,-80.683520,exact,web,https://www.tiendasmass.com.pe/ubicame/,verified,Solo en la lista oficial (coordenadas oficiales),2026-10-01
web-mass-cl-bolognesi-315,mass,Mass Cl. Bolognesi 315,Cl. Bolognesi 315,Sullana,Sullana,Piura,200601,-4.891813,-80.684258,exact,web,https://www.tiendasmass.com.pe/ubicame/,verified,Solo en la lista oficial (coordenadas oficiales),2026-10-01
web-mass-cl-mcal-jose-de-sucre-596,mass,Mass Cl. Mcal. José De Sucre 596,Cl. Mcal. José De Sucre 596,Sullana,Sullana,Piura,200601,-4.892282,-80.688157,exact,web,https://www.tiendasmass.com.pe/ubicame/,verified,Solo en la lista oficial (coordenadas oficiales),2026-10-01
web-mass-cl-seis-180,mass,Mass Cl. Seis 180,Cl. Seis 180,Sullana,Sullana,Piura,200601,-4.895790,-80.682730,exact,web,https://www.tiendasmass.com.pe/ubicame/,verified,Solo en la lista oficial (coordenadas oficiales),2026-10-01
web-mass-trans-tumbes,mass,Mass Trans. Tumbes,Trans. Tumbes (Cruce Con Calle C2),Sullana,Sullana,Piura,200601,-4.901946,-80.689244,exact,web,https://www.tiendasmass.com.pe/ubicame/,verified,Solo en la lista oficial (coordenadas oficiales),2026-10-01
web-mass-urb-sta-rosa-marcelino-champagnat-1300,mass,Mass Urb. Sta. Rosa Marcelino Champagnat 1300,Urb. Sta. Rosa Marcelino Champagnat 1300,Sullana,Sullana,Piura,200601,-4.910936,-80.695731,exact,web,https://www.tiendasmass.com.pe/ubicame/,verified,Solo en la lista oficial (coordenadas oficiales),2026-10-01
web-mass-plaza-de-armas-el-alto,mass,Mass Plaza De Armas El Alto,Plaza De Armas El Alto (A Media Cdra. De La Municipalidad),El Alto,Talara,Piura,200702,-4.268378,-81.220652,exact,web,https://www.tiendasmass.com.pe/ubicame/,verified,"Solo en la lista oficial (coordenadas oficiales); distrito según la lista oficial: Talara - El Alto",2026-10-01
web-mass-cl-mercado-265,mass,Mass Cl. Mercado 265,Cl. Mercado 265 (Cruce Con Cl. Alfonso Ugarte) - La Brea - Negritos - Talara,La Brea,Talara,Piura,200703,-4.653537,-81.303953,exact,web,https://www.tiendasmass.com.pe/ubicame/,verified,Solo en la lista oficial (coordenadas oficiales),2026-10-01
web-mass-av-grau-201,mass,Mass Av. Grau 201,Av. Grau 201,Máncora,Talara,Piura,200706,-4.106656,-81.050390,exact,web,https://www.tiendasmass.com.pe/ubicame/,verified,"Solo en la lista oficial (coordenadas oficiales); distrito según la lista oficial: Talara - Máncora",2026-10-01
osm-n13699135001,mass,Mass Ctra. Panamericana Norte,Ctra. Panamericana Norte (Al Lado De Hotel Central Mancora),Máncora,Talara,Piura,200706,-4.107349,-81.055098,exact,osm,n13699135001,verified,"También en la lista oficial (nombre en OSM: Mass Extra); distrito según la lista oficial: Talara - Máncora",2026-10-01
web-mass-av-a-28,mass,Mass Av. A 28,Av. A 28 (A Una Cdra. De Cl. C3),Pariñas,Talara,Piura,200701,-4.589653,-81.258010,exact,web,https://www.tiendasmass.com.pe/ubicame/,verified,Solo en la lista oficial (coordenadas oficiales),2026-10-01
web-mass-av-bolognesi-99,mass,Mass Av. Bolognesi 99,Av. Bolognesi 99,Pariñas,Talara,Piura,200701,-4.574190,-81.272820,exact,web,https://www.tiendasmass.com.pe/ubicame/,verified,"Solo en la lista oficial (coordenadas oficiales); distrito según la lista oficial: Talara",2026-10-01
web-mass-av-f,mass,Mass Av. F,Av. F (Al Lado Del Campo Ferial Talara),Pariñas,Talara,Piura,200701,-4.586730,-81.269200,exact,web,https://www.tiendasmass.com.pe/ubicame/,verified,"Solo en la lista oficial (coordenadas oficiales); distrito según la lista oficial: Talara - Pariñas",2026-10-01
web-mass-av-fap,mass,Mass Av. Fap,Av. Fap (A Una Cdra. Del Óvalo Talara Alta),Pariñas,Talara,Piura,200701,-4.586893,-81.254329,exact,web,https://www.tiendasmass.com.pe/ubicame/,verified,"Solo en la lista oficial (coordenadas oficiales); distrito según la lista oficial: Talara - Pariñas",2026-10-01
web-mass-av-grau-101,mass,Mass Av. Grau 101,Av. Grau 101,Pariñas,Talara,Piura,200701,-4.578764,-81.274471,exact,web,https://www.tiendasmass.com.pe/ubicame/,verified,"Solo en la lista oficial (coordenadas oficiales); distrito según la lista oficial: Talara - Pariñas",2026-10-01
web-mass-av-mariscal-castilla-d-n-36,mass,Mass Av. Mariscal Castilla “D” N° 36,Av. Mariscal Castilla “D” N° 36 (Cruce Con Av. Héroes Del Cenepa),Pariñas,Talara,Piura,200701,-4.580206,-81.270761,exact,web,https://www.tiendasmass.com.pe/ubicame/,verified,"Solo en la lista oficial (coordenadas oficiales); distrito según la lista oficial: Talara - Pariñas",2026-10-01
web-mass-calle-5-n-75,mass,Mass Calle 5 N° 75,Calle 5 N° 75 (A Media Cdra. Del Mercadillo Talara Alta),Pariñas,Talara,Piura,200701,-4.591545,-81.255815,exact,web,https://www.tiendasmass.com.pe/ubicame/,verified,"Solo en la lista oficial (coordenadas oficiales); distrito según la lista oficial: Talara - Pariñas",2026-10-01
web-mass-av-panamericana-norte-2,mass,Mass Av. Panamericana Norte,Av. Panamericana Norte (Frente A La Peluquería Unisex Diana),Canoas de Punta Sal,Contralmirante Villar,Tumbes,240203,-3.955649,-80.947076,exact,web,https://www.tiendasmass.com.pe/ubicame/,verified,"Solo en la lista oficial (coordenadas oficiales); distrito según la lista oficial: Cancas",2026-10-01
web-mass-calle-atahualpa,mass,Mass Calle Atahualpa,Calle Atahualpa (Frente A Plaza Corrales),Corrales,Tumbes,Tumbes,240102,-3.600671,-80.480638,exact,web,https://www.tiendasmass.com.pe/ubicame/,verified,Solo en la lista oficial (coordenadas oficiales),2026-10-01
web-mass-av-independencia-3,mass,Mass Av. Independencia,Av. Independencia (Cruce Con Aux. Panamericana),La Cruz,Tumbes,Tumbes,240103,-3.638534,-80.594435,exact,web,https://www.tiendasmass.com.pe/ubicame/,verified,Solo en la lista oficial (coordenadas oficiales),2026-10-01
web-mass-a-h-puerto-pizarro,mass,Mass A.H. Puerto Pizarro,A.H. Puerto Pizarro (Frente A La Plazuela De Pto. Pizarro),Tumbes,Tumbes,Tumbes,240101,-3.500408,-80.389564,exact,web,https://www.tiendasmass.com.pe/ubicame/,verified,"Solo en la lista oficial (coordenadas oficiales); distrito según la lista oficial: Puerto Pizarro",2026-10-01
web-mass-av-fernando-belaunde-terry,mass,Mass Av. Fernando Belaúnde Terry,Av. Fernando Belaúnde Terry (Cerca Cl. López Albújar),Tumbes,Tumbes,Tumbes,240101,-3.558508,-80.427400,exact,web,https://www.tiendasmass.com.pe/ubicame/,verified,Solo en la lista oficial (coordenadas oficiales),2026-10-01
web-mass-av-fernando-belaunde-terry-2,mass,Mass Av. Fernando Belaúnde Terry,Av. Fernando Belaúnde Terry (Cerca De Cl. Carlos Alberto Lindao),Tumbes,Tumbes,Tumbes,240101,-3.561760,-80.426407,exact,web,https://www.tiendasmass.com.pe/ubicame/,verified,Solo en la lista oficial (coordenadas oficiales),2026-10-01
web-mass-av-fernando-belaunde-terry-3,mass,Mass Av. Fernando Belaúnde Terry,Av. Fernando Belaúnde Terry (Frente A La Plazuela Miguel Grau),Tumbes,Tumbes,Tumbes,240101,-3.554746,-80.428676,exact,web,https://www.tiendasmass.com.pe/ubicame/,verified,Solo en la lista oficial (coordenadas oficiales),2026-10-01
web-mass-av-mariscal-castilla-799,mass,Mass Av. Mariscal Castilla 799,Av. Mariscal Castilla 799 (Cruce Con Cl. Mayor Novoa),Tumbes,Tumbes,Tumbes,240101,-3.567367,-80.454175,exact,web,https://www.tiendasmass.com.pe/ubicame/,verified,Solo en la lista oficial (coordenadas oficiales),2026-10-01
web-mass-av-piura-1595,mass,Mass Av. Piura 1595,Av. Piura 1595,Tumbes,Tumbes,Tumbes,240101,-3.572494,-80.451802,exact,web,https://www.tiendasmass.com.pe/ubicame/,verified,Solo en la lista oficial (coordenadas oficiales),2026-10-01
web-mass-av-universitaria,mass,Mass Av. Universitaria,Av. Universitaria (A Dos Cdras. De La Universidad Nacional De Tumbes),Tumbes,Tumbes,Tumbes,240101,-3.579249,-80.449437,exact,web,https://www.tiendasmass.com.pe/ubicame/,verified,Solo en la lista oficial (coordenadas oficiales),2026-10-01
web-mass-cl-alfonso-ugarte-37,mass,Mass Cl. Alfonso Ugarte 37,Cl. Alfonso Ugarte 37,Tumbes,Tumbes,Tumbes,240101,-3.571312,-80.456548,exact,web,https://www.tiendasmass.com.pe/ubicame/,verified,Solo en la lista oficial (coordenadas oficiales),2026-10-01
web-mass-cl-arica-385,mass,Mass Cl. Arica 385,Cl. Arica 385 (Cruce Con Av. 24 De Julio),Tumbes,Tumbes,Tumbes,240101,-3.562246,-80.456928,exact,web,https://www.tiendasmass.com.pe/ubicame/,verified,Solo en la lista oficial (coordenadas oficiales),2026-10-01
web-mass-cl-bolognesi-227,mass,Mass Cl. Bolognesi 227,Cl. Bolognesi 227 (A Media Cdra. De La Plz. De Armas De Tumbes),Tumbes,Tumbes,Tumbes,240101,-3.570355,-80.458805,exact,web,https://www.tiendasmass.com.pe/ubicame/,verified,Solo en la lista oficial (coordenadas oficiales),2026-10-01
web-mass-cl-chimaza,mass,Mass Cl. Chimaza,Cl. Chimaza (Cruce Con Cl. Arroyo Mío) - A.H. Las Malvinas,Tumbes,Tumbes,Tumbes,240101,-3.558349,-80.436707,exact,web,https://www.tiendasmass.com.pe/ubicame/,verified,Solo en la lista oficial (coordenadas oficiales),2026-10-01
web-mass-panamericana-nte-cruce-con-prol-manco-inca,mass,Mass Panamericana Nte. Cruce Con Prol. Manco Inca,Panamericana Nte. Cruce Con Prol. Manco Inca (Frente Al Pqe. Nuevo Aguas Verdes),Aguas Verdes,Zarumilla,Tumbes,240302,-3.488288,-80.264530,exact,web,https://www.tiendasmass.com.pe/ubicame/,verified,Solo en la lista oficial (coordenadas oficiales),2026-10-01
web-mass-av-la-marina,mass,Mass Av. La Marina,Av. La Marina (Cruce Con Jr. Huancayo),Zarumilla,Zarumilla,Tumbes,240301,-3.495975,-80.275774,exact,web,https://www.tiendasmass.com.pe/ubicame/,verified,Solo en la lista oficial (coordenadas oficiales),2026-10-01
web-mass-cl-leticia,mass,Mass Cl. Leticia,Cl. Leticia (Frente Al Mcdo. Zarumilla) - Zarumilla - Tumbes,Zarumilla,Zarumilla,Tumbes,240301,-3.502310,-80.272683,exact,web,https://www.tiendasmass.com.pe/ubicame/,verified,Solo en la lista oficial (coordenadas oficiales),2026-10-01
web-mass-cl-tumbes,mass,Mass Cl. Tumbes,Cl. Tumbes (Frente A La Plz. De Armas De Zarumilla),Zarumilla,Zarumilla,Tumbes,240301,-3.500586,-80.275598,exact,web,https://www.tiendasmass.com.pe/ubicame/,verified,Solo en la lista oficial (coordenadas oficiales),2026-10-01
osm-w992366367,preciouno,Precio Uno Pachacútec Ventanilla,"Area Proyecto Mirador mz h sublote 01b, Nuevo Pachacutec",Ventanilla,Callao,Callao,070106,-11.840610,-77.155823,exact,osm,w992366367,verified,"También en la lista oficial; la lista oficial no trae coordenadas; emparejada por ser la única tienda Precio Uno de Ventanilla en la lista oficial y en OSM",2026-10-01
osm-w480859797,preciouno,Precio Uno Chincha,"Calle Leopoldo Carrillo N°264, Chincha Alta, Chincha, Ica.",Chincha Alta,Chincha,Ica,110201,-13.413633,-76.129631,exact,osm,w480859797,verified,"También en la lista oficial; la lista oficial no trae coordenadas; emparejada por el nombre de la sede o de la calle",2026-10-01
osm-w715830987,preciouno,Precio Uno Ica Panamericana,Av. Fernando León de Vivero S/N Lote 2 A-C Urb. San Joaquín Ica,Ica,Ica,Ica,110101,-14.056895,-75.744397,exact,osm,w715830987,verified,"También en la lista oficial (nombre en OSM: Hiperbodega Precio Uno Ica); la lista oficial no trae coordenadas; emparejada por el nombre de la sede o de la calle",2026-10-01
osm-w769818329,preciouno,Precio Uno La Tinguiña,Av. Rio de Janeiro 361,La Tinguiña,Ica,Ica,110102,-14.038428,-75.705067,exact,osm,w769818329,verified,"También en la lista oficial; la lista oficial no trae coordenadas; emparejada por ser la única tienda Precio Uno de La Tinguiña en la lista oficial y en OSM",2026-10-01
osm-w514033662,preciouno,Precio Uno Pisco,"Calle Comercio N°700 Pisco, Pisco",Pisco,Pisco,Ica,110501,-13.716100,-76.204244,exact,osm,w514033662,verified,"También en la lista oficial; la lista oficial no trae coordenadas; emparejada por el nombre de la sede o de la calle",2026-10-01
web-preciouno-la-merced,preciouno,Precio Uno La Merced,Av. Perú 438 -448 La Merced - Chanchamayo,Chanchamayo,Chanchamayo,Junín,120301,-11.069560,-75.336543,approx,web,https://www.hiperbodegapreciouno.com.pe/nosotros/,to_verify,"Geocodificada a partir de la dirección oficial (Nominatim, a nivel de calle: Avenida Perú, La Merced, Chanchamayo)",2026-10-01
osm-w715826252,preciouno,Precio Uno Trujillo Piérola,"Av. Nicolás de Piérola N° 1971, Urb. La Esperancita",Trujillo,Trujillo,La Libertad,130101,-8.086372,-79.043612,exact,osm,w715826252,verified,"También en la lista oficial (nombre en OSM: Hiperbodega Precio Uno Trujillo); la lista oficial no trae coordenadas; emparejada por el nombre de la sede o de la calle",2026-10-01
osm-w715828248,preciouno,Precio Uno Trujillo Unión,"Av. Prolongación Unión 2345 Mz. H lotes 1,2 y 3 Urbanización El Sol de Chacarero",Trujillo,Trujillo,La Libertad,130101,-8.089439,-79.006386,exact,osm,w715828248,verified,"También en la lista oficial; la lista oficial no trae coordenadas; emparejada por el nombre de la sede o de la calle",2026-10-01
osm-w521671709,preciouno,Precio Uno Chiclayo B. Lora,Av. Fernando Belaunde Terry # 685- Chiclayo Urb. La primavera,Chiclayo,Chiclayo,Lambayeque,140101,-6.764315,-79.851529,exact,osm,w521671709,verified,"También en la lista oficial (nombre en OSM: Hiperbodega Precio Uno Belaúnde y Lora); la lista oficial no trae coordenadas; emparejada por el nombre de la sede o de la calle",2026-10-01
osm-w520612500,preciouno,Precio Uno Chiclayo Leguía,Av. Saenz Peña 1771- Chiclayo,Chiclayo,Chiclayo,Lambayeque,140101,-6.763684,-79.835156,exact,osm,w520612500,verified,"También en la lista oficial (nombre en OSM: Hiperbodega Precio Uno Leguía); la lista oficial no trae coordenadas; emparejada por el nombre de la sede o de la calle",2026-10-01
osm-w715834958,preciouno,Precio Uno Ferreñafe,"Augusto B. Leguia 110 - Pueblo Nuevo, Provincia de Ferreñafe",Pueblo Nuevo,Ferreñafe,Lambayeque,140206,-6.640635,-79.794311,exact,osm,w715834958,verified,"También en la lista oficial (nombre en OSM: Hiperbodega Precio Uno Lambayeque); la lista oficial no trae coordenadas; emparejada por ser la única tienda Precio Uno de Pueblo Nuevo en la lista oficial y en OSM",2026-10-01
osm-w715833423,preciouno,Precio Uno Huacho,Av. Panamericana norte 1320 Santa Maria Huaura – Huacho,Santa María,Huaura,Lima,150810,-11.106736,-77.595006,exact,osm,w715833423,verified,"También en la lista oficial; la lista oficial no trae coordenadas; emparejada por el nombre de la sede o de la calle",2026-10-01
web-preciouno-ate-kampu,preciouno,Precio Uno Ate Kampu,"Av. NN-1 N° 102 Av. Daniel Alcides Carrión N° 593, 599 - Fundo La Estrella - Ate",Ate,Lima,Lima,150103,-12.019889,-76.874492,approx,web,https://www.hiperbodegapreciouno.com.pe/nosotros/,to_verify,"Colocada a mano el 2026-10-01 a partir de evidencia verificada (tools/seed/overrides.json, manualPlacements; confianza media): aproximada: Calle 12 n.º 33 (dirección a la que lleva el enlace oficial de Google Maps publicado por Precio Uno) en su cruce con la Av. Daniel Alcides Carrión, frente al Condominio Kampu (calles de OSM); dirección oficial: Av. D. A. Carrión 593-599 / Av. NN-1 102, Fundo La Estrella",2026-10-01
osm-w481046564,preciouno,Precio Uno Huaycán,"Av. Los Incas N° 205, Mz A Lote 7, Ate",Ate,Lima,Lima,150103,-12.006787,-76.830758,exact,osm,w481046564,verified,"También en la lista oficial; la lista oficial no trae coordenadas; emparejada por el nombre de la sede o de la calle",2026-10-01
web-preciouno-carabayllo,preciouno,Precio Uno Carabayllo,"Av. Chillón Trapiche Lote 1, Urb. Tungasuca",Carabayllo,Lima,Lima,150106,-11.889583,-77.043531,approx,web,https://www.peru-retail.com/precio-uno-inaugura-nueva-tienda-en-lima-norte-y-suma-un-total-de-34-locales-a-nivel-nacional/,to_verify,"Geocodificada a partir de la dirección oficial (Nominatim, a nivel de calle: Avenida Chillón Trapiche, Santo Domingo, Carabayllo); reportada por la prensa; no figura en la lista oficial",2026-10-01
osm-w437376817,preciouno,Precio Uno Guardia Civil,"Av. Guardia Civil N° 445 - Urb. La Campiña, Chorrillos",Chorrillos,Lima,Lima,150108,-12.181073,-76.999413,exact,osm,w437376817,verified,"También en la lista oficial (nombre en OSM: Hiperbodega Precio Uno Chorrillos); la lista oficial no trae coordenadas; emparejada por el nombre de la sede o de la calle",2026-10-01
web-preciouno-comas,preciouno,Precio Uno Comas,"Esq. Av. Micaela Bastidas con Av. Manuel Gonzales Prada, Urb. Los Parques de Comas",Comas,Lima,Lima,150110,-11.928225,-77.056967,approx,web,https://www.peru-retail.com/precio-uno-del-grupo-falabella-abre-nueva-tienda-en-lima-norte-y-ya-suma-33-en-todo-el-pais/,to_verify,"Ubicada a mano (tools/seed/overrides.json): cruce de Av. Micaela Bastidas y Av. Manuel González Prada en Comas según la geometría de calles de OSM (el único cruce de ambas avenidas; son vías de doble calzada: centro de los cuatro puntos de cruce); reportada por la prensa; no figura en la lista oficial",2026-10-01
web-preciouno-el-agustino,preciouno,Precio Uno El Agustino,Av. Nicolás Ayllon N° 549 - Av. Jose de la Rivaguero N° 037 - El Agustino,El Agustino,Lima,Lima,150111,-12.059091,-77.007089,approx,web,https://www.hiperbodegapreciouno.com.pe/nosotros/,to_verify,"Ubicada a mano (tools/seed/overrides.json): esquina de Av. Nicolás Ayllón y Av. José de la Riva Agüero según la geometría de calles de OSM (intersección -12.059417,-77.007787, vías 280881724 × 134895477), que los polígonos distritales del proyecto dejan 72 m fuera de El Agustino; se ubicó 84 m al noreste, ya dentro de El Agustino, porque la dirección oficial dice El Agustino",2026-10-01
osm-w563946139,preciouno,Precio Uno Barrios Altos,"Jr. Huánuco 925, Lima",Lima,Lima,Lima,150101,-12.054601,-77.018164,exact,osm,w563946139,verified,"También en la lista oficial; la lista oficial no trae coordenadas; emparejada por el nombre de la sede o de la calle",2026-10-01
osm-w715824116,preciouno,Precio Uno Nicolás Dueñas,Av. Nicolas Dueñas 475 - Lima,Lima,Lima,Lima,150101,-12.039655,-77.065176,exact,osm,w715824116,verified,"También en la lista oficial (nombre en OSM: Hiperbodega Precio Uno Dueñas); la lista oficial no trae coordenadas; emparejada por el nombre de la sede o de la calle",2026-10-01
web-preciouno-lurin,preciouno,Precio Uno Lurín,U.C. N° 10579 - 10714 Sub Lote 17 Sección B Fundo San Vicente - Lurín,Lurín,Lima,Lima,150119,-12.275475,-76.871495,exact,web,https://www.hiperbodegapreciouno.com.pe/nosotros/,verified,"Colocada a mano el 2026-10-01 a partir de evidencia verificada (tools/seed/overrides.json, manualPlacements; confianza alta): ubicación según el enlace oficial de Google Maps publicado por Precio Uno (coordenadas del lugar en la URL de redirección), sobre la Antigua Panamericana Sur, Lurín",2026-10-01
web-preciouno-panamericana-urbana,preciouno,Precio Uno Panamericana Urbana,Av. Republica de Croacia 505-511 Zapallal,Puente Piedra,Lima,Lima,150125,-11.840481,-77.105996,exact,web,https://www.hiperbodegapreciouno.com.pe/nosotros/,verified,Solo en la lista oficial (coordenadas oficiales),2026-10-01
osm-w436901439,preciouno,Precio Uno Puente Piedra,Av. Leoncio Prado 1916 - Zapallal,Puente Piedra,Lima,Lima,150125,-11.831663,-77.114241,exact,osm,w436901439,verified,"También en la lista oficial (nombre en OSM: Hiperbodega Precio Uno Zapallal); la lista oficial no trae coordenadas; emparejada por el nombre de la sede o de la calle",2026-10-01
web-preciouno-proceres,preciouno,Precio Uno Próceres,"Av. Próceres de la Independencia 5540 - 5570 LT. 20, 21, 22, 23 - San Juan de Lurigancho",San Juan de Lurigancho,Lima,Lima,150132,-11.944720,-76.982860,approx,web,https://www.hiperbodegapreciouno.com.pe/nosotros/,to_verify,"Colocada a mano el 2026-10-01 a partir de evidencia verificada (tools/seed/overrides.json, manualPlacements; confianza media): aproximada (error posible de 200 m o más): Av. Fernando Wiesse, continuación de Próceres con la misma numeración; cuadra 55 extrapolada desde la cuadra 44 (OSM) y la cuadra 49 (Tambo Próceres C49, coordenadas oficiales). Coincide con la Mz. P15 del enlace oficial de Google Maps: el Grupo Residencial P (Dollarcity Mariátegui, a 25 m) da a la avenida en ese tramo",2026-10-01
web-preciouno-tantamayo,preciouno,Precio Uno Tantamayo,"Av. Tantamayo, Cercado de Lima 15113",San Martín de Porres,Lima,Lima,150135,-11.965551,-77.091279,approx,web,https://www.hiperbodegapreciouno.com.pe/nosotros/,to_verify,"Geocodificada a partir de la dirección oficial (Nominatim, a nivel de calle: Avenida Tantamayo, Urbanización Vipol de Naranjal, Naranjal); la fuente no indica el distrito; la calle existe en un solo distrito",2026-10-01
web-preciouno-mariategui,preciouno,Precio Uno Mariátegui,Av. Jose Carlos Mariátegui 2524 - San Gabriel Alto - Villa Maria del Triunfo,Villa María del Triunfo,Lima,Lima,150143,-12.141725,-76.947463,approx,web,https://www.hiperbodegapreciouno.com.pe/nosotros/,to_verify,"Control de numeración: el punto de calle que dio Nominatim (Avenida José Carlos Mariátegui, Villa Poeta José Galvéz Barrenechea, Villa María del Triunfo) quedaba a 10.0 km del n.º 2524; posición interpolada entre el n.º 2104 (OSM n5105618576) y el n.º 3119 (OSM w447333370) de la misma calle",2026-10-01
osm-w966867144,preciouno,Precio Uno Iquitos El Ejército,Av Alfonso Ugarte 1359 MZ 11Lt 30,Iquitos,Maynas,Loreto,160101,-3.754421,-73.260120,exact,osm,w966867144,verified,"También en la lista oficial; la lista oficial no trae coordenadas; emparejada por el nombre de la sede o de la calle",2026-10-01
web-preciouno-iquitos-la-marina,preciouno,Precio Uno Iquitos La Marina,"Avenida La marina 451,455, 457",Iquitos,Maynas,Loreto,160101,-3.737306,-73.241123,exact,web,https://www.hiperbodegapreciouno.com.pe/nosotros/,verified,"Colocada a mano el 2026-10-01 a partir de evidencia verificada (tools/seed/overrides.json, manualPlacements; confianza alta): nodo OSM n9905811018 (Hiperbodega Precio Uno; solo tiene name:en, por eso el escaneo no lo tomó), a 13 m de la Av. La Marina; coincide con la dirección oficial (Av. La Marina 451-457) y con la del enlace oficial de Google Maps (Av. La Marina 405, Iquitos)",2026-10-01
osm-w715829345,preciouno,Precio Uno Chulucanas,"Av. Ramón Castilla N°1480. SECTOR I – Chulucanas, Provincia Morropón",Chulucanas,Morropón,Piura,200401,-5.101251,-80.167820,exact,osm,w715829345,verified,"También en la lista oficial; la lista oficial no trae coordenadas; emparejada por el nombre de la sede o de la calle",2026-10-01
osm-w900605322,preciouno,Precio Uno Piura Grau,"Av Grau 4860, distrito 26 de octubre. Piura",Veintiséis de Octubre,Piura,Piura,200115,-5.180206,-80.677433,exact,osm,w900605322,verified,"También en la lista oficial; la lista oficial no trae coordenadas; emparejada por ser la única tienda Precio Uno de Veintiséis de Octubre en la lista oficial y en OSM",2026-10-01
osm-w715832947,preciouno,Precio Uno Sullana,Calle Jorge Chávez 131 – AAHH Santa Teresita - Sullana,Sullana,Sullana,Piura,200601,-4.897876,-80.681054,exact,osm,w715832947,verified,"También en la lista oficial; la lista oficial no trae coordenadas; emparejada por el nombre de la sede o de la calle",2026-10-01
osm-w600963642,preciouno,Precio Uno Moyobamba,Jr. Manuel del Aguila 837 Moyobamba,Moyobamba,Moyobamba,San Martín,220101,-6.035943,-76.973574,exact,osm,w600963642,verified,"También en la lista oficial; la lista oficial no trae coordenadas; emparejada por el nombre de la sede o de la calle",2026-10-01
osm-n7969076885,preciouno,Precio Uno Tarapoto,Jr. Jimenez pimentel 1043 - Tarapoto,Tarapoto,San Martín,San Martín,220901,-6.494653,-76.366386,exact,osm,n7969076885,verified,"También en la lista oficial; la lista oficial no trae coordenadas; emparejada por ser la única tienda Precio Uno de Tarapoto en la lista oficial y en OSM",2026-10-01
osm-w1337616897,preciouno,Precio Uno Pucallpa,Av Salvador Allende 404. Coronel portillo.. Pucallpa,Callería,Coronel Portillo,Ucayali,250101,-8.380807,-74.549025,exact,osm,w1337616897,verified,"También en la lista oficial; la lista oficial no trae coordenadas; emparejada por el nombre de la sede o de la calle",2026-10-01
osm-n6262359890,maxiahorro,Maxiahorro Ica,Calle Callao 244,Ica,Ica,Ica,110101,-14.061908,-75.729135,exact,osm,n6262359890,verified,También en la lista oficial,2026-10-01
osm-n4172178398,maxiahorro,Maxiahorro Pisco,Jirón Libertad 147,Pisco,Pisco,Ica,110501,-13.712048,-76.204135,exact,osm,n4172178398,closed,"No figura en la lista oficial — posible cierre; elemento OSM v3, última edición el 2023-10-20; el local ahora lo ocupa Dollarcity ""Dollarcity Libertad"" (lista oficial, a 4 m, mismo número) y no figura en la lista oficial completa de Maxiahorro: cerrada",2026-10-01
osm-n6725561646,maxiahorro,Maxiahorro Barranca,Jr. Alfonso Ugarte 245,Barranca,Barranca,Lima,150201,-10.751990,-77.759288,exact,osm,n6725561646,verified,También en la lista oficial,2026-10-01
osm-n6725588820,maxiahorro,Maxiahorro Huacho,Av. Mercedes Indacochea 451,Huacho,Huaura,Lima,150801,-11.119773,-77.610306,exact,osm,n6725588820,verified,También en la lista oficial,2026-10-01
osm-n6725518670,maxiahorro,Maxiahorro Chorrillos,"Avenida Defensores del Morro (Ex-Huaylas), Cuadra 12, Chorrillos.",Chorrillos,Lima,Lima,150108,-12.174841,-77.018373,exact,osm,n6725518670,to_verify,"No figura en la lista oficial — posible cierre; elemento OSM v2, última edición el 2023-10-27",2026-10-01
osm-n6725516861,maxiahorro,Maxiahorro La Victoria (Manco Capac),Av. Manco Cápac cdra. 5,La Victoria,Lima,Lima,150115,-12.067013,-77.029292,exact,osm,n6725516861,verified,También en la lista oficial (nombre en OSM: MaxiAhorro Manco Cápac),2026-10-01
osm-n6725584581,maxiahorro,Maxiahorro México,Pasaje Las Collas 666,La Victoria,Lima,Lima,150115,-12.066469,-77.005438,exact,osm,n6725584581,to_verify,"No figura en la lista oficial — posible cierre; elemento OSM v2, última edición el 2023-11-07",2026-10-01
osm-n6725538225,maxiahorro,Maxiahorro Lince (Iquitos),Prolongación Iquitos 1850,Lince,Lima,Lima,150116,-12.082156,-77.028508,exact,osm,n6725538225,verified,También en la lista oficial (nombre en OSM: MaxiAhorro Lince),2026-10-01
osm-n6725544657,maxiahorro,Maxiahorro Rimac,Prolongación Tacna 115,Rímac,Lima,Lima,150128,-12.039656,-77.032609,exact,osm,n6725544657,verified,También en la lista oficial,2026-10-01
osm-n6725566998,maxiahorro,Maxiahorro Canto Grande,Avenida Canto Grande 268,San Juan de Lurigancho,Lima,Lima,150132,-11.978625,-77.010797,exact,osm,n6725566998,closed,"No figura en la lista oficial — posible cierre; elemento OSM v3, última edición el 2023-11-04; el local ahora lo ocupa Dollarcity ""Dollarcity Alameda Plaza"" (lista oficial, a 23 m, mismo número) y no figura en la lista oficial completa de Maxiahorro: cerrada",2026-10-01
osm-n6725585409,maxiahorro,Maxiahorro SMP (Gran Caqueta),Av. 10 de Junio Mz. 20 C.C. Gran Caquetá,San Martín de Porres,Lima,Lima,150135,-12.030744,-77.049957,exact,osm,n6725585409,verified,También en la lista oficial (nombre en OSM: MaxiAhorro Gran Caquetá),2026-10-01
osm-n11632363259,maxiahorro,Maxiahorro Chulucanas,Jr. Puno cruce con Jr. Libertad - Chulucanas - Piura,Chulucanas,Morropón,Piura,200401,-5.097269,-80.160024,exact,osm,n11632363259,verified,También en la lista oficial,2026-10-01
osm-n6725704177,maxiahorro,Maxiahorro Paita,Jr. Junín 221,Paita,Paita,Piura,200501,-5.085584,-81.112786,exact,osm,n6725704177,verified,También en la lista oficial,2026-10-01
osm-w1294602897,maxiahorro,Maxiahorro Piura (Aviación),Intersección de Av. Progreso con Av. Jorge Chavez,Castilla,Piura,Piura,200104,-5.211305,-80.621792,exact,osm,w1294602897,verified,También en la lista oficial,2026-10-01
web-maxiahorro-piura-country-club,maxiahorro,Maxiahorro Piura (Country Club),Av. Alameda de los Ficus Mz AX Lote 12 Country Club – Castilla,Castilla,Piura,Piura,200104,-5.176212,-80.610726,exact,web,https://maxiahorro.com.pe/tiendas/,verified,Solo en la lista oficial (coordenadas oficiales),2026-10-01
osm-n11425904711,maxiahorro,Maxiahorro Piura (Guardia Civil),"Vivienda MZ. J, lote 1-2, Urb. 15 de Setiembre, Castilla, Piura",Castilla,Piura,Piura,200104,-5.192239,-80.609254,exact,osm,n11425904711,verified,También en la lista oficial,2026-10-01
web-maxiahorro-piura-independencia,maxiahorro,Maxiahorro Piura (Independencia),"Mz. C Sub Lote (12,13,14) B Urb. Miraflores II Etapa Castilla - PIURA",Castilla,Piura,Piura,200104,-5.188069,-80.620298,exact,web,https://maxiahorro.com.pe/tiendas/,verified,Solo en la lista oficial (coordenadas oficiales),2026-10-01
osm-n6725668866,maxiahorro,Maxiahorro Piura (Miraflores),Av. Cayetano Heredia 339,Castilla,Piura,Piura,200104,-5.194021,-80.620579,exact,osm,n6725668866,verified,También en la lista oficial (nombre en OSM: MaxiAhorro Cayetano Heredia),2026-10-01
osm-n14011006829,maxiahorro,Maxiahorro Piura (Progreso),"Av. Progreso 3055, Urb. Predio Simbila Catacaos - Piura",Castilla,Piura,Piura,200104,-5.229121,-80.632217,exact,osm,n14011006829,verified,También en la lista oficial,2026-10-01
web-maxiahorro-piura-san-bernardo,maxiahorro,Maxiahorro Piura (San Bernardo),"MZ K SUB-LOTE OU-A1, CASTILLA, PIURA",Castilla,Piura,Piura,200104,-5.222511,-80.625428,exact,web,https://maxiahorro.com.pe/tiendas/,verified,Solo en la lista oficial (coordenadas oficiales),2026-10-01
osm-n12464196552,maxiahorro,Maxiahorro Piura (Tacna),Av. Tacna N°100 Castilla,Castilla,Piura,Piura,200104,-5.197619,-80.623474,exact,osm,n12464196552,verified,También en la lista oficial,2026-10-01
web-maxiahorro-piura-la-union,maxiahorro,Maxiahorro Piura (La Unión),Av. Lima 311 - Distrito de La Unión - Piura,La Unión,Piura,Piura,200110,-5.404945,-80.743386,exact,web,https://maxiahorro.com.pe/tiendas/,verified,Solo en la lista oficial (coordenadas oficiales),2026-10-01
web-maxiahorro-piura-arequipa,maxiahorro,Maxiahorro Piura (Arequipa),Jr. Arequipa N° 898 Cruce Con Calle Ayacucho,Piura,Piura,Piura,200101,-5.197253,-80.627877,exact,web,https://maxiahorro.com.pe/tiendas/,verified,Solo en la lista oficial (coordenadas oficiales),2026-10-01
osm-n6725689693,maxiahorro,Maxiahorro Piura (Don Vitto),Av. Arequipa 631,Piura,Piura,Piura,200101,-5.195178,-80.627234,exact,osm,n6725689693,verified,También en la lista oficial (nombre en OSM: MaxiAhorro Arequipa),2026-10-01
osm-n13115128901,maxiahorro,Maxiahorro Piura (Grau),Av. Sánchez Cerro 1168 - Piura,Piura,Piura,Piura,200101,-5.190621,-80.631615,exact,osm,n13115128901,verified,También en la lista oficial,2026-10-01
osm-n11536074599,maxiahorro,Maxiahorro Piura (Gullman),Av. Grau 1348,Piura,Piura,Piura,200101,-5.193350,-80.638270,exact,osm,n11536074599,verified,También en la lista oficial,2026-10-01
web-maxiahorro-piura-kennedy,maxiahorro,Maxiahorro Piura (Kennedy),Av. John F. Kennedy cruce con Calle Victor Andrés Belaúnde - Urbanización Piura,Piura,Piura,Piura,200101,-5.192001,-80.651307,exact,web,https://maxiahorro.com.pe/tiendas/,verified,Solo en la lista oficial (coordenadas oficiales),2026-10-01
web-maxiahorro-piura-los-algarrobos,maxiahorro,Maxiahorro Piura (Los Algarrobos),"Mz. E, Lote 39 y 40, Urbanización CORPIURA",Piura,Piura,Piura,200101,-5.169043,-80.654307,exact,web,https://maxiahorro.com.pe/tiendas/,verified,Solo en la lista oficial (coordenadas oficiales),2026-10-01
osm-n6725676057,maxiahorro,Maxiahorro Piura (Sanchez Cerro),Av. Sanchez Cerro 501,Piura,Piura,Piura,200101,-5.193169,-80.626562,exact,osm,n6725676057,verified,También en la lista oficial (nombre en OSM: MaxiAhorro Sánchez Cerro),2026-10-01
osm-n6725667125,maxiahorro,Maxiahorro Piura (Santa Isabel),Av. El Parque 100,Piura,Piura,Piura,200101,-5.184481,-80.631220,exact,osm,n6725667125,verified,También en la lista oficial (nombre en OSM: Maxiahorro Santa Isabel),2026-10-01
web-maxiahorro-piura-santiesteban,maxiahorro,Maxiahorro Piura (Santiesteban),"Mz. A Lote 01-02, Urb. Los Jardines II Etapa",Piura,Piura,Piura,200101,-5.170913,-80.645946,exact,web,https://maxiahorro.com.pe/tiendas/,verified,Solo en la lista oficial (coordenadas oficiales),2026-10-01
web-maxiahorro-piura-principal,maxiahorro,Maxiahorro Piura (Principal),Av. Principal cruce con Av. Dos Pistas Este Urb. Santa Margarita,Veintiséis de Octubre,Piura,Piura,200115,-5.165358,-80.663830,exact,web,https://maxiahorro.com.pe/tiendas/,verified,Solo en la lista oficial (coordenadas oficiales),2026-10-01
web-maxiahorro-piura-vallejo,maxiahorro,Maxiahorro Piura (Vallejo),Sub. Lote 2-B Urb. Verónica Veintiseis de Octubre,Veintiséis de Octubre,Piura,Piura,200115,-5.173571,-80.660295,exact,web,https://maxiahorro.com.pe/tiendas/,verified,Solo en la lista oficial (coordenadas oficiales),2026-10-01
web-maxiahorro-sechura,maxiahorro,Maxiahorro Sechura,Jr. San Martín N° 404 - Sechura,Sechura,Sechura,Piura,200801,-5.556422,-80.822623,exact,web,https://maxiahorro.com.pe/tiendas/,verified,Solo en la lista oficial (coordenadas oficiales),2026-10-01
osm-n6725642249,maxiahorro,Maxiahorro Sullana,Calle San Martín 850,Sullana,Sullana,Piura,200601,-4.891492,-80.688310,exact,osm,n6725642249,verified,También en la lista oficial,2026-10-01
web-maxiahorro-sullana-jose-de-lama,maxiahorro,Maxiahorro Sullana (Jose de Lama),Av. José de Lama 355,Sullana,Sullana,Piura,200601,-4.894993,-80.686897,exact,web,https://maxiahorro.com.pe/tiendas/,verified,Solo en la lista oficial (coordenadas oficiales),2026-10-01
web-dollarcity-28-de-julio,dollarcity,Dollarcity 28 de Julio,"Urbanización Huarupampa Zona H, MZ 32, Lote 1, Lote 2 y Lote 12",Huaraz,Huaraz,Áncash,020101,-9.529096,-77.530776,approx,web,https://dollarcity.com/ubicaciones,to_verify,"Geocodificada a partir de la dirección oficial (Nominatim, a nivel de barrio: Urbanización Huarupampa, Huaraz, Áncash); las coordenadas oficiales caen a 20.8 km del distrito indicado (Huaraz); coordenadas oficiales (-9.596356, -77.836728) descartadas: caen en Pampas Grande, a 34 km al oeste de Huaraz, mientras que la dirección es Urb. Huarupampa y la localidad del buscador oficial es Huaraz",2026-10-01
web-dollarcity-centenario-huaraz,dollarcity,Dollarcity Centenario Huaraz,"Distrito de Independencia, Av. Centenario No. 1684",Independencia,Huaraz,Áncash,020105,-9.518776,-77.529799,exact,web,https://dollarcity.com/ubicaciones,verified,"Solo en la lista oficial (coordenadas oficiales); distrito según la lista oficial: Huaraz",2026-10-01
web-dollarcity-pardo-chimbote,dollarcity,Dollarcity Pardo - Chimbote,"Av. Víctor Raúl Haya De la Torre N. 887, Jr. Tumbes 326, Mz I, Lote 01, Zona Centro Cívico Comercial",Chimbote,Santa,Áncash,021801,-9.097221,-78.561286,exact,web,https://dollarcity.com/ubicaciones,verified,Solo en la lista oficial (coordenadas oficiales),2026-10-01
web-dollarcity-mariscal-castilla,dollarcity,Dollarcity Mariscal Castilla,"Av. Mariscal Castilla No. 320, Zona Cercado de Arequipa",Arequipa,Arequipa,Arequipa,040101,-16.400693,-71.519956,exact,web,https://dollarcity.com/ubicaciones,verified,Solo en la lista oficial (coordenadas oficiales),2026-10-01
web-dollarcity-parque-lambramani,dollarcity,Dollarcity Parque Lambramani,"Avenida Lambramani #325, Centro Comercial Parque Lambramani, local STM 01",Arequipa,Arequipa,Arequipa,040101,-16.410559,-71.520402,exact,web,https://dollarcity.com/ubicaciones,verified,Solo en la lista oficial (coordenadas oficiales),2026-10-01
osm-n11507430369,dollarcity,Dollarcity Puente Bolognesi,Calle Puente Bolognesi No. 120,Arequipa,Arequipa,Arequipa,040101,-16.398904,-71.538408,exact,osm,n11507430369,verified,También en la lista oficial,2026-10-01
web-dollarcity-mallplaza-cayma,dollarcity,Dollarcity Mallplaza Cayma,"Avenida Ejercito #793, Mall Plaza Cayma local T1-3100 y A-3044",Cayma,Arequipa,Arequipa,040103,-16.390373,-71.546567,exact,web,https://dollarcity.com/ubicaciones,verified,Solo en la lista oficial (coordenadas oficiales),2026-10-01
web-dollarcity-arequipa-center,dollarcity,Dollarcity Arequipa Center,"Avenida Aviación #602, Centro Comercial Arequipa Center, local 1076",Cerro Colorado,Arequipa,Arequipa,040104,-16.375133,-71.557144,exact,web,https://dollarcity.com/ubicaciones,verified,"Solo en la lista oficial (coordenadas oficiales); distrito según la lista oficial: Arequipa",2026-10-01
web-dollarcity-cc-arequipa-norte,dollarcity,Dollarcity CC Arequipa Norte,"km 9 Carr. Yura, Centro Comercial Arequipa Norte, Local SD-08",Cerro Colorado,Arequipa,Arequipa,040104,-16.342175,-71.583804,exact,web,https://dollarcity.com/ubicaciones,verified,Solo en la lista oficial (coordenadas oficiales),2026-10-01
web-dollarcity-paseo-central,dollarcity,Dollarcity Paseo Central,"Av. Arturo Ibáñez No. 105, Centro Comercial Paseo Central, Local T-202 A",Jacobo Hunter,Arequipa,Arequipa,040107,-16.424238,-71.546429,exact,web,https://dollarcity.com/ubicaciones,verified,"Solo en la lista oficial (coordenadas oficiales); distrito según la lista oficial: Arequipa",2026-10-01
web-dollarcity-mall-aventura-porongoche,dollarcity,Dollarcity Mall Aventura Porongoche,"Avenida Porongoche #500, Mall Aventura Arequipa, local I-8,",Paucarpata,Arequipa,Arequipa,040112,-16.417343,-71.513776,exact,web,https://dollarcity.com/ubicaciones,verified,Solo en la lista oficial (coordenadas oficiales),2026-10-01
web-dollarcity-amalia-puga,dollarcity,Dollarcity Amalia Puga,"Jr.Ayacucho, 635",Cajamarca,Cajamarca,Cajamarca,060101,-7.159947,-78.513459,exact,web,https://dollarcity.com/ubicaciones,verified,Solo en la lista oficial (coordenadas oficiales),2026-10-01
web-dollarcity-evitamiento,dollarcity,Dollarcity Evitamiento,"Av. Vía Evitamiento Norte, Jr. Daniel a. Carrión s/n, lote 20",Cajamarca,Cajamarca,Cajamarca,060101,-7.145310,-78.515650,exact,web,https://dollarcity.com/ubicaciones,verified,Solo en la lista oficial (coordenadas oficiales),2026-10-01
web-dollarcity-evitamiento-sur-cajamarca,dollarcity,Dollarcity Evitamiento Sur - Cajamarca,"Sub Lote D Av. Vía de Evitamiento S/N, Sector Huacariz",Cajamarca,Cajamarca,Cajamarca,060101,-7.174844,-78.487557,exact,web,https://dollarcity.com/ubicaciones,verified,Solo en la lista oficial (coordenadas oficiales),2026-10-01
web-dollarcity-megaplaza-cajamarca,dollarcity,Dollarcity Megaplaza Cajamarca,"Av. Rafael Hoyos Rubio N 479 y Jr. Sor Manuel Gul N 151, Barrio de Pueblo Nuevo, Centro Comercial MegaPlaza Cajamarca, Local N R03, R04, R05, R06, LC217",Cajamarca,Cajamarca,Cajamarca,060101,-7.148536,-78.505105,exact,web,https://dollarcity.com/ubicaciones,verified,Solo en la lista oficial (coordenadas oficiales),2026-10-01
web-dollarcity-open-plaza-cajamarca,dollarcity,Dollarcity Open Plaza Cajamarca,"Av. Evitamiento Norte S/N, Lote 1",Cajamarca,Cajamarca,Cajamarca,060101,-7.151390,-78.505350,exact,web,https://dollarcity.com/ubicaciones,verified,"Solo en la lista oficial (coordenadas oficiales); distrito según la lista oficial: San Antonio",2026-10-01
web-dollarcity-mall-plaza-bellavista,dollarcity,Dollarcity Mall Plaza Bellavista,"Av. Oscar R. Benavides 3866, Mall Plaza Bellavista local TI-08 Pbell",Bellavista,Callao,Callao,070102,-12.055617,-77.101994,exact,web,https://dollarcity.com/ubicaciones,verified,"Solo en la lista oficial (coordenadas oficiales); distrito según la lista oficial: Callao",2026-10-01
web-dollarcity-arequipa-norte,dollarcity,Dollarcity Arequipa Norte,"Calle Arequipa Norte Oficina Nro.123, Provincia Constitucional del Callao",Callao,Callao,Callao,070101,-12.056950,-77.136122,exact,web,https://dollarcity.com/ubicaciones,verified,Solo en la lista oficial (coordenadas oficiales),2026-10-01
osm-n12456012879,dollarcity,Dollarcity Faucett Parcela B,20 Av. Elmer Faucett,Callao,Callao,Callao,070101,-12.048852,-77.098670,exact,osm,n12456012879,verified,También en la lista oficial,2026-10-01
web-dollarcity-minka,dollarcity,Dollarcity Minka,"Avenida Argentina #3093, Centro Comerical Minka, local P09-C03-113-114",Callao,Callao,Callao,070101,-12.047919,-77.111513,exact,web,https://dollarcity.com/ubicaciones,verified,Solo en la lista oficial (coordenadas oficiales),2026-10-01
web-dollarcity-santa-rosa-callao,dollarcity,Dollarcity Santa Rosa Callao,"Distrito de La Perla, Av. Santa Rosa N 690 y Atahualpa N 1263",Callao,Callao,Callao,070101,-12.050532,-77.114970,exact,web,https://dollarcity.com/ubicaciones,verified,Solo en la lista oficial (coordenadas oficiales),2026-10-01
web-dollarcity-monte-azul,dollarcity,Dollarcity Monte Azul,"KM 8 de la Avenida Carretera Callao – Ventanilla, Parcela A",Ventanilla,Callao,Callao,070106,-11.902967,-77.128793,exact,web,https://dollarcity.com/ubicaciones,verified,"Solo en la lista oficial (coordenadas oficiales); distrito según la lista oficial: Callao",2026-10-01
web-dollarcity-real-plaza-cusco,dollarcity,Dollarcity Real Plaza Cusco,"Av. Collasuyo No. 2964, Centro Comerial Real Plaza Cuzco, Local TI-09",Cusco,Cusco,Cusco,080101,-13.523943,-71.950472,exact,web,https://dollarcity.com/ubicaciones,verified,Solo en la lista oficial (coordenadas oficiales),2026-10-01
web-dollarcity-la-cultura,dollarcity,Dollarcity La Cultura,"Prolongación de la avenida La Cultura, Sector de Cochapampa, Lote de Terreno No. 2841",San Jerónimo,Cusco,Cusco,080104,-13.545305,-71.890833,exact,web,https://dollarcity.com/ubicaciones,verified,Solo en la lista oficial (coordenadas oficiales),2026-10-01
web-dollarcity-colectora-huanuco,dollarcity,Dollarcity Colectora Huánuco,"Urbanización Santa Elena, distrito de Amarilis, Mz. A, Lotes 23, 24, 25, 26 y 27",Amarilis,Huánuco,Huánuco,100102,-9.922292,-76.227995,exact,web,https://dollarcity.com/ubicaciones,verified,"Solo en la lista oficial (coordenadas oficiales); distrito según la lista oficial: Huánuco",2026-10-01
web-dollarcity-dos-de-mayo,dollarcity,Dollarcity Dos de Mayo,Jirón Dos de Mayo No. 347-349-355,Huánuco,Huánuco,Huánuco,100101,-9.936706,-76.245332,exact,web,https://dollarcity.com/ubicaciones,verified,Solo en la lista oficial (coordenadas oficiales),2026-10-01
web-dollarcity-general-prado-huanuco,dollarcity,Dollarcity General Prado Huánuco,"Jirón General Prado N 839 – 841, Sub Lote 1",Huánuco,Huánuco,Huánuco,100101,-9.930372,-76.239163,exact,web,https://dollarcity.com/ubicaciones,verified,Solo en la lista oficial (coordenadas oficiales),2026-10-01
web-dollarcity-megaplaza-chincha,dollarcity,Dollarcity Megaplaza Chincha,Prolongación Mariscal Benavides Nro. 1224,Grocio Prado,Chincha,Ica,110206,-13.413555,-76.148369,exact,web,https://dollarcity.com/ubicaciones,verified,"Solo en la lista oficial (coordenadas oficiales); distrito según la lista oficial: Chincha",2026-10-01
web-dollarcity-angostura-ica,dollarcity,Dollarcity Angostura Ica,Urbanización La Angostura Mz E Lote 27-28B,Ica,Ica,Ica,110101,-14.047098,-75.750958,exact,web,https://dollarcity.com/ubicaciones,verified,Solo en la lista oficial (coordenadas oficiales),2026-10-01
web-dollarcity-el-quinde-ica,dollarcity,Dollarcity El Quinde Ica,"Av. Los Maestros No. 206 del Fundo San José, El Quinde Shopping Plaza",Ica,Ica,Ica,110101,-14.074399,-75.739693,exact,web,https://dollarcity.com/ubicaciones,verified,Solo en la lista oficial (coordenadas oficiales),2026-10-01
web-dollarcity-plaza-del-sol-ica,dollarcity,Dollarcity Plaza del Sol Ica,"Avenida San Martín #727-763, Centro Comercial Plaza del Sol Ica",Ica,Ica,Ica,110101,-14.070509,-75.728439,exact,web,https://dollarcity.com/ubicaciones,verified,Solo en la lista oficial (coordenadas oficiales),2026-10-01
web-dollarcity-libertad,dollarcity,Dollarcity Libertad,Calle Libertad No. 147,Pisco,Pisco,Ica,110501,-13.712085,-76.204119,exact,web,https://dollarcity.com/ubicaciones,verified,Solo en la lista oficial (coordenadas oficiales),2026-10-01
web-dollarcity-megaplaza-pisco,dollarcity,Dollarcity Megaplaza Pisco,"sitIo en Avenida Las Americas con Avenida Fermín Tangüis, MegaPlaza Pisco",Pisco,Pisco,Ica,110501,-13.711801,-76.195236,exact,web,https://dollarcity.com/ubicaciones,verified,"Solo en la lista oficial (coordenadas oficiales); distrito según la lista oficial: Ica",2026-10-01
web-dollarcity-mariategui-huancayo,dollarcity,Dollarcity Mariátegui Huancayo,"Av. José Carlos Mariátegui esquina con Jr. Tacna, distrito de El Tambo",El Tambo,Huancayo,Junín,120114,-12.063161,-75.220024,exact,web,https://dollarcity.com/ubicaciones,verified,"Solo en la lista oficial (coordenadas oficiales); distrito según la lista oficial: Huancayo",2026-10-01
web-dollarcity-arequipa-huancayo,dollarcity,Dollarcity Arequipa-Huancayo,"Jirón Arequipa No. 449, 451 y 453",Huancayo,Huancayo,Junín,120101,-12.068827,-75.211445,exact,web,https://dollarcity.com/ubicaciones,verified,Solo en la lista oficial (coordenadas oficiales),2026-10-01
web-dollarcity-open-plaza-huancayo,dollarcity,Dollarcity Open Plaza Huancayo,"Av. Ferrocarril Nro. 146, Centro Comercial Open Plaza Huancayo",Huancayo,Huancayo,Junín,120101,-12.062204,-75.209340,exact,web,https://dollarcity.com/ubicaciones,verified,Solo en la lista oficial (coordenadas oficiales),2026-10-01
web-dollarcity-america-del-sur,dollarcity,Dollarcity América del Sur,Av. América del Sur 403-407,Trujillo,Trujillo,La Libertad,130101,-8.102830,-79.010878,exact,web,https://dollarcity.com/ubicaciones,verified,Solo en la lista oficial (coordenadas oficiales),2026-10-01
web-dollarcity-america-norte,dollarcity,Dollarcity América Norte,Av. América del Norte No. 2408,Trujillo,Trujillo,La Libertad,130101,-8.104016,-79.033797,exact,web,https://dollarcity.com/ubicaciones,verified,Solo en la lista oficial (coordenadas oficiales),2026-10-01
web-dollarcity-larco,dollarcity,Dollarcity Larco,"Avenida Víctor Larco Herrera No. 394, Urbanización San Andrés",Trujillo,Trujillo,La Libertad,130101,-8.118364,-79.033767,exact,web,https://dollarcity.com/ubicaciones,verified,Solo en la lista oficial (coordenadas oficiales),2026-10-01
web-dollarcity-mallplaza-trujillo,dollarcity,Dollarcity Mallplaza Trujillo,"Av. América Oeste Nro. 750, Centro Comercial Mallplaza Trujillo",Trujillo,Trujillo,La Libertad,130101,-8.102112,-79.048286,exact,web,https://dollarcity.com/ubicaciones,verified,Solo en la lista oficial (coordenadas oficiales),2026-10-01
web-dollarcity-portal-f-trujillo,dollarcity,Dollarcity Portal F Trujillo,"Jirón Pizarro N 654, Centro Comercial Portal F, Local N TI - 206",Trujillo,Trujillo,La Libertad,130101,-8.109982,-79.026132,exact,web,https://dollarcity.com/ubicaciones,verified,Solo en la lista oficial (coordenadas oficiales),2026-10-01
web-dollarcity-el-golf,dollarcity,Dollarcity El Golf,"Urbanización Las Hortencias de California, Mz. A, Sub Lote 6B",Víctor Larco Herrera,Trujillo,La Libertad,130111,-8.135170,-79.037052,exact,web,https://dollarcity.com/ubicaciones,verified,"Solo en la lista oficial (coordenadas oficiales); distrito según la lista oficial: Trujillo",2026-10-01
osm-n12993367201,dollarcity,Dollarcity Grau Chiclayo,Av. Miguel Grau No. 660,Chiclayo,Chiclayo,Lambayeque,140101,-6.779134,-79.844780,exact,osm,n12993367201,verified,También en la lista oficial,2026-10-01
web-dollarcity-mall-aventura-chiclayo,dollarcity,Dollarcity Mall Aventura Chiclayo,Av. Panamericana No. 639,Chiclayo,Chiclayo,Lambayeque,140101,-6.763179,-79.861287,exact,web,https://dollarcity.com/ubicaciones,verified,Solo en la lista oficial (coordenadas oficiales),2026-10-01
web-dollarcity-pedro-ruiz,dollarcity,Dollarcity Pedro Ruiz,Avenida Luis Gonzales N 1285,Chiclayo,Chiclayo,Lambayeque,140101,-6.767896,-79.842140,exact,web,https://dollarcity.com/ubicaciones,verified,"Solo en la lista oficial (coordenadas oficiales); distrito según la lista oficial: Lambayeque",2026-10-01
web-dollarcity-salaverry-chiclayo,dollarcity,Dollarcity Salaverry Chiclayo,"Av. Felipe Santiago Salaverry No. 710, Urbanización Patazca",Chiclayo,Chiclayo,Lambayeque,140101,-6.770256,-79.852422,exact,web,https://dollarcity.com/ubicaciones,verified,Solo en la lista oficial (coordenadas oficiales),2026-10-01
web-dollarcity-megaplaza-barranca,dollarcity,Dollarcity Megaplaza Barranca,"Calle Castilla 370, CC Megaplaza Barranca",Barranca,Barranca,Lima,150201,-10.751391,-77.761118,exact,web,https://dollarcity.com/ubicaciones,verified,Solo en la lista oficial (coordenadas oficiales),2026-10-01
web-dollarcity-megaplaza-canete,dollarcity,Dollarcity Megaplaza Cañete,"Centro Comercial MegaPlaza Cañete, Local No. L28",San Vicente de Cañete,Cañete,Lima,150501,-13.075243,-76.373217,exact,web,https://dollarcity.com/ubicaciones,verified,"Solo en la lista oficial (coordenadas oficiales); distrito según la lista oficial: Cañete",2026-10-01
web-dollarcity-megaplaza-huaral,dollarcity,Dollarcity Megaplaza Huaral,"Chancay 1248 , Julio C. Tello 152, No. L32 Centro Comercial Mega Plaza Huaral",Huaral,Huaral,Lima,150601,-11.502181,-77.225666,exact,web,https://dollarcity.com/ubicaciones,verified,Solo en la lista oficial (coordenadas oficiales),2026-10-01
web-dollarcity-plaza-del-sol-huacho,dollarcity,Dollarcity Plaza del Sol Huacho,"Calle Colón Nº 601, Centro Comercial Plaza del Sol Huacho.",Huacho,Huaura,Lima,150801,-11.109408,-77.613488,exact,web,https://dollarcity.com/ubicaciones,verified,Solo en la lista oficial (coordenadas oficiales),2026-10-01
web-dollarcity-alameda-plaza-santa-clara,dollarcity,Dollarcity Alameda Plaza Santa Clara,Av. La Estrella Nro. 286,Ate,Lima,Lima,150103,-12.018215,-76.883866,exact,web,https://dollarcity.com/ubicaciones,verified,Solo en la lista oficial (coordenadas oficiales),2026-10-01
web-dollarcity-real-plaza-puruchuco,dollarcity,Dollarcity Real Plaza Puruchuco,"Av. Nicolás Ayllón 4770, Centro Comercial Real Plaza Puruchuco, Local TI-304",Ate,Lima,Lima,150103,-12.040729,-76.931614,exact,web,https://dollarcity.com/ubicaciones,verified,Solo en la lista oficial (coordenadas oficiales),2026-10-01
web-dollarcity-alfonso-ugarte,dollarcity,Dollarcity Alfonso Ugarte,1246 Av. Alfonso Ugarte,Breña,Lima,Lima,150105,-12.055706,-77.042138,exact,web,https://dollarcity.com/ubicaciones,verified,"Solo en la lista oficial (coordenadas oficiales); distrito según la lista oficial: Lima",2026-10-01
web-dollarcity-la-rambla-brasil,dollarcity,Dollarcity La Rambla Brasil,"Avenida Brasil # 702, CC La Rambla, LC-201, LC-202, LC-203, LC-204 y LI-203",Breña,Lima,Lima,150105,-12.066516,-77.047341,exact,web,https://dollarcity.com/ubicaciones,verified,Solo en la lista oficial (coordenadas oficiales),2026-10-01
web-dollarcity-carabayllo,dollarcity,Dollarcity Carabayllo,"Av. Rosales de Chillón, Mz. D -Lote 01",Carabayllo,Lima,Lima,150106,-11.862506,-77.008484,exact,web,https://dollarcity.com/ubicaciones,verified,Solo en la lista oficial (coordenadas oficiales),2026-10-01
web-dollarcity-chaclacayo,dollarcity,Dollarcity Chaclacayo,1044 Av. Nicolás Ayllón,Chaclacayo,Lima,Lima,150107,-11.974872,-76.766820,exact,web,https://dollarcity.com/ubicaciones,verified,Solo en la lista oficial (coordenadas oficiales),2026-10-01
web-dollarcity-el-sol,dollarcity,Dollarcity El Sol,Av. El Sol Nro. 1197,Chorrillos,Lima,Lima,150108,-12.177000,-76.997628,exact,web,https://dollarcity.com/ubicaciones,verified,"Solo en la lista oficial (coordenadas oficiales); distrito según la lista oficial: Lima",2026-10-01
web-dollarcity-huaylas,dollarcity,Dollarcity Huaylas,Av. Defensores del Morro N 1350,Chorrillos,Lima,Lima,150108,-12.175597,-77.018261,exact,web,https://dollarcity.com/ubicaciones,verified,Solo en la lista oficial (coordenadas oficiales),2026-10-01
web-dollarcity-megaplaza-chorrillos,dollarcity,Dollarcity Megaplaza Chorrillos,"Av. Alameda Sur esquina con Av. San Marcos, Manzana II, Local LC 301, dentro del Centro Comercial MegaPlaza Chorrillos",Chorrillos,Lima,Lima,150108,-12.196641,-77.011390,exact,web,https://dollarcity.com/ubicaciones,verified,Solo en la lista oficial (coordenadas oficiales),2026-10-01
web-dollarcity-plaza-lima-sur,dollarcity,Dollarcity Plaza Lima Sur,Av Paseo de la República 355,Chorrillos,Lima,Lima,150108,-12.172439,-77.013230,exact,web,https://dollarcity.com/ubicaciones,verified,Solo en la lista oficial (coordenadas oficiales),2026-10-01
osm-n5800088409,dollarcity,Dollarcity Viamix Chorrillos,"Avenida Guardia Civil Sur 380, Centro Comercial Viamix Chorrillos, L105-107",Chorrillos,Lima,Lima,150108,-12.184224,-77.000530,exact,osm,n5800088409,verified,También en la lista oficial,2026-10-01
web-dollarcity-belaunde,dollarcity,Dollarcity Belaunde,Av. Túpac Amaru 3129,Comas,Lima,Lima,150110,-11.939744,-77.050476,exact,web,https://dollarcity.com/ubicaciones,verified,"Solo en la lista oficial (coordenadas oficiales); distrito según la lista oficial: Lima",2026-10-01
web-dollarcity-mall-plaza-comas,dollarcity,Dollarcity Mall Plaza Comas,"Av Los Angeles 602 Urb, CC Mall Plaza Comas, local T1-2100",Comas,Lima,Lima,150110,-11.936310,-77.064820,exact,web,https://dollarcity.com/ubicaciones,verified,Solo en la lista oficial (coordenadas oficiales),2026-10-01
web-dollarcity-santa-elvira,dollarcity,Dollarcity Santa Elvira,Mz. 2-F Lote 2-3 Urbanización Parcela Semi Rustica Santa Luisa,Comas,Lima,Lima,150110,-11.950441,-77.066215,exact,web,https://dollarcity.com/ubicaciones,verified,"Solo en la lista oficial (coordenadas oficiales); distrito según la lista oficial: Lima",2026-10-01
web-dollarcity-agustino-plaza,dollarcity,Dollarcity Agustino Plaza,"El Agustino Jirón Ancash #2151, CC Agustino Plaza locales 105, 106, 107, 131 y 161",El Agustino,Lima,Lima,150111,-12.040967,-77.003112,exact,web,https://dollarcity.com/ubicaciones,verified,Solo en la lista oficial (coordenadas oficiales),2026-10-01
web-dollarcity-mega-plaza-norte-nivel-2,dollarcity,Dollarcity Mega Plaza Norte Nivel 2,"Avenida Alfredo Mendiola #3698, Mega Plaza, local A14-A",Independencia,Lima,Lima,150112,-11.995460,-77.060366,exact,web,https://dollarcity.com/ubicaciones,verified,Solo en la lista oficial (coordenadas oficiales),2026-10-01
web-dollarcity-mega-plaza-norte-nivel-3,dollarcity,Dollarcity Mega Plaza Norte Nivel 3,"Avenida Alfredo Mendiola #3698, Mega Plaza, L348 al 350 y L353 al 357",Independencia,Lima,Lima,150112,-11.994024,-77.061527,exact,web,https://dollarcity.com/ubicaciones,verified,Solo en la lista oficial (coordenadas oficiales),2026-10-01
web-dollarcity-plaza-norte,dollarcity,Dollarcity Plaza Norte,"Av Alfredo Mendiola 1400, LM-03C Plaza Norte",Independencia,Lima,Lima,150112,-12.006493,-77.060098,exact,web,https://dollarcity.com/ubicaciones,verified,Solo en la lista oficial (coordenadas oficiales),2026-10-01
osm-n12219610699,dollarcity,Dollarcity Royal Plaza,Av Carlos Izaguirre No. 287-289,Independencia,Lima,Lima,150112,-11.990347,-77.062957,exact,osm,n12219610699,verified,También en la lista oficial,2026-10-01
web-dollarcity-cenco-la-molina,dollarcity,Dollarcity Cenco La Molina,"Av. Raúl Ferrero Rebagliati N 1355, Urb. Los Sirius II Etapa, Local Comercial N 4027 dentro del CC Cenco La Molina",La Molina,Lima,Lima,150114,-12.091252,-76.951649,exact,web,https://dollarcity.com/ubicaciones,verified,Solo en la lista oficial (coordenadas oficiales),2026-10-01
web-dollarcity-sol-de-la-molina,dollarcity,Dollarcity Sol De La Molina,"Av. La Molina No. 4075 – 4079, Urbanización El Sol de La Molina",La Molina,Lima,Lima,150114,-12.086167,-76.905069,exact,web,https://dollarcity.com/ubicaciones,verified,Solo en la lista oficial (coordenadas oficiales),2026-10-01
web-dollarcity-gama,dollarcity,Dollarcity Gama,Av. Agustín Gamarra N 1275,La Victoria,Lima,Lima,150115,-12.071033,-77.012995,exact,web,https://dollarcity.com/ubicaciones,verified,Solo en la lista oficial (coordenadas oficiales),2026-10-01
web-dollarcity-roma,dollarcity,Dollarcity Roma,"Urbanización Los Cipreses, Av. General Oscar R. Benavides, Manzana A, Lote 23-24",Lima,Lima,Lima,150101,-12.049735,-77.072947,exact,web,https://dollarcity.com/ubicaciones,verified,Solo en la lista oficial (coordenadas oficiales),2026-10-01
web-dollarcity-rufino-torrico,dollarcity,Dollarcity Rufino Torrico,Jirón Rufino Torrico N 847-859,Lima,Lima,Lima,150101,-12.050927,-77.038533,exact,web,https://dollarcity.com/ubicaciones,verified,Solo en la lista oficial (coordenadas oficiales),2026-10-01
web-dollarcity-emilio-althaus,dollarcity,Dollarcity Emilio Althaus,Calle Emilio Althaus N 460-470,Lince,Lima,Lima,150116,-12.080506,-77.032324,exact,web,https://dollarcity.com/ubicaciones,verified,Solo en la lista oficial (coordenadas oficiales),2026-10-01
osm-n11612180669,dollarcity,Dollarcity Benavides 385 Miraflores,"# 385 Av. Alfredo Benavides, Expo Centro, local 101",Miraflores,Lima,Lima,150122,-12.124354,-77.029818,exact,osm,n11612180669,verified,También en la lista oficial,2026-10-01
web-dollarcity-blvd-puntamar,dollarcity,Dollarcity Blvd Puntamar,"Distrito de Punta Hermosa, Local Comercial LC 38, CC Boulevard Puntamar",San Bartolo,Lima,Lima,150129,-12.376794,-76.742908,approx,web,https://dollarcity.com/ubicaciones,to_verify,"Solo en la lista oficial (coordenadas oficiales); las coordenadas oficiales caen a 7.0 km del distrito indicado (Punta Hermosa); distrito según la lista oficial: Punta Hermosa",2026-10-01
web-dollarcity-la-rambla-san-borja,dollarcity,Dollarcity La Rambla San Borja,"Avenida Javier Prado Este N 2050, Local LC 05, dentro del Centro Comercial “La Rambla San Borja”",San Borja,Lima,Lima,150130,-12.088851,-77.005157,exact,web,https://dollarcity.com/ubicaciones,verified,Solo en la lista oficial (coordenadas oficiales),2026-10-01
osm-n11998302740,dollarcity,Dollarcity Centro Empresarial Juan de Arona,"Avenida Juan de Arona #151, Centro Empresarial Juan de Arona",San Isidro,Lima,Lima,150131,-12.096875,-77.032438,exact,osm,n11998302740,verified,También en la lista oficial,2026-10-01
web-dollarcity-juan-de-arona-700,dollarcity,Dollarcity Juan de Arona 700,Av. Juan de Arona Nro. 765,San Isidro,Lima,Lima,150131,-12.096189,-77.028192,exact,web,https://dollarcity.com/ubicaciones,verified,Solo en la lista oficial (coordenadas oficiales),2026-10-01
web-dollarcity-terrazas,dollarcity,Dollarcity Terrazas,"1183 Av. del Ejército, Strip Mall Terrazas",San Isidro,Lima,Lima,150131,-12.104168,-77.057647,exact,web,https://dollarcity.com/ubicaciones,verified,"Solo en la lista oficial (coordenadas oficiales); distrito según la lista oficial: Magdalena del Mar",2026-10-01
web-dollarcity-alameda-plaza,dollarcity,Dollarcity Alameda Plaza,"Avenida Cantogrande No. 268, Centro Comercial Alameda Plaza, Local No. 201,",San Juan de Lurigancho,Lima,Lima,150132,-11.978786,-77.010925,exact,web,https://dollarcity.com/ubicaciones,verified,Solo en la lista oficial (coordenadas oficiales),2026-10-01
web-dollarcity-mall-aventura-san-juan-de-lurigancho,dollarcity,Dollarcity Mall Aventura San Juan de Lurigancho,"Av. Lurigancho No. 997-999, Urb. Zarate Industrial",San Juan de Lurigancho,Lima,Lima,150132,-12.016930,-76.999483,exact,web,https://dollarcity.com/ubicaciones,verified,Solo en la lista oficial (coordenadas oficiales),2026-10-01
web-dollarcity-mariategui,dollarcity,Dollarcity Mariategui,"II, San Juan de Lurigancho, Grupo Residencial P, Barrio 3",San Juan de Lurigancho,Lima,Lima,150132,-11.944813,-76.982651,exact,web,https://dollarcity.com/ubicaciones,verified,Solo en la lista oficial (coordenadas oficiales),2026-10-01
web-dollarcity-proceres,dollarcity,Dollarcity Próceres,Malvavisco 2423,San Juan de Lurigancho,Lima,Lima,150132,-11.990928,-77.011434,exact,web,https://dollarcity.com/ubicaciones,verified,Solo en la lista oficial (coordenadas oficiales),2026-10-01
web-dollarcity-mall-del-sur,dollarcity,Dollarcity Mall del Sur,"Avenida Los Lirios #301, Centro Comercial Mall del Sur, LIS-002",San Juan de Miraflores,Lima,Lima,150133,-12.155094,-76.982206,exact,web,https://dollarcity.com/ubicaciones,verified,Solo en la lista oficial (coordenadas oficiales),2026-10-01
web-dollarcity-open-plaza-atocongo,dollarcity,Dollarcity Open Plaza Atocongo,"Circunvalación 15803, Open Plaza Atocongo, LC 47 – LC 48- LC 49 – LC 50 – LC51",San Juan de Miraflores,Lima,Lima,150133,-12.147037,-76.981245,exact,web,https://dollarcity.com/ubicaciones,verified,Solo en la lista oficial (coordenadas oficiales),2026-10-01
web-dollarcity-plaza-gran-caqueta,dollarcity,Dollarcity Plaza Gran Caquetá,"Av. 10 de Junio, Urbanización San José, Mercado Minorista Plaza Gran Caquetá",San Martín de Porres,Lima,Lima,150135,-12.030522,-77.049985,exact,web,https://dollarcity.com/ubicaciones,verified,Solo en la lista oficial (coordenadas oficiales),2026-10-01
web-dollarcity-plaza-san-miguel,dollarcity,Dollarcity Plaza San Miguel,"Centro Comercial Plaza San Miguel, tercer nivel (ex local de Chuck E. Cheese), 840 m²",San Miguel,Lima,Lima,150136,-12.076940,-77.082718,approx,web,https://accep.org.pe/2026/04/08/dollarcity-inaugura-su-nueva-tienda-en-plaza-san-miguel/,to_verify,"Geocodificada a partir de la dirección oficial (Nominatim, a nivel de número: Plaza San Miguel, 2000, Avenida La Marina); reportada por la prensa; no figura en la lista oficial",2026-10-01
web-dollarcity-mall-aventura-santa-anita,dollarcity,Dollarcity Mall Aventura Santa Anita,"Avenida Carretera Central #111, Mall Aventura Santa Anita",Santa Anita,Lima,Lima,150137,-12.056141,-76.970846,exact,web,https://dollarcity.com/ubicaciones,verified,"Solo en la lista oficial (coordenadas oficiales); distrito según la lista oficial: Lima",2026-10-01
web-dollarcity-el-polo-plaza,dollarcity,Dollarcity El Polo Plaza,"Jr El Polo 759, Urbanización El Derby",Santiago de Surco,Lima,Lima,150140,-12.100767,-76.971706,exact,web,https://dollarcity.com/ubicaciones,verified,"Solo en la lista oficial (coordenadas oficiales); distrito según la lista oficial: Lima",2026-10-01
web-dollarcity-jockey-plaza,dollarcity,Dollarcity Jockey Plaza,"Av. Javier Prado Este No. 4200, CC Jockey Plaza",Santiago de Surco,Lima,Lima,150140,-12.086201,-76.976466,exact,web,https://dollarcity.com/ubicaciones,verified,"Solo en la lista oficial (coordenadas oficiales); distrito según la lista oficial: Lima",2026-10-01
web-dollarcity-patio-panorama,dollarcity,Dollarcity Patio Panorama,"Avenida Circunvalación del Club Golf Los Incas No. 134, Centro Comercial Life Style Center Patio Panorama, Local S-1",Santiago de Surco,Lima,Lima,150140,-12.082824,-76.968684,exact,web,https://dollarcity.com/ubicaciones,verified,Solo en la lista oficial (coordenadas oficiales),2026-10-01
web-dollarcity-prolongacion-huaylas,dollarcity,Dollarcity Prolongación Huaylas,"Calle Camino del Inca, Urbanización San Juan Bautista de Villa, Lote 32 de la Mz. N",Santiago de Surco,Lima,Lima,150140,-12.131306,-76.982472,approx,web,https://dollarcity.com/ubicaciones,to_verify,"Solo en la lista oficial (coordenadas oficiales); la dirección y las coordenadas oficiales no coinciden; distrito según la lista oficial: Chorrillos",2026-10-01
osm-n12968650527,dollarcity,Dollarcity Open Plaza Angamos,"Av Angamos Este 1803, Open Plaza Angamos,",Surquillo,Lima,Lima,150141,-12.111541,-77.012334,exact,osm,n12968650527,verified,También en la lista oficial,2026-10-01
web-dollarcity-mega-plaza-express-ves-2,dollarcity,Dollarcity Mega Plaza Express VES 2,"Avenida Lima Sub lote A-1, Megaplaza Villa El Salvador, local 202",Villa El Salvador,Lima,Lima,150142,-12.197711,-76.964708,exact,web,https://dollarcity.com/ubicaciones,verified,Solo en la lista oficial (coordenadas oficiales),2026-10-01
web-dollarcity-megaplaza-express-ves-1,dollarcity,Dollarcity Megaplaza Express VES 1,"Avenida Lima Sub lote A-1, Megaplaza Villa El Salvador, local 202",Villa El Salvador,Lima,Lima,150142,-12.231088,-76.911019,exact,web,https://dollarcity.com/ubicaciones,verified,Solo en la lista oficial (coordenadas oficiales),2026-10-01
web-dollarcity-villa-maria-del-triunfo,dollarcity,Dollarcity Villa María del Triunfo,"Av. Pachacútec, Centro Comercial Real Plaza",Villa María del Triunfo,Lima,Lima,150143,-12.180382,-76.942087,exact,web,https://dollarcity.com/ubicaciones,verified,Solo en la lista oficial (coordenadas oficiales),2026-10-01
web-dollarcity-yurimaguas-loreto,dollarcity,Dollarcity Yurimaguas Loreto,"Calle Teniente C. López #621, 623, 625, 627, 629",Yurimaguas,Alto Amazonas,Loreto,160201,-5.895125,-76.107767,exact,web,https://dollarcity.com/ubicaciones,verified,Solo en la lista oficial (coordenadas oficiales),2026-10-01
web-dollarcity-ejercito-iquitos,dollarcity,Dollarcity Ejército Iquitos,"Pueblo Joven San Martín, Av. Alfonso Ugarte N 1313, 1315 y 1319, Mz. 11, lote 33",Iquitos,Maynas,Loreto,160101,-3.754544,-73.259596,exact,web,https://dollarcity.com/ubicaciones,verified,Solo en la lista oficial (coordenadas oficiales),2026-10-01
web-dollarcity-san-juan-iquitos,dollarcity,Dollarcity San Juan Iquitos,"Av. José Abelardo Quiñones, C. las palmas, Frente la Plaza Mayor",San Juan Bautista,Maynas,Loreto,160113,-3.775726,-73.288847,exact,web,https://dollarcity.com/ubicaciones,verified,"Solo en la lista oficial (coordenadas oficiales); distrito según la lista oficial: Iquitos",2026-10-01
osm-w1389155190,dollarcity,Dollarcity Las Dalias,"Av. Guardia Civil, Sección 02, Urbanización Miraflores,",Castilla,Piura,Piura,200104,-5.194041,-80.622589,exact,osm,w1389155190,verified,"También en la lista oficial; distrito según la lista oficial: Piura",2026-10-01
osm-n12533342772,dollarcity,Dollarcity Open Plaza Piura,"Av. Andrés Avelino Cáceres 147, Centro Comercial Open Plaza Piura, Local LC – 121",Castilla,Piura,Piura,200104,-5.182168,-80.623438,exact,osm,n12533342772,verified,"También en la lista oficial; distrito según la lista oficial: Piura",2026-10-01
web-dollarcity-eguiguren,dollarcity,Dollarcity Eguiguren,"Av. Luis Eguiguren No. 826, Mz. C, lotes No. 11, Urbanización La Tina del Distrito",Piura,Piura,Piura,200101,-5.186506,-80.630368,exact,web,https://dollarcity.com/ubicaciones,verified,Solo en la lista oficial (coordenadas oficiales),2026-10-01
osm-w1292753753,dollarcity,Dollarcity Óvalo Grau Piura,"Calle Ica No. 825, Zona Cercado de Piura",Piura,Piura,Piura,200101,-5.194952,-80.630372,exact,osm,w1292753753,verified,También en la lista oficial,2026-10-01
web-dollarcity-plaza-del-sol-piura,dollarcity,Dollarcity Plaza del Sol Piura,"Av. Grau Nº 1460, Centro Comercial Plaza del Sol Piura Grau, Local 264",Piura,Piura,Piura,200101,-5.192677,-80.639677,exact,web,https://dollarcity.com/ubicaciones,verified,Solo en la lista oficial (coordenadas oficiales),2026-10-01
web-dollarcity-real-plaza-piura,dollarcity,Dollarcity Real Plaza Piura,"Av. Sánchez Cerro No. 234 -239, Lote A – B, Zona Industrial Antigua",Piura,Piura,Piura,200101,-5.185181,-80.641973,exact,web,https://dollarcity.com/ubicaciones,verified,Solo en la lista oficial (coordenadas oficiales),2026-10-01
web-dollarcity-real-plaza-sullana,dollarcity,Dollarcity Real Plaza Sullana,"Zona Industrial Municipal N 02, Centro Comercial Real Plaza Sullana",Sullana,Sullana,Piura,200601,-4.918289,-80.695859,exact,web,https://dollarcity.com/ubicaciones,verified,Solo en la lista oficial (coordenadas oficiales),2026-10-01
web-dollarcity-sullana-centro,dollarcity,Dollarcity Sullana Centro,"Calle Sucre N.° 601, transversal Lima y Calle Leoncio Prado, sector Centro",Sullana,Sullana,Piura,200601,-4.893359,-80.689638,approx,web,https://www.peru-retail.com/dollarcity-alcanza-las-116-tiendas-en-peru-con-una-nueva-apertura-donde-esta-ubicada/,to_verify,"Geocodificada a partir de la dirección oficial (Nominatim, a nivel de calle: Calle Sucre, Centro Poblado Barrio Sur, Sullana); reportada por la prensa; no figura en la lista oficial",2026-10-01
web-dollarcity-coronel-portillo,dollarcity,Dollarcity Coronel Portillo,"673 Jr. Coronel Portillo, lote 12-13, semi lote 08/11-A",Callería,Coronel Portillo,Ucayali,250101,-8.387325,-74.530368,exact,web,https://dollarcity.com/ubicaciones,verified,"Solo en la lista oficial (coordenadas oficiales); distrito según la lista oficial: Coronel Portillo",2026-10-01
web-dollarcity-yuriguamas-pucallpa,dollarcity,Dollarcity Yuriguamas Pucallpa,"Mz. 178, Lote 9 y 10, Sector Lotización de Pucallpa, distrito de Calleria, provincia de Coronel Portillo",Callería,Coronel Portillo,Ucayali,250101,-8.379286,-74.544863,exact,web,https://dollarcity.com/ubicaciones,verified,"Solo en la lista oficial (coordenadas oficiales); distrito según la lista oficial: Pucallpa",2026-10-01
web-dollarcity-open-plaza-pucallpa,dollarcity,Dollarcity Open Plaza Pucallpa,"Av. Centenario 2086, Open Plaza Pucallpa, local comercial No. LC 26-27-45",Yarinacocha,Coronel Portillo,Ucayali,250105,-8.388143,-74.566813,exact,web,https://dollarcity.com/ubicaciones,verified,"Solo en la lista oficial (coordenadas oficiales); distrito según la lista oficial: Pucallpa",2026-10-01
web-makro-chimbote,makro,Makro Chimbote,"Av. Los pescadores s/n zona lotización Gran Trapecio Parcela 3, Mz. C.",Chimbote,Santa,Áncash,021801,-9.103912,-78.559594,exact,web,https://www.makro.pe/tiendas,verified,Solo en la lista oficial (coordenadas oficiales),2026-10-01
osm-w399328023,makro,Makro El Avelino - Arequipa,"AV. AVELINO CACERES S/N , DISTRITO DE BUSTAMANTE Y RIVERO, AREQUIPA",José Luis Bustamante y Rivero,Arequipa,Arequipa,040129,-16.422752,-71.538981,exact,osm,w399328023,verified,También en la lista oficial (nombre en OSM: Makro Arequipa),2026-10-01
osm-w767330394,makro,Makro Yanahuara - Arequipa,"AV. METROPOLITANA 63, DISTRITO YANAHUARA, AREQUIPA",Yanahuara,Arequipa,Arequipa,040126,-16.393484,-71.554378,exact,osm,w767330394,verified,También en la lista oficial,2026-10-01
osm-w396817822,makro,Makro Callao,"AV. ELMER FAUCETT (ENTRE LA AV. COLONIAL Y AV. ARGENTINA ), LIMA, LI",Callao,Callao,Callao,070101,-12.050879,-77.098995,exact,osm,w396817822,verified,También en la lista oficial,2026-10-01
osm-n5952081293,makro,Makro Cusco,PROLONGACIÓN AV DE LA CULTURA 2620 CUSCO,San Jerónimo,Cusco,Cusco,080104,-13.541870,-71.900212,exact,osm,n5952081293,verified,"También en la lista oficial; también mapeada en OSM como w463807555; coordenadas oficiales a 4828 m",2026-10-01
osm-w709298049,makro,Makro Chincha,CARRETERA PANAMERICANA SUR KM. 195 - Chincha,Grocio Prado,Chincha,Ica,110206,-13.412519,-76.151845,exact,osm,w709298049,verified,También en la lista oficial,2026-10-01
osm-w709298819,makro,Makro Ica,AV. NICOLÁS DE RIVERO EL VIEJO 1105 - ICA,Ica,Ica,Ica,110101,-14.082277,-75.723282,exact,osm,w709298819,verified,También en la lista oficial,2026-10-01
osm-w673238739,makro,Makro Huancayo,"AV. PROLONGACIÓN JOSÉ CARLOS MARIATEGUI S/N, HUANCAYO, HUANCAYO",El Tambo,Huancayo,Junín,120114,-12.047231,-75.207013,exact,osm,w673238739,verified,También en la lista oficial,2026-10-01
osm-w1322958999,makro,Makro El Bosque - Trujillo,"AV. INDUSTRIAL CRUCE CON AV. FEDERICO VILLAREAL – EL BOSQUE, TRUJILLO",Laredo,Trujillo,La Libertad,130106,-8.110708,-78.996353,exact,osm,w1322958999,verified,También en la lista oficial,2026-10-01
osm-w461159980,makro,Makro La Esperanza - Trujillo,"AV. NICOLAS DE PIEROLA CON AV. MICAELA BASTIDAS , TRUJILLO",Trujillo,Trujillo,La Libertad,130101,-8.085202,-79.045007,exact,osm,w461159980,verified,También en la lista oficial (nombre en OSM: Makro Trujillo),2026-10-01
osm-w709291487,makro,Makro Chiclayo,"AV. JORGE BASADRE #299 ,CHICLAYO",Chiclayo,Chiclayo,Lambayeque,140101,-6.773784,-79.832827,exact,osm,w709291487,verified,"También en la lista oficial; coordenadas oficiales a 1591 m",2026-10-01
osm-w1447066860,makro,Makro Cañete,Parcela 6 del proyecto Chilca - San Vicente de Cañete,San Vicente de Cañete,Cañete,Lima,150501,-13.067989,-76.362657,exact,osm,w1447066860,verified,También en la lista oficial,2026-10-01
web-makro-huacho,makro,Makro Huacho,"AV. PANAMERICANA CRUCE CON AV. SAN MARTIN – SANTA MARIA, HUACHO, LIMA",Santa María,Huaura,Lima,150810,-11.093634,-77.586941,exact,web,https://www.makro.pe/tiendas,verified,Solo en la lista oficial (coordenadas oficiales),2026-10-01
osm-w1007140177,makro,Makro Chorrillos,"AV. DEFENSORES DEL MORRO, CUADRA 11 s/n. Urbanización Fundo Villa, Cho",Chorrillos,Lima,Lima,150108,-12.174631,-77.019701,exact,osm,w1007140177,verified,También en la lista oficial (nombre en OSM: Makro Huaylas),2026-10-01
osm-w445402577,makro,Makro Comas,"AV. CHACRA CERRO S/N LOTE 115, LIMA",Comas,Lima,Lima,150110,-11.909804,-77.057297,exact,osm,w445402577,verified,También en la lista oficial,2026-10-01
osm-r8609526,makro,Makro Independencia,"C.C. PLAZA NORTE, AV. TOMÁS VALLE CON PANAMERICANA NORTE , LIMA",Independencia,Lima,Lima,150112,-12.005236,-77.057161,exact,osm,r8609526,verified,También en la lista oficial,2026-10-01
osm-w1009760841,makro,Makro Cercado de Lima,Jr. Manuel del Mar y Bernedo S/N Lote A,Lima,Lima,Lima,150101,-12.057468,-77.059444,exact,osm,w1009760841,verified,También en la lista oficial,2026-10-01
osm-w183453725,makro,Makro San Juan de Lurigancho,"AV. GRAN PAJATÉN CRUCE CON JR. SANTUARIO, LIMA, LIMA",San Juan de Lurigancho,Lima,Lima,150132,-12.021868,-76.986806,exact,osm,w183453725,verified,También en la lista oficial,2026-10-01
osm-w459051935,makro,Makro Zárate,"URB. PARCELACIÓN RÚSTICA ZÁRATE, MZ B LT 23",San Juan de Lurigancho,Lima,Lima,150132,-12.016312,-76.992728,exact,osm,w459051935,verified,También en la lista oficial,2026-10-01
web-makro-san-juan-de-miraflores,makro,Makro San Juan de Miraflores,Alt. cdra. 8 de Av. Pedro Miotta - Av. Belisario Suarez 181,San Juan de Miraflores,Lima,Lima,150133,-12.160450,-76.978367,exact,web,https://www.makro.pe/tiendas,verified,Solo en la lista oficial (coordenadas oficiales),2026-10-01
osm-w1182382467,makro,Makro San Martin de Porres,PLAZA CENTER REX,San Martín de Porres,Lima,Lima,150135,-12.010005,-77.062738,exact,osm,w1182382467,verified,También en la lista oficial,2026-10-01
osm-w402698762,makro,Makro Santa Anita,"CARRETERA CENTRAL # 345 KM 1 - ( A 1 CDRA.DEL ÓVALO SANTA ANITA ), L",Santa Anita,Lima,Lima,150137,-12.054225,-76.968058,exact,osm,w402698762,verified,También en la lista oficial,2026-10-01
osm-w415607425,makro,Makro Surco,"AV. JORGE CHÁVEZ N.1218, LIMA",Santiago de Surco,Lima,Lima,150140,-12.149651,-77.008892,exact,osm,w415607425,verified,También en la lista oficial,2026-10-01
osm-w416306014,makro,Makro Villa el Salvador,"Cruce Panamericana Sur con Av. Mateo Pumacahua, LIMA",Villa El Salvador,Lima,Lima,150142,-12.193052,-76.970653,exact,osm,w416306014,verified,También en la lista oficial,2026-10-01
osm-w374292998,makro,Makro Sánchez Cerro - Piura,AV. SANCHEZ CERRO S/N,Veintiséis de Octubre,Piura,Piura,200115,-5.180933,-80.655093,exact,osm,w374292998,verified,También en la lista oficial (nombre en OSM: Makro),2026-10-01
osm-w1056998813,makro,Makro Textil - Piura,"AV. SÁNCHEZ CERRO SUB LOTE B, 1A DISTRITO 26 DE OCTUBRE",Veintiséis de Octubre,Piura,Piura,200115,-5.180342,-80.659415,exact,osm,w1056998813,verified,También en la lista oficial,2026-10-01
osm-n12528364043,makro,Makro Sullana,ZONA INDUSTRIAL MUNICIPAL N2 MZE Lt2,Sullana,Sullana,Piura,200601,-4.917988,-80.695692,exact,osm,n12528364043,verified,"También en la lista oficial; coordenadas oficiales a 401 m",2026-10-01
web-vega-market-grau,vega,Vega Market Grau,"Jr. Miguel Grau N° 485, Ref.01, Bellavista - Callao",Bellavista,Callao,Callao,070102,-12.065577,-77.129254,approx,web,https://www.vega.pe/nuestras-tiendas,to_verify,"Geocodificada a partir de la dirección oficial (Nominatim, a nivel de calle: Jirón Almirante Miguel Grau, Bellavista, Callao)",2026-10-01
web-vega-market-bocanegra,vega,Vega Market Bocanegra,"Av. Bocanegra Mz. A Lt. 30, esquina Av. Dominicos, Urb. Albino Herrera, frente Mcdo. Virgen del Carmen",Callao,Callao,Callao,070101,-12.006705,-77.099339,exact,web,https://www.vega.pe/nuestras-tiendas,verified,Solo en la lista oficial (coordenadas oficiales),2026-10-01
web-vega-market-canta-callao,vega,Vega Market Canta Callao,"Av. Av. Canta Callao 353. tienda 110, Residencial Paz Centenario, al costado Trasp. Shalom",Callao,Callao,Callao,070101,-11.997561,-77.113922,exact,web,https://www.vega.pe/nuestras-tiendas,verified,Solo en la lista oficial (coordenadas oficiales),2026-10-01
web-vega-supermayorista-minka,vega,Vega Supermayorista Minka,"C. Comercial MINKA, Av. Argentina No 3093, Pabellón 7 - Int. 97",Callao,Callao,Callao,070101,-12.047679,-77.111821,exact,web,https://www.vega.pe/nuestras-tiendas,verified,Solo en la lista oficial (coordenadas oficiales),2026-10-01
web-vega-market-mi-peru,vega,Vega Market Mi Perú,"Av. Ayacucho Mz. ""A9"" Lt. 22 Gr. ""A"" esquina con Av. Truijillo, frente Mcdo. Central Mi Perú",Mi Perú,Callao,Callao,070107,-11.855878,-77.125050,exact,web,https://www.vega.pe/nuestras-tiendas,verified,"Solo en la lista oficial (coordenadas oficiales); distrito según la lista oficial: Callao",2026-10-01
web-vega-market-aymaras,vega,Vega Market Aymaras,"Los Aymaras 349, Urb. Salamanca Monterrico, 1 cdra. de la Comisaría Salamanca",Ate,Lima,Lima,150103,-12.074493,-76.988355,exact,web,https://www.vega.pe/nuestras-tiendas,verified,Solo en la lista oficial (coordenadas oficiales),2026-10-01
web-vega-market-micaela,vega,Vega Market Micaela,Ca. Comercial Mza U Lte 9 Urb. Micaela Bastidas sector 1,Ate,Lima,Lima,150103,-12.046159,-76.929994,exact,web,https://www.vega.pe/nuestras-tiendas,verified,Solo en la lista oficial (coordenadas oficiales),2026-10-01
web-vega-market-olimpo,vega,Vega Market Olimpo,Calle Efestos Mz. W Lt. 4 Urb. Olimpo ( frente al Mcdo. Olimpo) Salamanca,Ate,Lima,Lima,150103,-12.074626,-76.978300,exact,web,https://www.vega.pe/nuestras-tiendas,verified,Solo en la lista oficial (coordenadas oficiales),2026-10-01
web-vega-supermayorista-santa-clara,vega,Vega Supermayorista Santa Clara,"Av. Estrella 286 Plaza de Armas Santa Clara, C. Comercial Qhatu Plaza",Ate,Lima,Lima,150103,-12.017964,-76.883899,exact,web,https://www.vega.pe/nuestras-tiendas,verified,Solo en la lista oficial (coordenadas oficiales),2026-10-01
web-vega-market-loreto,vega,Vega Market Loreto,"Jr. Loreto 478, altura cdra. 11 Av. Venezuela, frente Galería Gran Caimán",Breña,Lima,Lima,150105,-12.059910,-77.049667,approx,web,https://www.vega.pe/nuestras-tiendas,to_verify,"Geocodificada a partir de la dirección oficial (Nominatim, a nivel de calle: Jirón Loreto, Residencial La Salle II, Azcona)",2026-10-01
osm-n4335836186,vega,Vega Market,,Carabayllo,Lima,Lima,150106,-11.876202,-77.016661,exact,osm,n4335836186,to_verify,"No figura en la lista oficial — posible cierre; mapeada en un levantamiento de campo de 2016 (source=Reconocimiento cartográfico por KG 2016.); datos de OSM editados por última vez el 2016-08-05 (v2): sin confirmar desde entonces",2026-10-01
web-vega-market-amaranto,vega,Vega Market Amaranto,"Jr. Amaranto 108 - 110, Urb. Santa Isabel - Carabayllo",Carabayllo,Lima,Lima,150106,-11.899764,-77.036884,exact,web,https://www.vega.pe/nuestras-tiendas,verified,Solo en la lista oficial (coordenadas oficiales),2026-10-01
web-vega-market-santo-domingo,vega,Vega Market Santo Domingo,"Av. Mariano Condorcanqui Mz. C Lt. 5, al costado del Mcdo. Fronteras.",Carabayllo,Lima,Lima,150106,-11.887022,-77.035568,exact,web,https://www.vega.pe/nuestras-tiendas,verified,Solo en la lista oficial (coordenadas oficiales),2026-10-01
osm-w1459679126,vega,Vega Supermayorista San Antonio,"Km. 22 Av. Túpac Amaru, entrando por Grifo REPSOL, Fundación Punchauca Caudivilla, San Antonio",Carabayllo,Lima,Lima,150106,-11.862858,-77.008775,exact,osm,w1459679126,verified,También en la lista oficial (nombre en OSM: Vega Supermayorista),2026-10-01
web-vega-market-los-cedros,vega,Vega Market Los Cedros,Av. Alameda Los Cedros 214 (a 2 cuadras de la Av. Los Incas),Chorrillos,Lima,Lima,150108,-12.204745,-77.013248,approx,web,https://www.vega.pe/nuestras-tiendas,to_verify,"Geocodificada a partir de la dirección oficial (Nominatim, a nivel de calle: Avenida Alameda Los Cedros, La Encantada de Villa, Los Cedros)",2026-10-01
osm-w436748508,vega,Vega Supermayorista Chorrillos,Jr. Genaro Numa Llona No 200 (a 1 cuadra Cdra. 4 Av. Huaylas),Chorrillos,Lima,Lima,150108,-12.168132,-77.023743,exact,osm,w436748508,verified,También en la lista oficial (nombre en OSM: Vega Supermayorista),2026-10-01
osm-n5965707925,vega,Vega Market Año Nuevo,"Jr. Neptuno Mz. 9 Lt. 89, (Espalda del Mcdo. Año Nuevo ) - Comas",Comas,Lima,Lima,150110,-11.924046,-77.040700,exact,osm,n5965707925,verified,También en la lista oficial,2026-10-01
web-vega-mayorista-collique,vega,Vega Mayorista Collique,"Av. Andrés Avelino Cáceres No 236, Mcdo. 12 de Octubre",Comas,Lima,Lima,150110,-11.913587,-77.031577,exact,web,https://www.vega.pe/nuestras-tiendas,verified,Solo en la lista oficial (coordenadas oficiales),2026-10-01
web-vega-mayorista-infantas,vega,Vega Mayorista Infantas,"Av. Gerardo Unger 6531 a 1 cuadra Comisaria Infantas, Santa Luzmila.",Comas,Lima,Lima,150110,-11.945305,-77.066697,exact,web,https://www.vega.pe/nuestras-tiendas,verified,"Solo en la lista oficial (coordenadas oficiales); distrito según la lista oficial: San Martín de Porres",2026-10-01
web-vega-supermayorista-ano-nuevo,vega,Vega Supermayorista Año Nuevo,"Jr. Júpiter No 173, Mcdo. Año Nuevo, altura Km. 14.5 Av. Túpac Amaru",Comas,Lima,Lima,150110,-11.923926,-77.040529,exact,web,https://www.vega.pe/nuestras-tiendas,verified,Solo en la lista oficial (coordenadas oficiales),2026-10-01
web-vega-supermayorista-belaunde,vega,Vega Supermayorista Belaunde,"Av. Belaunde Oeste 198, a 1 cuadra Km 12 Av. Túpac Amaru",Comas,Lima,Lima,150110,-11.939644,-77.050978,exact,web,https://www.vega.pe/nuestras-tiendas,verified,Solo en la lista oficial (coordenadas oficiales),2026-10-01
web-vega-market-las-guindas,vega,Vega Market Las Guindas,"Calle Las Guindas 348, Urb. El Agustino (referencia frente al Condominio Alameda El Agustino)",El Agustino,Lima,Lima,150111,-12.037301,-76.993198,approx,web,https://www.vega.pe/nuestras-tiendas,to_verify,"Geocodificada a partir de la dirección oficial (Nominatim, a nivel de calle: Calle Las Guindas, Urbanización Residencial Primavera, Ancieta Alta)",2026-10-01
web-vega-market-independencia,vega,Vega Market Independencia,Av. Gerardo Unger Nro. 3601 local LC02 Urb. Industrial Panamericana Norte,Independencia,Lima,Lima,150112,-11.986327,-77.058173,approx,web,https://www.vega.pe/nuestras-tiendas,to_verify,"Geocodificada a partir de la dirección oficial (Nominatim, a nivel de calle: Avenida Gerardo Unger, Urbanización El Naranjal, Tahuantinsuyo)",2026-10-01
web-vega-market-husares-de-junin,vega,Vega Market Húsares De Junín,Av. Húsares de Junín N° 366-376 - Jesús María,Jesús María,Lima,Lima,150113,-12.077042,-77.051490,exact,web,https://www.vega.pe/nuestras-tiendas,verified,Solo en la lista oficial (coordenadas oficiales),2026-10-01
web-vega-market-alameda-de-los-condores,vega,Vega Market Alameda de los Cóndores,"Av. Alameda de los Cóndores 638, Urb. Valle de la Molina",La Molina,Lima,Lima,150114,-12.101138,-76.944137,approx,web,https://www.vega.pe/nuestras-tiendas,to_verify,"Colocada a mano el 2026-10-01 a partir de evidencia verificada (tools/seed/overrides.json, manualPlacements; confianza media): aproximada: Av. Alameda de los Cóndores 638 (en OSM, Av. de Los Cóndores), cerca del Óvalo Los Cóndores; extrapolada por numeración desde el n.º 610 (Mass, coordenadas oficiales, a 42 m en la misma acera) y el n.º 445 (OSM). La lista oficial de Vega no trae coordenadas",2026-10-01
web-vega-market-santa-catalina,vega,Vega Market Santa Catalina,"Av. Carlos Villarán 500 - espalda Cdra 2 Av. Javier Prado Este, Centro Comercial Santa Catalina",La Victoria,Lima,Lima,150115,-12.089658,-77.020164,exact,web,https://www.vega.pe/nuestras-tiendas,to_verify,"Colocada a mano el 2026-10-01 a partir de evidencia verificada (tools/seed/overrides.json, manualPlacements; confianza alta): dentro del centro comercial Plaza Santa Catalina (Calle Carlos Villarán 500, edificio en OSM), donde está la tienda según la dirección oficial de Vega; el local de Vega no está mapeado",2026-10-01
web-vega-colonial,vega,Vega Colonial,Av. Colonial 679 - Tienda 103 - C. Comercial Via Mix esquina con Av. Cárcamo,Lima,Lima,Lima,150101,-12.047327,-77.050286,exact,web,https://www.vega.pe/nuestras-tiendas,verified,Solo en la lista oficial (coordenadas oficiales),2026-10-01
web-vega-market-malvinas,vega,Vega Market Malvinas,Av. Argentina cdra. 6 (Centro Comercial Vía Mix) - Cercado de Lima,Lima,Lima,Lima,150101,-12.044107,-77.049920,exact,web,https://www.vega.pe/nuestras-tiendas,verified,Solo en la lista oficial (coordenadas oficiales),2026-10-01
web-vega-market-rospigliosi,vega,Vega Market Rospigliosi,"Av. Ignacio Merino No 1502 esq. con Manuel Segura, por Castillo Rospigliosi",Lima,Lima,Lima,150101,-12.079328,-77.033346,exact,web,https://www.vega.pe/nuestras-tiendas,verified,"Solo en la lista oficial (coordenadas oficiales); distrito según la lista oficial: Lince",2026-10-01
web-vega-market-alayza,vega,Vega Market Alayza,Av. Canevaro 213 esquina Calle Carlos Alayza,Lince,Lima,Lima,150116,-12.083701,-77.036789,exact,web,https://www.vega.pe/nuestras-tiendas,verified,Solo en la lista oficial (coordenadas oficiales),2026-10-01
web-vega-market-canevaro,vega,Vega Market Canevaro,Av. Canevaro No 1405 (Ref. frente al Parque de bomberos),Lince,Lima,Lima,150116,-12.085060,-77.046347,exact,web,https://www.vega.pe/nuestras-tiendas,verified,Solo en la lista oficial (coordenadas oficiales),2026-10-01
web-vega-market-merino,vega,Vega Market Merino,Av. Ignacio Merino 1999 - Lince,Lince,Lima,Lima,150116,-12.084047,-77.032429,exact,web,https://www.vega.pe/nuestras-tiendas,verified,Solo en la lista oficial (coordenadas oficiales),2026-10-01
web-vega-market-huandoy,vega,Vega Market Huandoy,"Av. Huandoy N° 5032, Unidad Inmobiliaria N° 2",Los Olivos,Lima,Lima,150117,-11.975521,-77.082512,exact,web,https://www.vega.pe/nuestras-tiendas,verified,Solo en la lista oficial (coordenadas oficiales),2026-10-01
web-vega-market-las-palmeras,vega,Vega Market Las Palmeras,Av. Las Palmeras 5345 - Los Olivos,Los Olivos,Lima,Lima,150117,-11.973454,-77.072667,exact,web,https://www.vega.pe/nuestras-tiendas,verified,Solo en la lista oficial (coordenadas oficiales),2026-10-01
web-vega-market-arica,vega,Vega Market Arica,Jr. Arica 346 - Chosica,Lurigancho,Lima,Lima,150118,-11.934518,-76.695139,exact,web,https://www.vega.pe/nuestras-tiendas,verified,Solo en la lista oficial (coordenadas oficiales),2026-10-01
web-vega-market-grau-lurin,vega,Vega Market Grau Lurín,"Jr. Grau 391, Lurín",Lurín,Lima,Lima,150119,-12.272768,-76.869149,exact,web,https://www.vega.pe/nuestras-tiendas,verified,Solo en la lista oficial (coordenadas oficiales),2026-10-01
web-vega-market-benavides,vega,Vega Market Benavides,"Av. Alfredo R. Benavides No 1615, Urb. San Jorge",Miraflores,Lima,Lima,150122,-12.126400,-77.015919,exact,web,https://www.vega.pe/nuestras-tiendas,verified,Solo en la lista oficial (coordenadas oficiales),2026-10-01
web-vega-market-clement,vega,Vega Market Clement,"Av. José Leguía y Meléndez No 1040, C. Comercial Sucre",Pueblo Libre,Lima,Lima,150121,-12.075469,-77.064663,exact,web,https://www.vega.pe/nuestras-tiendas,verified,Solo en la lista oficial (coordenadas oficiales),2026-10-01
web-vega-market-mariano-cornejo,vega,Vega Market Mariano Cornejo,Av. Mariano Cornejo 1407 a 3 cuadras de la Plaza de la Bandera,Pueblo Libre,Lima,Lima,150121,-12.068302,-77.076410,approx,web,https://www.vega.pe/nuestras-tiendas,to_verify,"Geocodificada a partir de la dirección oficial (Nominatim, a nivel de calle: Avenida Mariano Cornejo, Pueblo Libre, Lima)",2026-10-01
web-vega-market-mariano-pastor,vega,Vega Market Mariano Pastor,Calle Mariano Pastor Sevilla 194 (Ref 1/2 cuadra Mcdo. Bolívar).,Pueblo Libre,Lima,Lima,150121,-12.073157,-77.064868,approx,web,https://www.vega.pe/nuestras-tiendas,to_verify,"Colocada a mano el 2026-10-01 a partir de evidencia verificada (tools/seed/overrides.json, manualPlacements; confianza media): aproximada: Calle Mariano Pastor Sevilla 194, acera norte, a unos 30 m del n.º 177 (Mass, coordenadas oficiales) y antes del cruce con la Calle Yauli; a unos 80 m del Mercado Bolívar (OSM), como indica la referencia oficial «1/2 cuadra Mcdo. Bolívar». El sentido de la numeración no está confirmado: la tienda podría estar unos 40 m al oeste, en la misma cuadra. La lista oficial de Vega no trae coordenadas",2026-10-01
web-vega-supermayorista-gambetta,vega,Vega Supermayorista Gambetta,Av. Gambeta S/N a 2 cdras Carretera Panamerciana Norte,Puente Piedra,Lima,Lima,150125,-11.838050,-77.111158,exact,web,https://www.vega.pe/nuestras-tiendas,verified,"Solo en la lista oficial (coordenadas oficiales); distrito según la lista oficial: Ventanilla",2026-10-01
web-vega-supermayorista-huamantanga,vega,Vega Supermayorista Huamantanga,"Av. Puente Piedra 200, dentro Mcdo. Huamantanga, frente al Puesto Regulador",Puente Piedra,Lima,Lima,150125,-11.861196,-77.077099,exact,web,https://www.vega.pe/nuestras-tiendas,verified,Solo en la lista oficial (coordenadas oficiales),2026-10-01
web-vega-supermayorista-tres-regiones,vega,Vega Supermayorista Tres Regiones,"Av. Panamericana Norte km. 33.5, dentro Mcdo. 3 Regiones, Zapallal",Puente Piedra,Lima,Lima,150125,-11.848302,-77.094142,exact,web,https://www.vega.pe/nuestras-tiendas,verified,Solo en la lista oficial (coordenadas oficiales),2026-10-01
web-vega-market-amancaes-3,vega,Vega Market Amancaes 3,"Av. Amancaes 124, Frente al Arco de Amancaes",Rímac,Lima,Lima,150128,-12.025903,-77.033556,exact,web,https://www.vega.pe/nuestras-tiendas,verified,Solo en la lista oficial (coordenadas oficiales),2026-10-01
web-vega-supermayorista-ciudad-y-campo,vega,Vega Supermayorista Ciudad y Campo,"Av. Armando Filomeno 105, al frente del mercado Ciudad y Campo",Rímac,Lima,Lima,150128,-12.024138,-77.029114,exact,web,https://www.vega.pe/nuestras-tiendas,verified,Solo en la lista oficial (coordenadas oficiales),2026-10-01
web-vega-market-aviacion,vega,Vega Market Aviación,Av. Aviación No 3540 Torres de Limatambo,San Borja,Lima,Lima,150130,-12.107481,-77.001284,exact,web,https://www.vega.pe/nuestras-tiendas,verified,Solo en la lista oficial (coordenadas oficiales),2026-10-01
web-vega-market-la-cultura,vega,Vega Market La Cultura,"Av. Aviación No 2347, paradero tren La Cultura",San Borja,Lima,Lima,150130,-12.084909,-77.003714,exact,web,https://www.vega.pe/nuestras-tiendas,verified,Solo en la lista oficial (coordenadas oficiales),2026-10-01
osm-w1224905036,vega,Vega Market Chimú,"Av Gran Chimú 1641, Urb. Zárate",San Juan de Lurigancho,Lima,Lima,150132,-12.023757,-76.985857,exact,osm,w1224905036,verified,También en la lista oficial (nombre en OSM: Vega Market),2026-10-01
web-vega-market-montenegro,vega,Vega Market Montenegro,"Jr. Mar de flores Oeste 127 - Lt 2B, cdra. 16 Av. Montenegro, Mcdo. Sagrado Corazón de Jesús",San Juan de Lurigancho,Lima,Lima,150132,-11.936311,-76.972115,exact,web,https://www.vega.pe/nuestras-tiendas,verified,Solo en la lista oficial (coordenadas oficiales),2026-10-01
web-vega-vara-de-oro,vega,Vega Vara de Oro,"Calle Vara de Oro 288, alt Cdra 8 Av. Gran Chimú, Urb. Zárate",San Juan de Lurigancho,Lima,Lima,150132,-12.025293,-76.998279,exact,web,https://www.vega.pe/nuestras-tiendas,verified,Solo en la lista oficial (coordenadas oficiales),2026-10-01
web-vega-market-san-luis,vega,Vega Market San Luis,"Jr. Río Tumbes 290, Urb. Las Moras",San Luis,Lima,Lima,150134,-12.075408,-77.002338,approx,web,https://www.vega.pe/nuestras-tiendas,to_verify,"Colocada a mano el 2026-10-01 a partir de evidencia verificada (tools/seed/overrides.json, manualPlacements; confianza media): aproximada: Jr. Río Tumbes 290, Urb. Las Moras, interpolada entre el n.º 275 (Transportes San Alejandro, OSM) y el n.º 325 (I.E.I. Virgen de la Paz, OSM) de la misma calle, en la acera de los números pares. La lista oficial de Vega no trae coordenadas",2026-10-01
web-vega-market-alisos,vega,Vega Market Alisos,"Av. Los Alisos Mz. R Lt 45, cruce con Av. Universitaria, Urb. Los Jazmines de Naranjal",San Martín de Porres,Lima,Lima,150135,-11.983270,-77.079375,exact,web,https://www.vega.pe/nuestras-tiendas,verified,"Solo en la lista oficial (coordenadas oficiales); distrito según la lista oficial: Los Olivos",2026-10-01
web-vega-market-izaguirre,vega,Vega Market Izaguirre,"Av Carlos Izaguirre MZ ""A"", Lt 30, esquina Av. Santa Rosa, Mcdo. Sr. de los Milagros",San Martín de Porres,Lima,Lima,150135,-11.989753,-77.097928,exact,web,https://www.vega.pe/nuestras-tiendas,verified,Solo en la lista oficial (coordenadas oficiales),2026-10-01
web-vega-market-los-olivos,vega,Vega Market Los Olivos,"Av. Los Olivos 210 altura cdra. 1 Av. Santa Rosa, por Grifo Repsol.",San Martín de Porres,Lima,Lima,150135,-11.986153,-77.090242,approx,web,https://www.vega.pe/nuestras-tiendas,to_verify,"Geocodificada a partir de la dirección oficial (Nominatim, a nivel de calle: Avenida Los Olivos, Urbanización Virgen del Rosario ll Etapa, Santa Rosa)",2026-10-01
web-vega-market-riobamba,vega,Vega Market Riobamba,"Jr. Riobamba 501, alt. cdra. 13 Av. Perú, costado Banco de la Nación, Urb. Perú",San Martín de Porres,Lima,Lima,150135,-12.033320,-77.058270,exact,web,https://www.vega.pe/nuestras-tiendas,verified,Solo en la lista oficial (coordenadas oficiales),2026-10-01
web-vega-market-tantamayo,vega,Vega Market Tantamayo,"Av. Tantamayo Lt 17B , distrito de San Martin",San Martín de Porres,Lima,Lima,150135,-11.959746,-77.096434,exact,web,https://www.vega.pe/nuestras-tiendas,verified,Solo en la lista oficial (coordenadas oficiales),2026-10-01
web-vega-supermayorista-san-diego,vega,Vega Supermayorista San Diego,"Sta. María De Los Ángeles Mz. Ñ1, Lt. 3, Urb. San Diego (Mcdo Modelo San Diego) - S.M.P.",San Martín de Porres,Lima,Lima,150135,-11.945648,-77.087740,exact,web,https://www.vega.pe/nuestras-tiendas,verified,Solo en la lista oficial (coordenadas oficiales),2026-10-01
osm-w518440884,vega,Vega Supermayorista Sol de Naranjal,"Av. Pacasmayo cdra. 1 esquina con Av. Sol de Naranjal, Grifo Olimpo Repsol",San Martín de Porres,Lima,Lima,150135,-11.968418,-77.095863,exact,osm,w518440884,verified,También en la lista oficial,2026-10-01
web-vega-market-escardo,vega,Vega Market Escardó,Av. Rafael Escardó Salazar No 454 Urb. Maranga,San Miguel,Lima,Lima,150136,-12.078077,-77.093635,exact,web,https://www.vega.pe/nuestras-tiendas,verified,Solo en la lista oficial (coordenadas oficiales),2026-10-01
web-vega-market-maranga,vega,Vega Market Maranga,Av. Los Precursores No 362-366,San Miguel,Lima,Lima,150136,-12.069985,-77.091945,exact,web,https://www.vega.pe/nuestras-tiendas,verified,Solo en la lista oficial (coordenadas oficiales),2026-10-01
web-vega-market-universal,vega,Vega Market Universal,"Jr. César Vallejo 356- 360 Urb. Universal, al frente Mcdo. Universal",Santa Anita,Lima,Lima,150137,-12.043454,-76.979570,exact,web,https://www.vega.pe/nuestras-tiendas,verified,Solo en la lista oficial (coordenadas oficiales),2026-10-01
web-vega-mayorista-productores,vega,Vega Mayorista Productores,"Asociación de Productores Agrícolas Mercado Santa Anita, Pj. B 13 - Santa Anita",Santa Anita,Lima,Lima,150137,-12.040768,-76.948009,exact,web,https://www.vega.pe/nuestras-tiendas,verified,Solo en la lista oficial (coordenadas oficiales),2026-10-01
web-vega-market-guardia-civil,vega,Vega Market Guardia Civil,Jirón Guardia Civil norte Mz K Lt 4 Urb. Los Parrales de Surco,Santiago de Surco,Lima,Lima,150140,-12.168091,-76.992227,exact,web,https://www.vega.pe/nuestras-tiendas,verified,Solo en la lista oficial (coordenadas oficiales),2026-10-01
web-vega-market-higuereta,vega,Vega Market Higuereta,Av. Santiago de Surco N°. 3004 local 101 Mz. H Lt.1 - Santiago de Surco,Santiago de Surco,Lima,Lima,150140,-12.129457,-77.000985,exact,web,https://www.vega.pe/nuestras-tiendas,verified,Solo en la lista oficial (coordenadas oficiales),2026-10-01
web-vega-market-roosevel,vega,Vega Market Roosevel,"Jr. Franklin Roosevelt 812, parte posterior Mcdo. Jorge Chávez.",Santiago de Surco,Lima,Lima,150140,-12.146928,-77.013284,exact,web,https://www.vega.pe/nuestras-tiendas,verified,Solo en la lista oficial (coordenadas oficiales),2026-10-01
web-vega-market-tomasal,vega,Vega Market Tomasal,"Jr. Tomasal 145, Surco",Santiago de Surco,Lima,Lima,150140,-12.108365,-76.969200,exact,web,https://www.vega.pe/nuestras-tiendas,verified,Solo en la lista oficial (coordenadas oficiales),2026-10-01
web-vega-supermayorista-tomas-marsano,vega,Vega Supermayorista Tomas Marsano,Av. Tomás Marsano Cdra 4 Urb. Prol. Benavides entre estación de tren: Jorge Chávez y Bolichera,Santiago de Surco,Lima,Lima,150140,-12.145241,-76.988208,exact,web,https://www.vega.pe/nuestras-tiendas,verified,Solo en la lista oficial (coordenadas oficiales),2026-10-01
osm-n13648403550,vega,Vega Market Villarán,Av. Manuel Villlaran 708 Urb. Los Sauces Surquillo.,Surquillo,Lima,Lima,150141,-12.121761,-77.004843,exact,osm,n13648403550,verified,También en la lista oficial (nombre en OSM: Vega Market),2026-10-01
osm-w372400534,vega,Vega Supermayorista Villa Lima,"Av. Lima No 2500 (Ex Electra) Villa El Salvador, junto Mega Plaza VES",Villa El Salvador,Lima,Lima,150142,-12.230792,-76.910390,exact,osm,w372400534,verified,También en la lista oficial (nombre en OSM: Vega mayorista),2026-10-01
web-vega-market-nueva-esperanza,vega,Vega Market Nueva Esperanza,"Av. 26 de Noviembre No 1993, Mcdo. Virgen de Lourdes",Villa María del Triunfo,Lima,Lima,150143,-12.168824,-76.927706,approx,web,https://www.vega.pe/nuestras-tiendas,to_verify,"Geocodificada a partir de la dirección oficial (Nominatim, a nivel de calle: Avenida 26 de Noviembre, Virgen de Lourdes, Nueva Esperanza)",2026-10-01
web-vega-market-villa-maria,vega,Vega Market Villa María,"Jose Carlos Mariátegui No 798, altura del Mcdo. Modelo, San Gabriel",Villa María del Triunfo,Lima,Lima,150143,-12.154659,-76.952612,exact,web,https://www.vega.pe/nuestras-tiendas,verified,Solo en la lista oficial (coordenadas oficiales),2026-10-01
web-florayfauna-barranco,florayfauna,Flora y Fauna Barranco,Av. Miguel Grau 560,Barranco,Lima,Lima,150104,-12.146150,-77.024156,exact,web,https://www.florayfauna.pe/institucional/nuestras-tiendas,verified,Solo en la lista oficial (coordenadas oficiales),2026-10-01
web-florayfauna-san-felipe,florayfauna,Flora y Fauna San Felipe,C.C San Felipe 109,Jesús María,Lima,Lima,150113,-12.087292,-77.059464,exact,web,https://www.florayfauna.pe/institucional/nuestras-tiendas,verified,Solo en la lista oficial (coordenadas oficiales),2026-10-01
osm-n13172400608,florayfauna,Flora y Fauna La Molina,Av. Raúl ferrero 1415,La Molina,Lima,Lima,150114,-12.091583,-76.952246,exact,osm,n13172400608,verified,"También en la lista oficial; coordenadas oficiales a 281 m",2026-10-01
web-florayfauna-nicolas-de-pierola,florayfauna,Flora y Fauna Nicolás de Pierola,Avenida Nicolás de Piérola 1018,Lima,Lima,Lima,150101,-12.052251,-77.033942,exact,web,https://www.florayfauna.pe/institucional/nuestras-tiendas,verified,Solo en la lista oficial (coordenadas oficiales),2026-10-01
web-florayfauna-balboa,florayfauna,Flora y Fauna Balboa,Av. Vasco Núñez de Balboa 771,Miraflores,Lima,Lima,150122,-12.129483,-77.026826,exact,web,https://www.florayfauna.pe/institucional/nuestras-tiendas,verified,Solo en la lista oficial (coordenadas oficiales),2026-10-01
web-florayfauna-benavides,florayfauna,Flora y Fauna Benavides,Av. Benavides 2150,Miraflores,Lima,Lima,150122,-12.127760,-77.012774,exact,web,https://www.florayfauna.pe/institucional/nuestras-tiendas,verified,Solo en la lista oficial (coordenadas oficiales),2026-10-01
osm-n4346194277,florayfauna,Flora y Fauna La Mar,Av. Mariscal La Mar 1110,Miraflores,Lima,Lima,150122,-12.110923,-77.047834,exact,osm,n4346194277,verified,También en la lista oficial,2026-10-01
osm-n5789888297,florayfauna,Flora y Fauna San Borja,Av. Aviación 3110,San Borja,Lima,Lima,150130,-12.101293,-77.001902,exact,osm,n5789888297,verified,También en la lista oficial,2026-10-01
web-florayfauna-cavenecia,florayfauna,Flora y Fauna Cavenecia,Av. Emilio Cavenecia 136,San Isidro,Lima,Lima,150131,-12.109422,-77.037656,exact,web,https://www.florayfauna.pe/institucional/nuestras-tiendas,verified,Solo en la lista oficial (coordenadas oficiales),2026-10-01
web-florayfauna-dos-de-mayo,florayfauna,Flora y Fauna Dos de Mayo,Av. Dos de Mayo 1205,San Isidro,Lima,Lima,150131,-12.092190,-77.043156,exact,web,https://www.florayfauna.pe/institucional/nuestras-tiendas,verified,Solo en la lista oficial (coordenadas oficiales),2026-10-01
osm-n14099296789,florayfauna,Flora y Fauna Ejército,Av. del Ejército 1205,San Isidro,Lima,Lima,150131,-12.101962,-77.059003,exact,osm,n14099296789,verified,"También en la lista oficial; distrito según la lista oficial: Magdalena del Mar",2026-10-01
web-florayfauna-san-miguel,florayfauna,Flora y Fauna San Miguel,Av. Universitaria 1045,San Miguel,Lima,Lima,150136,-12.075360,-77.083082,exact,web,https://www.florayfauna.pe/institucional/nuestras-tiendas,verified,Solo en la lista oficial (coordenadas oficiales),2026-10-01
web-florayfauna-el-polo,florayfauna,Flora y Fauna El Polo,Av. El Polo 740,Santiago de Surco,Lima,Lima,150140,-12.101062,-76.974025,exact,web,https://www.florayfauna.pe/institucional/nuestras-tiendas,verified,Solo en la lista oficial (coordenadas oficiales),2026-10-01
osm-n5055058521,florayfauna,Flora y Fauna Surco,Av. Primavera 654,Santiago de Surco,Lima,Lima,150140,-12.111145,-76.986623,exact,osm,n5055058521,verified,También en la lista oficial,2026-10-01
osm-n11975962201,holi,Holi Barranco,Av. El Sol Oeste 135,Barranco,Lima,Lima,150104,-12.139689,-77.022759,exact,osm,n11975962201,verified,"También en la lista oficial; la lista oficial no trae coordenadas; emparejada por el nombre de la sede o de la calle",2026-10-01
osm-n13088028411,holi,Holi Jesus Maria,Av. San Felipe 720,Jesús María,Lima,Lima,150113,-12.082670,-77.050419,exact,osm,n13088028411,verified,"También en la lista oficial; la lista oficial no trae coordenadas; emparejada por el nombre de la sede o de la calle",2026-10-01
web-holi-cercado,holi,Holi Cercado,Jr. García Villón 639,Lima,Lima,Lima,150101,-12.046759,-77.048804,approx,web,https://holisupermercado.com/libro-de-reclamaciones/,to_verify,"Geocodificada a partir de la dirección oficial (Nominatim, a nivel de número: 639, Jirón Presbítero García Villón, Lima)",2026-10-01
web-holi-petit-thouars,holi,Holi Petit Thouars,Av. Petit Thouars 1261,Lima,Lima,Lima,150101,-12.076923,-77.034226,approx,web,https://holisupermercado.com/libro-de-reclamaciones/,to_verify,"Colocada a mano el 2026-10-01 a partir de evidencia verificada (tools/seed/overrides.json, manualPlacements; confianza alta): aproximada: Av. Petit Thouars 1261, Santa Beatriz, Cercado de Lima (Perú Retail, 21/12/2025: abrió el 19/12/2025), interpolada entre el n.º 1255 y el n.º 1281 de la misma acera (OSM)",2026-10-01
web-holi-magdalena,holi,Holi Magdalena,Av. Alberto del Campo 1006,Magdalena del Mar,Lima,Lima,150120,-12.096277,-77.059225,approx,web,https://holisupermercado.com/libro-de-reclamaciones/,to_verify,"Geocodificada a partir de la dirección oficial (Nominatim, a nivel de calle: Avenida Alberto del Campo, Magdalena, Magdalena del Mar)",2026-10-01
osm-n14232788501,holi,Holi 28 de Julio,Av. La Paz 971,Miraflores,Lima,Lima,150122,-12.127792,-77.026894,exact,osm,n14232788501,verified,"También en la lista oficial; emparejada con este elemento OSM en tools/seed/overrides.json (al interpolar la numeración, Av. La Paz 971 (Miraflores) cae a unos 20 m de este nodo); la lista oficial no trae coordenadas",2026-10-01
osm-n13088028410,holi,Holi La mar,Av. La Mar 834,Miraflores,Lima,Lima,150122,-12.112873,-77.045938,exact,osm,n13088028410,verified,"También en la lista oficial; la lista oficial no trae coordenadas; emparejada por el nombre de la sede o de la calle",2026-10-01
web-holi-pardo,holi,Holi Pardo,Av. José Pardo 200,Miraflores,Lima,Lima,150122,-12.118786,-77.030441,approx,web,https://holisupermercado.com/libro-de-reclamaciones/,to_verify,"Colocada a mano el 2026-10-01 a partir de evidencia verificada (tools/seed/overrides.json, manualPlacements; confianza alta): aproximada: Av. José Pardo 200, Miraflores (Perú Retail, 04/12/2025: abrió el 28/11/2025), interpolada entre el n.º 140 y el n.º 216 (Norky's) de la misma acera (OSM)",2026-10-01
osm-w437490946,holi,Holi Chacarilla,Av. Primavera 805,San Borja,Lima,Lima,150130,-12.110190,-76.984292,exact,osm,w437490946,verified,"También en la lista oficial; la lista oficial no trae coordenadas; emparejada por el nombre de la sede o de la calle",2026-10-01
web-holi-la-marina-1,holi,Holi La Marina 1,Av. La Marina 3205,San Miguel,Lima,Lima,150136,-12.075064,-77.098796,approx,web,https://holisupermercado.com/libro-de-reclamaciones/,to_verify,"Control de numeración: el punto de calle que dio Nominatim (Avenida de La Marina, Rafael Escardó, San Miguel) quedaba a 0.5 km del n.º 3205; posición interpolada entre el n.º 3140 (OSM w436795388) y el n.º 3219 (OSM n10114657959) de la misma calle",2026-10-01
web-holi-la-marina-2,holi,Holi La Marina 2,Av. La Marina 2895,San Miguel,Lima,Lima,150136,-12.077124,-77.094794,approx,web,https://holisupermercado.com/libro-de-reclamaciones/,to_verify,"Control de numeración: el punto de calle que dio Nominatim (Avenida de La Marina, Rafael Escardó, San Miguel) quedaba a 1.0 km del n.º 2895; posición interpolada entre el n.º 2841 (Mass Av. De La Marina 2841 (coordenadas oficiales)) y el n.º 2955 (OSM w436457015) de la misma calle",2026-10-01
osm-n13088028409,holi,Holi Surquillo,Av. Principal 576,Surquillo,Lima,Lima,150141,-12.117171,-77.006326,exact,osm,n13088028409,verified,"También en la lista oficial; la lista oficial no trae coordenadas; emparejada por el nombre de la sede o de la calle",2026-10-01
web-tambo-casma-av-luis-ormeno,tambo,Tambo Casma - Av. Luis Ormeño,"Av. Luis Ormeño, Mz. 33, Lt. 3",Casma,Casma,Áncash,020801,-9.474933,-78.301032,approx,web,https://www.peru-retail.com/tambo-inaugura-20-nuevas-tiendas-y-supera-las-900-a-nivel-nacional-donde-estan-sus-nuevos-locales/,to_verify,"Geocodificada a partir de la dirección oficial (Nominatim, a nivel de calle: Avenida Luis Ormeño, Casma Villahermosa, Casma); reportada por la prensa; no figura en la lista oficial",2026-10-01
web-tambo-balta,tambo,Tambo Balta,Avenida José Balta,Chimbote,Santa,Áncash,021801,-9.070155,-78.585457,exact,web,https://www.tambo.pe/tiendas,verified,Solo en la lista oficial (coordenadas oficiales),2026-10-01
web-tambo-hayadelatorre,tambo,Tambo Hayadelatorre,Avenida Pardo 472,Chimbote,Santa,Áncash,021801,-9.075609,-78.593681,exact,web,https://www.tambo.pe/tiendas,verified,Solo en la lista oficial (coordenadas oficiales),2026-10-01
osm-n14085724114,tambo,Tambo Mariategui Nuevochimbote,VFFH+FF8,Nuevo Chimbote,Santa,Áncash,021809,-9.126383,-78.521291,exact,osm,n14085724114,verified,También en la lista oficial,2026-10-01
osm-n5064262608,tambo,Tambo Nuevo,"VFHC+828, 02711",Nuevo Chimbote,Santa,Áncash,021809,-9.121727,-78.529954,exact,osm,n5064262608,verified,También en la lista oficial,2026-10-01
web-tambo-nuevo-chimbote-av-naciones-unidas,tambo,Tambo Nuevo Chimbote - Av. Naciones Unidas,"Av. Naciones Unidas, Mz. 5 Lt. 17, Urb. Bella Mar II Et.",Nuevo Chimbote,Santa,Áncash,021809,-9.117540,-78.511453,approx,web,https://www.peru-retail.com/tambo-suma-23-nuevos-locales-en-junio-y-queda-cerca-de-alcanzar-900-tiendas-a-nivel-nacional/,to_verify,"Geocodificada a partir de la dirección oficial (Nominatim, a nivel de calle: Avenida Naciones Unidas, Bellamar, Nuevo Chimbote); reportada por la prensa; no figura en la lista oficial",2026-10-01
web-tambo-nuevo-chimbote-mz-a,tambo,Tambo Nuevo Chimbote - Mz. A,"Mz. A, Lt. 01, Programa de Vivienda HUP Villa María",Nuevo Chimbote,Santa,Áncash,021809,-9.120723,-78.540239,approx,web,https://www.peru-retail.com/tambo-inaugura-20-nuevas-tiendas-y-supera-las-900-a-nivel-nacional-donde-estan-sus-nuevos-locales/,to_verify,"Colocada a mano el 2026-10-01 a partir de evidencia verificada (tools/seed/overrides.json, manualPlacements; confianza media): ubicación aproximada: Mz. A Lt. 01 del P.V. HUP Villa María, lote contiguo al grifo PECSA (Mz. A Lt. 2, Carretera Panamericana) según registro de Osinergmin (exp. 201300143694, 2013); grifo mapeado en OSM (nodo 3646844816 / vía 828895493) en Villa María, Nuevo Chimbote. Apertura reportada por Peru Retail (09/09/2026); aún no figura en la lista oficial; reportada por la prensa; no figura en la lista oficial",2026-10-01
osm-n14085723283,tambo,Tambo Pacifico Nuevochimbote,VFCJ+J76,Nuevo Chimbote,Santa,Áncash,021809,-9.128500,-78.519334,exact,osm,n14085723283,verified,También en la lista oficial,2026-10-01
web-tambo-losandes,tambo,Tambo Losandes,Calle Los Andes 511,Alto Selva Alegre,Arequipa,Arequipa,040102,-16.381733,-71.518646,exact,web,https://www.tambo.pe/tiendas,verified,Solo en la lista oficial (coordenadas oficiales),2026-10-01
web-tambo-arequipa-calle-mercaderes-107,tambo,Tambo Arequipa - Calle Mercaderes 107,Calle Mercaderes 107,Arequipa,Arequipa,Arequipa,040101,-16.398464,-71.535943,approx,web,https://www.peru-retail.com/tambo-amplia-su-presencia-con-18-nuevos-locales-donde-estan-ubicados-y-cuantos-acumula/,to_verify,"Geocodificada a partir de la dirección oficial (Nominatim, a nivel de número: 107, Calle Mercaderes, 7 Esquinas); reportada por la prensa; no figura en la lista oficial",2026-10-01
web-tambo-lambramani,tambo,Tambo Lambramani,Calle Urbanizacion Lambramani b2,Arequipa,Arequipa,Arequipa,040101,-16.408985,-71.523605,exact,web,https://www.tambo.pe/tiendas,verified,Solo en la lista oficial (coordenadas oficiales),2026-10-01
web-tambo-lamerced,tambo,Tambo Lamerced,Tambo - Salaverry,Arequipa,Arequipa,Arequipa,040101,-16.405685,-71.539986,exact,web,https://www.tambo.pe/tiendas,verified,Solo en la lista oficial (coordenadas oficiales),2026-10-01
web-tambo-rivero,tambo,Tambo Rivero,TAMBO RIVERO-C3-AREQUIPA,Arequipa,Arequipa,Arequipa,040101,-16.396330,-71.532761,exact,web,https://www.tambo.pe/tiendas,verified,Solo en la lista oficial (coordenadas oficiales),2026-10-01
web-tambo-sigloxx,tambo,Tambo Sigloxx,Avenida Siglo XX 152,Arequipa,Arequipa,Arequipa,040101,-16.400457,-71.529892,exact,web,https://www.tambo.pe/tiendas,verified,Solo en la lista oficial (coordenadas oficiales),2026-10-01
web-tambo-socabaya,tambo,Tambo Socabaya,TAMBO SOCABAYA-AREQUIPA,Arequipa,Arequipa,Arequipa,040101,-16.408907,-71.537819,exact,web,https://www.tambo.pe/tiendas,verified,Solo en la lista oficial (coordenadas oficiales),2026-10-01
web-tambo-tacnayarica,tambo,Tambo Tacnayarica,Tacna y Arica 125a,Arequipa,Arequipa,Arequipa,040101,-16.408028,-71.540688,exact,web,https://www.tambo.pe/tiendas,verified,Solo en la lista oficial (coordenadas oficiales),2026-10-01
web-tambo-velarde,tambo,Tambo Velarde,Samuel Velarde 117,Arequipa,Arequipa,Arequipa,040101,-16.403576,-71.549385,exact,web,https://www.tambo.pe/tiendas,verified,Solo en la lista oficial (coordenadas oficiales),2026-10-01
web-tambo-venezuela-4,tambo,Tambo Venezuela,Vía Rápida Venezuela 332,Arequipa,Arequipa,Arequipa,040101,-16.405230,-71.521500,exact,web,https://www.tambo.pe/tiendas,verified,Solo en la lista oficial (coordenadas oficiales),2026-10-01
web-tambo-arequipa-av-pumacahua-110,tambo,Tambo Arequipa - Av. Pumacahua 110,"Av. Pumacahua 110, Urb. Pueblo Viejo",Cerro Colorado,Arequipa,Arequipa,040104,-16.377931,-71.557069,approx,web,https://www.peru-retail.com/tambo-inaugura-20-nuevas-tiendas-y-supera-las-900-a-nivel-nacional-donde-estan-sus-nuevos-locales/,to_verify,"Geocodificada a partir de la dirección oficial (Nominatim, a nivel de calle: Avenida Pumacahua, La Castellana, La Libertad); la fuente no indica el distrito; la calle existe en un solo distrito; reportada por la prensa; no figura en la lista oficial",2026-10-01
osm-n4232489513,tambo,Tambo,,José Luis Bustamante y Rivero,Arequipa,Arequipa,040129,-16.417520,-71.527070,exact,osm,n4232489513,to_verify,"Solo en OSM; elemento OSM v3, última edición el 2025-08-16; tienda oficial de Oxxo ""Oxxo Adepa"" a 23 m (¿mismo local? revisar)",2026-10-01
web-tambo-garcilazo,tambo,Tambo Garcilazo,Garcilaso de la Vega 104,José Luis Bustamante y Rivero,Arequipa,Arequipa,040129,-16.431063,-71.532501,exact,web,https://www.tambo.pe/tiendas,verified,Solo en la lista oficial (coordenadas oficiales),2026-10-01
web-tambo-pizarro,tambo,Tambo Pizarro,Avenida Pizarro 135,José Luis Bustamante y Rivero,Arequipa,Arequipa,040129,-16.425095,-71.515472,exact,web,https://www.tambo.pe/tiendas,verified,Solo en la lista oficial (coordenadas oficiales),2026-10-01
web-tambo-arequipa-calle-maria-nieves-bustamante-100,tambo,Tambo Arequipa - Calle María Nieves Bustamante 100,Calle María Nieves Bustamante 100,Mariano Melgar,Arequipa,Arequipa,040109,-16.399199,-71.500062,approx,web,https://www.peru-retail.com/tambo-inaugura-20-nuevas-tiendas-y-supera-las-900-a-nivel-nacional-donde-estan-sus-nuevos-locales/,to_verify,"Geocodificada a partir de la dirección oficial (Nominatim, a nivel de calle: Calle Maria Nieves Bustamante, Santo Domingo, Mariano Melgar); la fuente no indica el distrito; la calle existe en un solo distrito; reportada por la prensa; no figura en la lista oficial",2026-10-01
web-tambo-jesus,tambo,Tambo Jesus,Avenida Jesús 2201,Paucarpata,Arequipa,Arequipa,040112,-16.419729,-71.501366,exact,web,https://www.tambo.pe/tiendas,verified,Solo en la lista oficial (coordenadas oficiales),2026-10-01
web-tambo-jesus-2,tambo,Tambo Jesus,"Estación Cayro, Av. Jesús, Paucarpata 04007",Paucarpata,Arequipa,Arequipa,040112,-16.416765,-71.506058,exact,web,https://www.tambo.pe/tiendas,verified,Solo en la lista oficial (coordenadas oficiales),2026-10-01
web-tambo-kennedy,tambo,Tambo Kennedy,John F. Kennedy 1507,Paucarpata,Arequipa,Arequipa,040112,-16.421154,-71.507965,exact,web,https://www.tambo.pe/tiendas,verified,Solo en la lista oficial (coordenadas oficiales),2026-10-01
web-tambo-independencia,tambo,Tambo Independencia,Avenida Independencia 112,Socabaya,Arequipa,Arequipa,040122,-16.447992,-71.532372,exact,web,https://www.tambo.pe/tiendas,verified,Solo en la lista oficial (coordenadas oficiales),2026-10-01
web-tambo-ejercito-4,tambo,Tambo Ejercito,JF55+88W,Yanahuara,Arequipa,Arequipa,040126,-16.391638,-71.541672,exact,web,https://www.tambo.pe/tiendas,verified,Solo en la lista oficial (coordenadas oficiales),2026-10-01
web-tambo-amancaes,tambo,Tambo Amancaes,Calle Los Amancaes 120,Bellavista,Callao,Callao,070102,-12.061358,-77.097725,exact,web,https://www.tambo.pe/tiendas,verified,Solo en la lista oficial (coordenadas oficiales),2026-10-01
web-tambo-bellavista-av-oscar-r-benavides-5324,tambo,Tambo Bellavista - Av. Óscar R. Benavides 5324,"Av. Óscar R. Benavides 5324, Urb. San Joaquín",Bellavista,Callao,Callao,070102,-12.052084,-77.088166,approx,web,https://www.peru-retail.com/tambo-suma-23-nuevos-locales-en-junio-y-queda-cerca-de-alcanzar-900-tiendas-a-nivel-nacional/,to_verify,"Geocodificada a partir de la dirección oficial (Nominatim, a nivel de número: Mipersa, 5324, Avenida Óscar Raimundo Benavides); reportada por la prensa; no figura en la lista oficial",2026-10-01
web-tambo-bellavista-av-saenz-pena-1088,tambo,Tambo Bellavista - Av. Sáenz Peña 1088,Av. Sáenz Peña 1088,Bellavista,Callao,Callao,070102,-12.059399,-77.131018,approx,web,https://www.peru-retail.com/tambo-inaugura-20-nuevas-tiendas-y-supera-las-900-a-nivel-nacional-donde-estan-sus-nuevos-locales/,to_verify,"Geocodificada a partir de la dirección oficial (Nominatim, a nivel de calle: Avenida Sáenz Peña, Bellavista, Callao); reportada por la prensa; no figura en la lista oficial",2026-10-01
web-tambo-callao-av-venezuela,tambo,Tambo Callao - Av. Venezuela,"Av. Venezuela, cdra. 34 s/n",Bellavista,Callao,Callao,070102,-12.061699,-77.090172,approx,web,https://www.peru-retail.com/tambo-suma-23-nuevos-locales-en-junio-y-queda-cerca-de-alcanzar-900-tiendas-a-nivel-nacional/,to_verify,"Colocada a mano el 2026-10-01 a partir de evidencia verificada (tools/seed/overrides.json, manualPlacements; confianza baja): aproximada (por verificar): la cuadra 34 de la Av. Venezuela, del lado del Callao, es el frente del Centro Médico Naval (OSM: Av. República de Venezuela 3400, Bellavista); se ubicó junto a la puerta del CMN en esa cuadra. Prensa: Perú Retail, 09/07/2026, que la registra en el Callao; reportada por la prensa; no figura en la lista oficial; distrito según la prensa: Callao",2026-10-01
web-tambo-colina,tambo,Tambo Colina,Colina 1050,Bellavista,Callao,Callao,070102,-12.065646,-77.122757,exact,web,https://www.tambo.pe/tiendas,verified,Solo en la lista oficial (coordenadas oficiales),2026-10-01
web-tambo-colonial-3,tambo,Tambo Colonial,Avenida Óscar R. Benavides 3140,Bellavista,Callao,Callao,070102,-12.056232,-77.109421,exact,web,https://www.tambo.pe/tiendas,to_verify,"Solo en la lista oficial (coordenadas oficiales); venta en línea desactivada en el sistema oficial (tienda nueva o cerrada)",2026-10-01
web-tambo-colonial-5,tambo,Tambo Colonial,Avenida Óscar R. Benavides 4920,Bellavista,Callao,Callao,070102,-12.052978,-77.093414,exact,web,https://www.tambo.pe/tiendas,verified,Solo en la lista oficial (coordenadas oficiales),2026-10-01
web-tambo-colonialmall,tambo,Tambo Colonialmall,Avenida Óscar R. Benavides 3866,Bellavista,Callao,Callao,070102,-12.056563,-77.101501,exact,web,https://www.tambo.pe/tiendas,verified,Solo en la lista oficial (coordenadas oficiales),2026-10-01
web-tambo-grau-5,tambo,Tambo Grau,WVQ9+M8G,Bellavista,Callao,Callao,070102,-12.060813,-77.131668,exact,web,https://www.tambo.pe/tiendas,verified,Solo en la lista oficial (coordenadas oficiales),2026-10-01
web-tambo-udelcallao,tambo,Tambo Udelcallao,Tambo+ U del Callao 2,Bellavista,Callao,Callao,070102,-12.062396,-77.116768,exact,web,https://www.tambo.pe/tiendas,to_verify,"Solo en la lista oficial (coordenadas oficiales); venta en línea desactivada en el sistema oficial (tienda nueva o cerrada)",2026-10-01
web-tambo-venezuela,tambo,Tambo Venezuela,Avenida Venezuela 2499,Bellavista,Callao,Callao,070102,-12.063047,-77.103271,exact,web,https://www.tambo.pe/tiendas,verified,Solo en la lista oficial (coordenadas oficiales),2026-10-01
osm-n13588602664,tambo,Tambo Argentina,Avenida Argentina 3990,Callao,Callao,Callao,070101,-12.049311,-77.104054,exact,osm,n13588602664,verified,También en la lista oficial,2026-10-01
web-tambo-bocanegra,tambo,Tambo Bocanegra,"Urb Albino Herrera Etapa 1, Callao",Callao,Callao,Callao,070101,-12.007310,-77.100296,exact,web,https://www.tambo.pe/tiendas,verified,Solo en la lista oficial (coordenadas oficiales),2026-10-01
osm-n13091728201,tambo,Tambo BOCANEGRA2,Avenida los Dominicos 922,Callao,Callao,Callao,070101,-12.006238,-77.098896,exact,osm,n13091728201,verified,También en la lista oficial (nombre en OSM: Tambo Bocanegra),2026-10-01
web-tambo-callao-av-canada,tambo,Tambo Callao - Av. Canadá,"Av. Canadá, Mz. E1, Lt. 01, Urb. San Juan Marías",Callao,Callao,Callao,070101,-11.998257,-77.118088,approx,web,https://www.peru-retail.com/tambo-inaugura-20-nuevas-tiendas-y-supera-las-900-a-nivel-nacional-donde-estan-sus-nuevos-locales/,to_verify,"Geocodificada a partir de la dirección oficial (Nominatim, a nivel de calle: Avenida Canadá, Alameda Portuaria, Taboada); reportada por la prensa; no figura en la lista oficial",2026-10-01
web-tambo-cantacallao,tambo,Tambo Cantacallao,CANTACALLAO-C3-CALLAO,Callao,Callao,Callao,070101,-11.998152,-77.114548,exact,web,https://www.tambo.pe/tiendas,verified,Solo en la lista oficial (coordenadas oficiales),2026-10-01
web-tambo-chachapoyas,tambo,Tambo Chachapoyas,WVVC+J8H,Callao,Callao,Callao,070101,-12.055938,-77.129143,exact,web,https://www.tambo.pe/tiendas,verified,Solo en la lista oficial (coordenadas oficiales),2026-10-01
web-tambo-chalaca,tambo,Tambo Chalaca,Tambo+ Chalaca,Callao,Callao,Callao,070101,-12.045329,-77.099297,exact,web,https://www.tambo.pe/tiendas,verified,Solo en la lista oficial (coordenadas oficiales),2026-10-01
web-tambo-colonial-2,tambo,Tambo Colonial,Avenida Garcilazo de la Vega 107,Callao,Callao,Callao,070101,-12.052756,-77.096260,exact,web,https://www.tambo.pe/tiendas,verified,Solo en la lista oficial (coordenadas oficiales),2026-10-01
web-tambo-dominicos,tambo,Tambo Dominicos,Avenida El Olivar 598,Callao,Callao,Callao,070101,-12.016620,-77.092697,exact,web,https://www.tambo.pe/tiendas,verified,Solo en la lista oficial (coordenadas oficiales),2026-10-01
web-tambo-dominicos-2,tambo,Tambo Dominicos,Avenida los Dominicos 722,Callao,Callao,Callao,070101,-12.014049,-77.094376,exact,web,https://www.tambo.pe/tiendas,verified,Solo en la lista oficial (coordenadas oficiales),2026-10-01
web-tambo-fundo-marquez,tambo,Tambo Fundo Marquez,Tambo+ Fundo Marquez,Callao,Callao,Callao,070101,-11.941661,-77.134056,exact,web,https://www.tambo.pe/tiendas,verified,Solo en la lista oficial (coordenadas oficiales),2026-10-01
web-tambo-magnolias,tambo,Tambo Magnolias,"XWP3+M3V, Callao",Callao,Callao,Callao,070101,-12.013263,-77.097328,exact,web,https://www.tambo.pe/tiendas,to_verify,"Solo en la lista oficial (coordenadas oficiales); venta en línea desactivada en el sistema oficial (tienda nueva o cerrada)",2026-10-01
web-tambo-minka,tambo,Tambo Minka,Avenida Argentina 3093,Callao,Callao,Callao,070101,-12.048220,-77.111435,exact,web,https://www.tambo.pe/tiendas,verified,Solo en la lista oficial (coordenadas oficiales),2026-10-01
web-tambo-pacasmayo,tambo,Tambo Pacasmayo,Tambo+ Pacasmayo,Callao,Callao,Callao,070101,-12.001232,-77.105988,exact,web,https://www.tambo.pe/tiendas,verified,Solo en la lista oficial (coordenadas oficiales),2026-10-01
web-tambo-pacasmayo-2,tambo,Tambo Pacasmayo,XVRW+HWW,Callao,Callao,Callao,070101,-12.008512,-77.102669,exact,web,https://www.tambo.pe/tiendas,verified,Solo en la lista oficial (coordenadas oficiales),2026-10-01
web-tambo-peru-3,tambo,Tambo Peru,XWF2+JJ3,Callao,Callao,Callao,070101,-12.025988,-77.098450,exact,web,https://www.tambo.pe/tiendas,verified,Solo en la lista oficial (coordenadas oficiales),2026-10-01
web-tambo-quilca,tambo,Tambo Quilca,Avenida Quilca,Callao,Callao,Callao,070101,-12.030336,-77.094719,exact,web,https://www.tambo.pe/tiendas,verified,Solo en la lista oficial (coordenadas oficiales),2026-10-01
web-tambo-saenz-pena,tambo,Tambo Saenz Pena,Avenida Saenz Peña 799,Callao,Callao,Callao,070101,-12.060078,-77.137024,exact,web,https://www.tambo.pe/tiendas,verified,Solo en la lista oficial (coordenadas oficiales),2026-10-01
web-tambo-saenzpena,tambo,Tambo Saenzpena,Avenida Saenz Peña 301,Callao,Callao,Callao,070101,-12.061016,-77.144554,exact,web,https://www.tambo.pe/tiendas,verified,Solo en la lista oficial (coordenadas oficiales),2026-10-01
web-tambo-saloom,tambo,Tambo Saloom,Jirón Saloom 164,Callao,Callao,Callao,070101,-12.061233,-77.139725,exact,web,https://www.tambo.pe/tiendas,verified,Solo en la lista oficial (coordenadas oficiales),2026-10-01
osm-n13071896212,tambo,Tambo Stripcallao,Juan Pablo II 302,Callao,Callao,Callao,070101,-12.050656,-77.115737,exact,osm,n13071896212,verified,También en la lista oficial,2026-10-01
web-tambo-carmen-de-la-legua-reynoso-av-primero-de-mayo-40,tambo,Tambo Carmen de la Legua Reynoso - Av. Primero de Mayo 400,Av. Primero de Mayo 400,Carmen de la Legua Reynoso,Callao,Callao,070103,-12.039848,-77.092170,approx,web,https://www.peru-retail.com/tambo-inaugura-16-nuevas-tiendas-y-queda-cerca-de-alcanzar-los-900-locales-a-nivel-nacional/,to_verify,"Geocodificada a partir de la dirección oficial (Nominatim, a nivel de calle: Avenida 1º de Mayo, 22 de Octubre, Villa Señor De Los Milagros); reportada por la prensa; no figura en la lista oficial",2026-10-01
web-tambo-chocano,tambo,Tambo Chocano,Chocano 188,Carmen de la Legua Reynoso,Callao,Callao,070103,-12.042796,-77.096992,exact,web,https://www.tambo.pe/tiendas,to_verify,"Solo en la lista oficial (coordenadas oficiales); longitud oficial -77.096992 idéntica a la de ""TAMBO FAUCETT-C5 - SAN MIGUEL"" (¿copiada?)",2026-10-01
web-tambo-grau-4,tambo,Tambo Grau,Jirón Miguel Grau 415,Carmen de la Legua Reynoso,Callao,Callao,070103,-12.041828,-77.097038,exact,web,https://www.tambo.pe/tiendas,to_verify,"Solo en la lista oficial (coordenadas oficiales); venta en línea desactivada en el sistema oficial (tienda nueva o cerrada); longitud oficial -77.097038 idéntica a la de ""TAMBO PUENTE CAMOTE - SMP"" (¿copiada?)",2026-10-01
web-tambo-cahuide-laperla,tambo,Tambo Cahuide Laperla,WVJG+59W,La Perla,Callao,Callao,070104,-12.069512,-77.124046,exact,web,https://www.tambo.pe/tiendas,verified,Solo en la lista oficial (coordenadas oficiales),2026-10-01
web-tambo-hayadelatorre-laperla,tambo,Tambo Hayadelatorre Laperla,"WVHR+F23, La Perla",La Perla,Callao,Callao,070104,-12.071362,-77.109955,exact,web,https://www.tambo.pe/tiendas,to_verify,"Solo en la lista oficial (coordenadas oficiales); venta en línea desactivada en el sistema oficial (tienda nueva o cerrada)",2026-10-01
web-tambo-marina,tambo,Tambo Marina,Avenida de la Marina 270,La Perla,Callao,Callao,070104,-12.066855,-77.117615,exact,web,https://www.tambo.pe/tiendas,to_verify,"Solo en la lista oficial (coordenadas oficiales); venta en línea desactivada en el sistema oficial (tienda nueva o cerrada)",2026-10-01
web-tambo-regatas-la-punta,tambo,Tambo Regatas la Punta,WRMR+2G2,La Punta,Callao,Callao,070105,-12.067488,-77.158737,exact,web,https://www.tambo.pe/tiendas,verified,Solo en la lista oficial (coordenadas oficiales),2026-10-01
web-tambo-ventanilla,tambo,Tambo Ventanilla,Avenida Ayacucho 4,Mi Perú,Callao,Callao,070107,-11.855980,-77.125008,exact,web,https://www.tambo.pe/tiendas,verified,Solo en la lista oficial (coordenadas oficiales),2026-10-01
web-tambo-beltran,tambo,Tambo Beltran,Avenida Pedro Beltran 141,Ventanilla,Callao,Callao,070106,-11.873306,-77.126106,exact,web,https://www.tambo.pe/tiendas,verified,Solo en la lista oficial (coordenadas oficiales),2026-10-01
web-tambo-central,tambo,Tambo Central,5VFC+JH5,Ventanilla,Callao,Callao,070106,-11.825988,-77.128517,exact,web,https://www.tambo.pe/tiendas,verified,Solo en la lista oficial (coordenadas oficiales),2026-10-01
web-tambo-ficus,tambo,Tambo Ficus,Tambo+,Ventanilla,Callao,Callao,070106,-11.875688,-77.126190,exact,web,https://www.tambo.pe/tiendas,verified,Solo en la lista oficial (coordenadas oficiales),2026-10-01
web-tambo-licenciados,tambo,Tambo Licenciados,Tambo+ Licenciado,Ventanilla,Callao,Callao,070106,-11.878086,-77.128693,exact,web,https://www.tambo.pe/tiendas,verified,Solo en la lista oficial (coordenadas oficiales),2026-10-01
web-tambo-licenciados2,tambo,Tambo LICENCIADOS2,TAMBO LICENCIADOS2,Ventanilla,Callao,Callao,070106,-11.877992,-77.129776,exact,web,https://www.tambo.pe/tiendas,verified,Solo en la lista oficial (coordenadas oficiales),2026-10-01
web-tambo-pachacutec-2,tambo,Tambo Pachacutec,"Mz J1 Lote 30 / Sector E2, Ventanilla 07071",Ventanilla,Callao,Callao,070106,-11.835275,-77.160965,exact,web,https://www.tambo.pe/tiendas,verified,Solo en la lista oficial (coordenadas oficiales),2026-10-01
web-tambo-panamericana-norte,tambo,Tambo Panamericana Norte,PANAMERICANA-NORTE,Ventanilla,Callao,Callao,070106,-11.824728,-77.123947,exact,web,https://www.tambo.pe/tiendas,verified,Solo en la lista oficial (coordenadas oficiales),2026-10-01
osm-n12359588768,tambo,Tambo Matara,Matara 346,Cusco,Cusco,Cusco,080101,-13.521695,-71.978595,exact,osm,n12359588768,verified,También en la lista oficial,2026-10-01
osm-n13542177592,tambo,Tambo Begonias,Tambo BEGONIAS-CUSCO,San Jerónimo,Cusco,Cusco,080104,-13.537390,-71.904862,exact,osm,n13542177592,verified,También en la lista oficial,2026-10-01
web-tambo-grifo-cultura-2,tambo,Tambo Grifo Cultura,Prolongación Avenida de la Cultura 1620,San Sebastián,Cusco,Cusco,080105,-13.530303,-71.933289,exact,web,https://www.tambo.pe/tiendas,verified,Solo en la lista oficial (coordenadas oficiales),2026-10-01
osm-n12400925636,tambo,Tambo Bastidas,Tambo Av. Micaela Bastidas,Wanchaq,Cusco,Cusco,080108,-13.523433,-71.962309,exact,osm,n12400925636,verified,También en la lista oficial,2026-10-01
web-tambo-grifo-cultura,tambo,Tambo Grifo Cultura,Avenida de La Cultura 722,Wanchaq,Cusco,Cusco,080108,-13.521722,-71.965347,exact,web,https://www.tambo.pe/tiendas,verified,Solo en la lista oficial (coordenadas oficiales),2026-10-01
web-tambo-28dejulio-3,tambo,Tambo 28DEJULIO,TAMBO 28DEJULIO-C2-CHINCHA,Chincha Alta,Chincha,Ica,110201,-13.416056,-76.132629,exact,web,https://www.tambo.pe/tiendas,verified,Solo en la lista oficial (coordenadas oficiales),2026-10-01
web-tambo-benavides-5,tambo,Tambo Benavides,Avenida Oscar R. Benavides 507,Chincha Alta,Chincha,Ica,110201,-13.417023,-76.137939,exact,web,https://www.tambo.pe/tiendas,verified,Solo en la lista oficial (coordenadas oficiales),2026-10-01
web-tambo-benavides-6,tambo,Tambo Benavides,Avenida Oscar R. Benavides 801,Chincha Alta,Chincha,Ica,110201,-13.416493,-76.139175,exact,web,https://www.tambo.pe/tiendas,verified,Solo en la lista oficial (coordenadas oficiales),2026-10-01
web-tambo-tupacamaru-7,tambo,Tambo Tupacamaru,Tupac Amaru 121,Chincha Alta,Chincha,Ica,110201,-13.417459,-76.136833,exact,web,https://www.tambo.pe/tiendas,verified,Solo en la lista oficial (coordenadas oficiales),2026-10-01
web-tambo-plazadearmas,tambo,Tambo Plazadearmas,Calle Plaza de Armas,Grocio Prado,Chincha,Ica,110206,-13.398197,-76.155830,exact,web,https://www.tambo.pe/tiendas,verified,Solo en la lista oficial (coordenadas oficiales),2026-10-01
web-tambo-ayabaca,tambo,Tambo Ayabaca,Avenida Ayabaca,Ica,Ica,Ica,110101,-14.071003,-75.732559,exact,web,https://www.tambo.pe/tiendas,verified,Solo en la lista oficial (coordenadas oficiales),2026-10-01
web-tambo-ayabaca-2,tambo,Tambo Ayabaca,Ayabaca 1211,Ica,Ica,Ica,110101,-14.074047,-75.744682,exact,web,https://www.tambo.pe/tiendas,verified,Solo en la lista oficial (coordenadas oficiales),2026-10-01
web-tambo-cutervo,tambo,Tambo Cutervo,Avenida Cutervo 288,Ica,Ica,Ica,110101,-14.072574,-75.728813,exact,web,https://www.tambo.pe/tiendas,verified,Solo en la lista oficial (coordenadas oficiales),2026-10-01
web-tambo-huanuco,tambo,Tambo Huanuco,Calle Huánuco 183,Ica,Ica,Ica,110101,-14.065660,-75.728806,exact,web,https://www.tambo.pe/tiendas,verified,Solo en la lista oficial (coordenadas oficiales),2026-10-01
web-tambo-la-angostura,tambo,Tambo La Angostura,"X732+565, Ica",Ica,Ica,Ica,110101,-14.047112,-75.749390,exact,web,https://www.tambo.pe/tiendas,verified,Solo en la lista oficial (coordenadas oficiales),2026-10-01
web-tambo-lima-6,tambo,Tambo Lima,W7JF+C5R,Ica,Ica,Ica,110101,-14.068888,-75.727112,exact,web,https://www.tambo.pe/tiendas,verified,Solo en la lista oficial (coordenadas oficiales),2026-10-01
web-tambo-matias,tambo,Tambo Matias,"Av. José Matias Manzanilla, Ica 11002",Ica,Ica,Ica,110101,-14.065048,-75.735420,exact,web,https://www.tambo.pe/tiendas,verified,Solo en la lista oficial (coordenadas oficiales),2026-10-01
web-tambo-matias-2,tambo,Tambo Matias,Avenida José Matias Manzanilla 718,Ica,Ica,Ica,110101,-14.066122,-75.738663,exact,web,https://www.tambo.pe/tiendas,verified,Solo en la lista oficial (coordenadas oficiales),2026-10-01
web-tambo-municipalidad,tambo,Tambo Municipalidad,"Av. Municipalidad 271, Cercado de Ica",Ica,Ica,Ica,110101,-14.064068,-75.730536,approx,web,https://www.tambo.pe/tiendas,to_verify,"Colocada a mano el 2026-10-01 a partir de evidencia verificada (tools/seed/overrides.json, manualPlacements; confianza media): aproximada: Av. Municipalidad 271, Cercado de Ica (Perú Retail, 12/12/2025), interpolada entre el n.º 209-213 (INEI) y el n.º 374 (Roky's) de la misma avenida (OSM), en la acera de los números impares. Las coordenadas oficiales, el Plus Code WX8J+2PV y el enlace de Google Maps son los de Tambo San Eugenio (La Victoria, Lima) y se descartaron; texto en la lista oficial: ""TAMBO MUNICIPALIDAD-C2 - ICA"", ""WX8J+2PV, La Victoria""",2026-10-01
web-tambo-piura,tambo,Tambo Piura,Calle Piura 172,Ica,Ica,Ica,110101,-14.067129,-75.727280,exact,web,https://www.tambo.pe/tiendas,verified,Solo en la lista oficial (coordenadas oficiales),2026-10-01
web-tambo-puenteblanco,tambo,Tambo Puenteblanco,PUENTEBLANCO-ICA,Ica,Ica,Ica,110101,-14.076422,-75.738792,exact,web,https://www.tambo.pe/tiendas,verified,Solo en la lista oficial (coordenadas oficiales),2026-10-01
web-tambo-sanmartin-2,tambo,Tambo Sanmartin,Avenida San Martin 598,Ica,Ica,Ica,110101,-14.069345,-75.729378,exact,web,https://www.tambo.pe/tiendas,verified,Solo en la lista oficial (coordenadas oficiales),2026-10-01
web-tambo-sanmartin-5,tambo,Tambo Sanmartin,W7GC+9XP,Ica,Ica,Ica,110101,-14.074038,-75.727547,exact,web,https://www.tambo.pe/tiendas,verified,Solo en la lista oficial (coordenadas oficiales),2026-10-01
web-tambo-soldeica,tambo,Tambo Soldeica,"Callé la Victoria, Ica 11001",Ica,Ica,Ica,110101,-14.078166,-75.726295,exact,web,https://www.tambo.pe/tiendas,verified,Solo en la lista oficial (coordenadas oficiales),2026-10-01
web-tambo-gotuzzo,tambo,Tambo Gotuzzo,X76Q+GGR,La Tinguiña,Ica,Ica,110102,-14.038637,-75.711235,exact,web,https://www.tambo.pe/tiendas,verified,Solo en la lista oficial (coordenadas oficiales),2026-10-01
web-tambo-lima,tambo,Tambo Lima,267H+P2R,Salas,Ica,Ica,110108,-13.985638,-75.772484,exact,web,https://www.tambo.pe/tiendas,verified,Solo en la lista oficial (coordenadas oficiales),2026-10-01
web-tambo-paracas,tambo,Tambo Paracas,"Alameda Alan García Pérez, Paracas 11550",Paracas,Pisco,Ica,110505,-13.833717,-76.248840,exact,web,https://www.tambo.pe/tiendas,verified,Solo en la lista oficial (coordenadas oficiales),2026-10-01
web-tambo-pisco-av-fermin-tanguis-301,tambo,Tambo Pisco - Av. Fermín Tangüis 301,Av. Fermín Tangüis 301,Pisco,Pisco,Ica,110501,-13.710876,-76.196688,approx,web,https://www.peru-retail.com/tambo-amplia-su-presencia-con-18-nuevos-locales-donde-estan-ubicados-y-cuantos-acumula/,to_verify,"Geocodificada a partir de la dirección oficial (Nominatim, a nivel de calle: Avenida Fermín Tangüis, Pisco, Ica); reportada por la prensa; no figura en la lista oficial",2026-10-01
web-tambo-progreso,tambo,Tambo Progreso,Francisco Bolognesi 115,Pisco,Pisco,Ica,110501,-13.709521,-76.203621,exact,web,https://www.tambo.pe/tiendas,verified,Solo en la lista oficial (coordenadas oficiales),2026-10-01
web-tambo-aviacion-3,tambo,Tambo Aviacion,"Aviacion, Pisco 11631",San Clemente,Pisco,Ica,110507,-13.680112,-76.154892,exact,web,https://www.tambo.pe/tiendas,verified,Solo en la lista oficial (coordenadas oficiales),2026-10-01
web-tambo-chepen-c-trujillo-302,tambo,Tambo Chepén - C. Trujillo 302,C. Trujillo 302,Chepén,Chepén,La Libertad,130401,-7.230739,-79.427146,approx,web,https://www.peru-retail.com/tambo-inaugura-16-nuevas-tiendas-y-queda-cerca-de-alcanzar-los-900-locales-a-nivel-nacional/,to_verify,"Geocodificada a partir de la dirección oficial (Nominatim, a nivel de calle: Calle Trujillo, Chepén, La Libertad); reportada por la prensa; no figura en la lista oficial",2026-10-01
osm-n13135675801,tambo,Tambo Rivera,La Rivera 530,Huanchaco,Trujillo,La Libertad,130104,-8.081026,-79.122403,exact,osm,n13135675801,verified,También en la lista oficial,2026-10-01
web-tambo-carlos-maria-de-alvear,tambo,Tambo Carlos Maria de Alvear,Carlos Alvear 802,La Esperanza,Trujillo,La Libertad,130105,-8.083332,-79.042503,exact,web,https://www.tambo.pe/tiendas,verified,Solo en la lista oficial (coordenadas oficiales),2026-10-01
web-tambo-condorcanqui-2,tambo,Tambo Condorcanqui,Avenida José Gabriel Condorcanqui 2204,La Esperanza,Trujillo,La Libertad,130105,-8.068717,-79.050003,exact,web,https://www.tambo.pe/tiendas,verified,Solo en la lista oficial (coordenadas oficiales),2026-10-01
web-tambo-29dediciembre,tambo,Tambo 29DEDICIEMBRE,Avenida 29 De Diciembre 299,Trujillo,Trujillo,La Libertad,130101,-8.118451,-79.027313,exact,web,https://www.tambo.pe/tiendas,verified,Solo en la lista oficial (coordenadas oficiales),2026-10-01
web-tambo-americanorte,tambo,Tambo Americanorte,Avenida América Norte 498,Trujillo,Trujillo,La Libertad,130101,-8.097492,-79.016121,exact,web,https://www.tambo.pe/tiendas,verified,Solo en la lista oficial (coordenadas oficiales),2026-10-01
web-tambo-americaoeste,tambo,Tambo Americaoeste,Avenida América Oeste Lote 2,Trujillo,Trujillo,La Libertad,130101,-8.113400,-79.047737,exact,web,https://www.tambo.pe/tiendas,verified,Solo en la lista oficial (coordenadas oficiales),2026-10-01
web-tambo-americasur,tambo,Tambo Americasur,VXGH+P2P Baipás Av. América Sur,Trujillo,Trujillo,La Libertad,130101,-8.123152,-79.022430,exact,web,https://www.tambo.pe/tiendas,verified,Solo en la lista oficial (coordenadas oficiales),2026-10-01
web-tambo-americasur-2,tambo,Tambo Americasur,VXH5+XXJ,Trujillo,Trujillo,La Libertad,130101,-8.120037,-79.040108,exact,web,https://www.tambo.pe/tiendas,verified,Solo en la lista oficial (coordenadas oficiales),2026-10-01
osm-n5089568608,tambo,Tambo Atahualpa,Atahualpa 420,Trujillo,Trujillo,La Libertad,130101,-8.115342,-79.022011,exact,osm,n5089568608,verified,También en la lista oficial,2026-10-01
web-tambo-blaspascal,tambo,Tambo Blaspascal,Avenida América Sur 423,Trujillo,Trujillo,La Libertad,130101,-8.103022,-79.010834,exact,web,https://www.tambo.pe/tiendas,to_verify,"Solo en la lista oficial (coordenadas oficiales); venta en línea desactivada en el sistema oficial (tienda nueva o cerrada)",2026-10-01
osm-n13137184201,tambo,Tambo Bolognesi,"C5, Trujillo 13001",Trujillo,Trujillo,La Libertad,130101,-8.114492,-79.028640,exact,osm,n13137184201,verified,También en la lista oficial,2026-10-01
web-tambo-borgono,tambo,Tambo Borgono,VXXJ+PC5,Trujillo,Trujillo,La Libertad,130101,-8.100738,-79.018890,exact,web,https://www.tambo.pe/tiendas,verified,Solo en la lista oficial (coordenadas oficiales),2026-10-01
web-tambo-francisco-pizarro,tambo,Tambo Francisco Pizarro,Jirón Francisco Pizarro 899,Trujillo,Trujillo,La Libertad,130101,-8.107559,-79.024277,exact,web,https://www.tambo.pe/tiendas,verified,Solo en la lista oficial (coordenadas oficiales),2026-10-01
web-tambo-husares-de,tambo,Tambo Husares de,Avenida Húsares de Junín 1210,Trujillo,Trujillo,La Libertad,130101,-8.127327,-79.036491,exact,web,https://www.tambo.pe/tiendas,verified,Solo en la lista oficial (coordenadas oficiales),2026-10-01
osm-n13136929901,tambo,Tambo Jesusdenazareth,Avenida Jesús de Nazareth 454,Trujillo,Trujillo,La Libertad,130101,-8.112052,-79.035028,exact,osm,n13136929901,verified,También en la lista oficial,2026-10-01
web-tambo-jesusdenazareth,tambo,Tambo Jesusdenazareth,JESUSDENAZARETH-C13-TRUJILLO,Trujillo,Trujillo,La Libertad,130101,-8.107948,-79.043816,exact,web,https://www.tambo.pe/tiendas,verified,Solo en la lista oficial (coordenadas oficiales),2026-10-01
web-tambo-larco-3,tambo,Tambo Larco,VXF6+R65,Trujillo,Trujillo,La Libertad,130101,-8.125487,-79.039391,exact,web,https://www.tambo.pe/tiendas,verified,Solo en la lista oficial (coordenadas oficiales),2026-10-01
web-tambo-mansiche,tambo,Tambo Mansiche,Avenida Mansiche 293,Trujillo,Trujillo,La Libertad,130101,-8.107348,-79.032013,exact,web,https://www.tambo.pe/tiendas,verified,Solo en la lista oficial (coordenadas oficiales),2026-10-01
web-tambo-manuelvera,tambo,Tambo Manuelvera,Avenida Manuel Vera Enriquez 471,Trujillo,Trujillo,La Libertad,130101,-8.103800,-79.031982,exact,web,https://www.tambo.pe/tiendas,to_verify,"Solo en la lista oficial (coordenadas oficiales); venta en línea desactivada en el sistema oficial (tienda nueva o cerrada); longitud oficial -79.031982 idéntica a la de ""TAMBO UPAO - TRUJILLO"" (¿copiada?)",2026-10-01
web-tambo-manuelvera-2,tambo,Tambo Manuelvera,"VXX8+3C9, Trujillo",Trujillo,Trujillo,La Libertad,130101,-8.102338,-79.033890,exact,web,https://www.tambo.pe/tiendas,verified,Solo en la lista oficial (coordenadas oficiales),2026-10-01
osm-n13137266301,tambo,Tambo Muniz,Avenida Pedro Muñiz 267,Trujillo,Trujillo,La Libertad,130101,-8.109993,-79.034013,exact,osm,n13137266301,verified,También en la lista oficial,2026-10-01
web-tambo-orbegoso,tambo,Tambo Orbegoso,VXR9+9R4 Trujillo,Trujillo,Trujillo,La Libertad,130101,-8.109113,-79.030418,exact,web,https://www.tambo.pe/tiendas,verified,Solo en la lista oficial (coordenadas oficiales),2026-10-01
osm-n13141706401,tambo,Tambo Pizarro,Jirón Francisco Pizarro 391,Trujillo,Trujillo,La Libertad,130101,-8.112881,-79.028682,exact,osm,n13141706401,verified,También en la lista oficial,2026-10-01
web-tambo-trujillo-av-prolongacion-cesar-vallejo-1390,tambo,Tambo Trujillo - Av. Prolongación César Vallejo 1390,"Av. Prolongación César Vallejo 1390, Urb. Andrés Razuri I Et.",Trujillo,Trujillo,La Libertad,130101,-8.121003,-79.027479,approx,web,https://www.peru-retail.com/tambo-amplia-su-presencia-con-18-nuevos-locales-donde-estan-ubicados-y-cuantos-acumula/,to_verify,"Geocodificada a partir de la dirección oficial (Nominatim, a nivel de calle: Avenida Prolongación César Vallejo, Urbanización Torres Araujo, Trujillo); reportada por la prensa; no figura en la lista oficial",2026-10-01
web-tambo-trujillo-av-victor-larco-herrera-184,tambo,Tambo Trujillo - Av. Víctor Larco Herrera 184,"Av. Víctor Larco Herrera 184, Urb. San Andrés",Trujillo,Trujillo,La Libertad,130101,-8.116280,-79.031770,approx,web,https://www.peru-retail.com/tambo-suma-23-nuevos-locales-en-junio-y-queda-cerca-de-alcanzar-900-tiendas-a-nivel-nacional/,to_verify,"Geocodificada a partir de la dirección oficial (Nominatim, a nivel de número: 184, Avenida Víctor Larco Herrera, Urbanización El Recreo 1ª Etapa); reportada por la prensa; no figura en la lista oficial",2026-10-01
web-tambo-tupacamaru-6,tambo,Tambo Tupacamaru,Avenida Túpac Amaru 575,Trujillo,Trujillo,La Libertad,130101,-8.099406,-79.028076,exact,web,https://www.tambo.pe/tiendas,verified,Solo en la lista oficial (coordenadas oficiales),2026-10-01
web-tambo-upao,tambo,Tambo Upao,VXC9+W6J,Trujillo,Trujillo,La Libertad,130101,-8.127663,-79.031982,exact,web,https://www.tambo.pe/tiendas,to_verify,"Solo en la lista oficial (coordenadas oficiales); longitud oficial -79.031982 idéntica a la de ""TAMBO MANUELVERA-C4-TRUJILLO"" (¿copiada?)",2026-10-01
web-tambo-vallejo-4,tambo,Tambo Vallejo,VXC9+PQ5,Trujillo,Trujillo,La Libertad,130101,-8.128238,-79.030518,exact,web,https://www.tambo.pe/tiendas,verified,Solo en la lista oficial (coordenadas oficiales),2026-10-01
web-tambo-guillermo-ganoza,tambo,Tambo Guillermo Ganoza,Avenida El Golf 600,Víctor Larco Herrera,Trujillo,La Libertad,130111,-8.137749,-79.034378,exact,web,https://www.tambo.pe/tiendas,verified,Solo en la lista oficial (coordenadas oficiales),2026-10-01
web-tambo-larco,tambo,Tambo Larco,Avenida Larco 1703,Víctor Larco Herrera,Trujillo,La Libertad,130111,-8.129321,-79.042702,exact,web,https://www.tambo.pe/tiendas,verified,Solo en la lista oficial (coordenadas oficiales),2026-10-01
web-tambo-losangeles-3,tambo,Tambo Losangeles,VX76+PCQ,Víctor Larco Herrera,Trujillo,La Libertad,130111,-8.135662,-79.038887,exact,web,https://www.tambo.pe/tiendas,verified,Solo en la lista oficial (coordenadas oficiales),2026-10-01
web-tambo-victor-larco-herrera-av-victor-larco-herrera-374,tambo,Tambo Víctor Larco Herrera - Av. Víctor Larco Herrera 374,Av. Víctor Larco Herrera 374,Víctor Larco Herrera,Trujillo,La Libertad,130111,-8.129714,-79.043314,approx,web,https://www.peru-retail.com/tambo-inaugura-16-nuevas-tiendas-y-queda-cerca-de-alcanzar-los-900-locales-a-nivel-nacional/,to_verify,"Geocodificada a partir de la dirección oficial (Nominatim, a nivel de calle: Avenida Víctor Larco Herrera, Víctor Larco Herrera, Trujillo); reportada por la prensa; no figura en la lista oficial; posible duplicado de web-tambo-larco ""Tambo Larco"" (a 80 m)",2026-10-01
web-tambo-chiclayo-av-felipe-santiago-salaverry-945,tambo,Tambo Chiclayo - Av. Felipe Santiago Salaverry 945,Av. Felipe Santiago Salaverry 945,Chiclayo,Chiclayo,Lambayeque,140101,-6.770975,-79.848120,approx,web,https://www.peru-retail.com/tambo-suma-23-nuevos-locales-en-junio-y-queda-cerca-de-alcanzar-900-tiendas-a-nivel-nacional/,to_verify,"Geocodificada a partir de la dirección oficial (Nominatim, a nivel de calle: Avenida Felipe Santiago Salaverry, Chiclayo, Lambayeque); reportada por la prensa; no figura en la lista oficial",2026-10-01
web-tambo-eliasaguirre,tambo,Tambo Eliasaguirre,Elías Aguirre 400,Chiclayo,Chiclayo,Lambayeque,140101,-6.771610,-79.841515,exact,web,https://www.tambo.pe/tiendas,verified,Solo en la lista oficial (coordenadas oficiales),2026-10-01
web-tambo-laflorida,tambo,Tambo Laflorida,La Florida 448,Chiclayo,Chiclayo,Lambayeque,140101,-6.780173,-79.841072,exact,web,https://www.tambo.pe/tiendas,verified,Solo en la lista oficial (coordenadas oficiales),2026-10-01
web-tambo-luisgonzales,tambo,Tambo Luisgonzales,Avenida Luis Gonzales 1285,Chiclayo,Chiclayo,Lambayeque,140101,-6.767929,-79.842064,exact,web,https://www.tambo.pe/tiendas,verified,Solo en la lista oficial (coordenadas oficiales),2026-10-01
web-tambo-luisgonzales-2,tambo,Tambo Luisgonzales,Avenida Luis Gonzales 538,Chiclayo,Chiclayo,Lambayeque,140101,-6.773235,-79.842392,exact,web,https://www.tambo.pe/tiendas,verified,Solo en la lista oficial (coordenadas oficiales),2026-10-01
web-tambo-mall-aventura,tambo,Tambo Mall Aventura,1N 37,Chiclayo,Chiclayo,Lambayeque,140101,-6.763366,-79.861679,exact,web,https://www.tambo.pe/tiendas,verified,Solo en la lista oficial (coordenadas oficiales),2026-10-01
web-tambo-miraflores,tambo,Tambo Miraflores,Avenida San Josemaría Escriva de Balaguer 855,Chiclayo,Chiclayo,Lambayeque,140101,-6.761016,-79.860962,exact,web,https://www.tambo.pe/tiendas,verified,Solo en la lista oficial (coordenadas oficiales),2026-10-01
web-tambo-nieto-2,tambo,Tambo Nieto,Mariscal Nieto 598,Chiclayo,Chiclayo,Lambayeque,140101,-6.774312,-79.829399,exact,web,https://www.tambo.pe/tiendas,verified,Solo en la lista oficial (coordenadas oficiales),2026-10-01
osm-n11900537091,tambo,Tambo Sanjose,Calle San José N° 857,Chiclayo,Chiclayo,Lambayeque,140101,-6.771332,-79.837843,exact,osm,n11900537091,verified,También en la lista oficial,2026-10-01
web-tambo-eldorado,tambo,Tambo Eldorado,TAMBO ELDORADO-C12-CHICLAYO,José Leonardo Ortiz,Chiclayo,Lambayeque,140105,-6.758782,-79.843391,exact,web,https://www.tambo.pe/tiendas,verified,Solo en la lista oficial (coordenadas oficiales),2026-10-01
web-tambo-pimentel,tambo,Tambo Pimentel,Pimentel 5372,Pimentel,Chiclayo,Lambayeque,140112,-6.796789,-79.885605,exact,web,https://www.tambo.pe/tiendas,verified,Solo en la lista oficial (coordenadas oficiales),2026-10-01
web-tambo-castilla,tambo,Tambo Castilla,Andrés Avelino Cáceres 288,Lambayeque,Lambayeque,Lambayeque,140301,-6.703226,-79.901978,exact,web,https://www.tambo.pe/tiendas,verified,Solo en la lista oficial (coordenadas oficiales),2026-10-01
web-tambo-juanxxiii,tambo,Tambo Juanxxiii,2 de Mayo 954,Lambayeque,Lambayeque,Lambayeque,140301,-6.706038,-79.906746,exact,web,https://www.tambo.pe/tiendas,verified,Solo en la lista oficial (coordenadas oficiales),2026-10-01
web-tambo-plazadearmas-2,tambo,Tambo Plazadearmas,PLAZADEARMAS-BARRANCA,Barranca,Barranca,Lima,150201,-10.753942,-77.761192,exact,web,https://www.tambo.pe/tiendas,verified,Solo en la lista oficial (coordenadas oficiales),2026-10-01
web-tambo-vidal,tambo,Tambo Vidal,Avenida Francisco Vidal 653,Supe,Barranca,Lima,150204,-10.796462,-77.714798,exact,web,https://www.tambo.pe/tiendas,verified,Solo en la lista oficial (coordenadas oficiales),2026-10-01
web-tambo-chilca,tambo,Tambo Chilca,Avenida Mariano Ignacio Prado s/n,Chilca,Cañete,Lima,150505,-12.514741,-76.734978,exact,web,https://www.tambo.pe/tiendas,verified,Solo en la lista oficial (coordenadas oficiales),2026-10-01
web-tambo-imperial,tambo,Tambo Imperial,TAMBO IMPERIAL-CANETE,Imperial,Cañete,Lima,150507,-13.061492,-76.352478,exact,web,https://www.tambo.pe/tiendas,verified,Solo en la lista oficial (coordenadas oficiales),2026-10-01
web-tambo-mala,tambo,Tambo Mala,Prolongacion Marchand 107,Mala,Cañete,Lima,150509,-12.655563,-76.636139,exact,web,https://www.tambo.pe/tiendas,verified,Solo en la lista oficial (coordenadas oficiales),2026-10-01
web-tambo-mala2,tambo,Tambo MALA2,"89R8+VV5, Mala",Mala,Cañete,Lima,150509,-12.657863,-76.632767,exact,web,https://www.tambo.pe/tiendas,to_verify,"Solo en la lista oficial (coordenadas oficiales); venta en línea desactivada en el sistema oficial (tienda nueva o cerrada)",2026-10-01
web-tambo-dos-de-mayo,tambo,Tambo Dos de Mayo,"Sepúlveda, San Vicente de Cañete 15701",San Vicente de Cañete,Cañete,Lima,150501,-13.077168,-76.387062,exact,web,https://www.tambo.pe/tiendas,verified,Solo en la lista oficial (coordenadas oficiales),2026-10-01
web-tambo-imperial2,tambo,Tambo IMPERIAL2,Restaurant D'yoli,San Vicente de Cañete,Cañete,Lima,150501,-13.076829,-76.391205,exact,web,https://www.tambo.pe/tiendas,verified,Solo en la lista oficial (coordenadas oficiales),2026-10-01
web-tambo-boulevard-2,tambo,Tambo Boulevard,CPMJ+W65,Chancay,Huaral,Lima,150605,-11.565237,-77.269394,exact,web,https://www.tambo.pe/tiendas,verified,Solo en la lista oficial (coordenadas oficiales),2026-10-01
web-tambo-simon,tambo,Tambo Simon,Avenida Simon Bolivar 195,Chancay,Huaral,Lima,150605,-11.563080,-77.269073,exact,web,https://www.tambo.pe/tiendas,verified,Solo en la lista oficial (coordenadas oficiales),2026-10-01
web-tambo-cahuas,tambo,Tambo Cahuas,Cahuas 699,Huaral,Huaral,Lima,150601,-11.493007,-77.204544,exact,web,https://www.tambo.pe/tiendas,verified,Solo en la lista oficial (coordenadas oficiales),2026-10-01
web-tambo-huaquilla,tambo,Tambo Huaquilla,Avenida La Estacion 599,Huaral,Huaral,Lima,150601,-11.499249,-77.207405,exact,web,https://www.tambo.pe/tiendas,verified,Solo en la lista oficial (coordenadas oficiales),2026-10-01
web-tambo-plaza,tambo,Tambo Plaza,Benjamin Vizquerra 276,Huaral,Huaral,Lima,150601,-11.495707,-77.207413,exact,web,https://www.tambo.pe/tiendas,verified,Solo en la lista oficial (coordenadas oficiales),2026-10-01
web-tambo-28djulio,tambo,Tambo 28DJULIO,Avenida 28 de Julio 196,Huacho,Huaura,Lima,150801,-11.107172,-77.606178,exact,web,https://www.tambo.pe/tiendas,verified,Solo en la lista oficial (coordenadas oficiales),2026-10-01
web-tambo-plazadearmas-3,tambo,Tambo Plazadearmas,San Román 240,Huacho,Huaura,Lima,150801,-11.108507,-77.610657,exact,web,https://www.tambo.pe/tiendas,verified,Solo en la lista oficial (coordenadas oficiales),2026-10-01
web-tambo-santa-maria-av-panamericana-norte-1177-huacho,tambo,Tambo Santa María - Av. Panamericana Norte 1177 (Huacho),Av. Panamericana Norte 1177 (Huacho),Santa María,Huaura,Lima,150810,-11.116031,-77.594261,approx,web,https://www.peru-retail.com/tambo-inaugura-16-nuevas-tiendas-y-queda-cerca-de-alcanzar-los-900-locales-a-nivel-nacional/,to_verify,"Geocodificada a partir de la dirección oficial (Nominatim, a nivel de calle: Avenida Antigua Panamericana Norte, Los Pinos, Santa María); reportada por la prensa; no figura en la lista oficial",2026-10-01
web-tambo-ancon,tambo,Tambo Ancon,"6RFP+7F4, 15123",Ancón,Lima,Lima,150102,-11.776862,-77.163795,exact,web,https://www.tambo.pe/tiendas,verified,Solo en la lista oficial (coordenadas oficiales),2026-10-01
web-tambo-ancon2,tambo,Tambo ANCON2,"6RFM+94F, Ancón",Ancón,Lima,Lima,150102,-11.776563,-77.167206,exact,web,https://www.tambo.pe/tiendas,verified,Solo en la lista oficial (coordenadas oficiales),2026-10-01
web-tambo-basenaval-infanteria,tambo,Tambo Basenaval Infanteria,7R2J+QM9 Ancón,Ancón,Lima,Lima,150102,-11.748088,-77.168266,exact,web,https://www.tambo.pe/tiendas,verified,Solo en la lista oficial (coordenadas oficiales),2026-10-01
web-tambo-26demayo,tambo,Tambo 26DEMAYO,X3FG+QX,Ate,Lima,Lima,150103,-12.025562,-76.922562,exact,web,https://www.tambo.pe/tiendas,verified,Solo en la lista oficial (coordenadas oficiales),2026-10-01
web-tambo-ate-mz-a,tambo,Tambo Ate - Mz. A,"Mz. A, Lt. 02, Asoc. de Vivienda Palmas de Barbadillo, Sec. 13, Zona 3",Ate,Lima,Lima,150103,-12.040039,-76.911614,approx,web,https://www.peru-retail.com/tambo-inaugura-20-nuevas-tiendas-y-supera-las-900-a-nivel-nacional-donde-estan-sus-nuevos-locales/,to_verify,"Colocada a mano el 2026-10-01 a partir de evidencia verificada (tools/seed/overrides.json, manualPlacements; confianza baja): aproximada (baja confianza): zona del ex Fundo Barbadillo (OSM: sede DIROES «Fundo Barbadillo», junto al Penal de Barbadillo), Vitarte, Ate. La Asoc. de Vivienda Las Palmas de Barbadillo no está mapeada; Sedapal la ubica en el mismo sector que el ex Fundo Barbadillo (Infobae, 10 jun. 2025). Error posible de hasta ~1 km. Apertura reportada por Peru Retail (9 set. 2026); aún no figura en la lista oficial de Tambo; reportada por la prensa; no figura en la lista oficial",2026-10-01
web-tambo-ayllon,tambo,Tambo Ayllon,Tambo+ Ayllon C-8,Ate,Lima,Lima,150103,-12.023980,-76.913628,exact,web,https://www.tambo.pe/tiendas,verified,Solo en la lista oficial (coordenadas oficiales),2026-10-01
web-tambo-ayllon-2,tambo,Tambo Ayllon,Tambo+ Ayllón C-20,Ate,Lima,Lima,150103,-12.063473,-76.982773,exact,web,https://www.tambo.pe/tiendas,to_verify,"Solo en la lista oficial (coordenadas oficiales); longitud oficial -76.982773 idéntica a la de ""TAMBO LIRIOS - SJM"" (¿copiada?)",2026-10-01
web-tambo-evitamiento,tambo,Tambo Evitamiento,A.h el Carmen de Monterrico,Ate,Lima,Lima,150103,-12.080749,-76.978165,exact,web,https://www.tambo.pe/tiendas,verified,Solo en la lista oficial (coordenadas oficiales),2026-10-01
web-tambo-grifo-huaycan-huaycan,tambo,Tambo Grifo Huaycan Huaycan,Carretera Central Km.16.5,Ate,Lima,Lima,150103,-12.000037,-76.838562,exact,web,https://www.tambo.pe/tiendas,verified,Solo en la lista oficial (coordenadas oficiales),2026-10-01
web-tambo-grifoayllon,tambo,Tambo Grifoayllon,W2XV+7CH,Ate,Lima,Lima,150103,-12.051812,-76.956390,exact,web,https://www.tambo.pe/tiendas,verified,Solo en la lista oficial (coordenadas oficiales),2026-10-01
web-tambo-huaycan,tambo,Tambo Huaycan,Tambo+,Ate,Lima,Lima,150103,-12.012388,-76.824471,exact,web,https://www.tambo.pe/tiendas,verified,Solo en la lista oficial (coordenadas oficiales),2026-10-01
web-tambo-jcmariategui,tambo,Tambo Jcmariategui,Tambo+ JCMariategui,Ate,Lima,Lima,150103,-12.015903,-76.821640,exact,web,https://www.tambo.pe/tiendas,verified,Solo en la lista oficial (coordenadas oficiales),2026-10-01
osm-n4374900351,tambo,Tambo Mar Rojo,TAMBO+ Mar Rojo,Ate,Lima,Lima,150103,-12.029394,-76.924119,exact,osm,n4374900351,verified,También en la lista oficial,2026-10-01
web-tambo-mariategui-3,tambo,Tambo Mariategui,Avenida José Carlos Mariátegui 1995,Ate,Lima,Lima,150103,-12.024790,-76.903313,exact,web,https://www.tambo.pe/tiendas,verified,Solo en la lista oficial (coordenadas oficiales),2026-10-01
web-tambo-mariategui-4,tambo,Tambo Mariategui,Avenida José Carlos Mariátegui 322,Ate,Lima,Lima,150103,-12.026813,-76.917999,exact,web,https://www.tambo.pe/tiendas,verified,Solo en la lista oficial (coordenadas oficiales),2026-10-01
web-tambo-mariategui-5,tambo,Tambo Mariategui,X3FV+VJ8,Ate,Lima,Lima,150103,-12.025337,-76.905922,exact,web,https://www.tambo.pe/tiendas,verified,Solo en la lista oficial (coordenadas oficiales),2026-10-01
osm-n13516185375,tambo,Tambo Paracas,Paracas 892,Ate,Lima,Lima,150103,-12.081985,-76.979682,exact,osm,n13516185375,verified,"También en la lista oficial; coordenadas oficiales a 205 m",2026-10-01
web-tambo-paracas-2,tambo,Tambo Paracas,Paracas 206,Ate,Lima,Lima,150103,-12.076228,-76.987793,exact,web,https://www.tambo.pe/tiendas,to_verify,"Solo en la lista oficial (coordenadas oficiales); latitud oficial -12.076228 idéntica a la de ""TAMBO PQ LEYENDAS - SAN MIGUEL"" (¿copiada?)",2026-10-01
web-tambo-pineiro,tambo,Tambo Pineiro,Tambo+ Pineiros,Ate,Lima,Lima,150103,-12.023867,-76.910362,exact,web,https://www.tambo.pe/tiendas,verified,Solo en la lista oficial (coordenadas oficiales),2026-10-01
osm-n14213426259,tambo,Tambo Puruchuco,Tambo Puruchuco,Ate,Lima,Lima,150103,-12.043054,-76.930252,exact,osm,n14213426259,verified,También en la lista oficial,2026-10-01
osm-n5966939285,tambo,Tambo Quechuas,Mecánica En General Balboa Motor's,Ate,Lima,Lima,150103,-12.076194,-76.975584,exact,osm,n5966939285,verified,También en la lista oficial,2026-10-01
osm-n5987271185,tambo,Tambo Quechuas,Avenida Los Quechuas 957,Ate,Lima,Lima,150103,-12.074791,-76.981883,exact,osm,n5987271185,verified,También en la lista oficial,2026-10-01
web-tambo-quechuas,tambo,Tambo Quechuas,"W2G8+82C, Ate",Ate,Lima,Lima,150103,-12.074187,-76.984985,exact,web,https://www.tambo.pe/tiendas,to_verify,"Solo en la lista oficial (coordenadas oficiales); venta en línea desactivada en el sistema oficial (tienda nueva o cerrada)",2026-10-01
web-tambo-sanmartin-3,tambo,Tambo Sanmartin,Tambo Sanmartin-C6,Ate,Lima,Lima,150103,-12.019378,-76.887077,exact,web,https://www.tambo.pe/tiendas,verified,Solo en la lista oficial (coordenadas oficiales),2026-10-01
web-tambo-santaclara,tambo,Tambo Santaclara,Parque Cívico 255,Ate,Lima,Lima,150103,-12.018291,-76.884468,exact,web,https://www.tambo.pe/tiendas,verified,Solo en la lista oficial (coordenadas oficiales),2026-10-01
web-tambo-torres-huachipa,tambo,Tambo Torres Huachipa,Avenida las Torres 147,Ate,Lima,Lima,150103,-12.016150,-76.899025,exact,web,https://www.tambo.pe/tiendas,verified,Solo en la lista oficial (coordenadas oficiales),2026-10-01
web-tambo-tunas,tambo,Tambo Tunas,Sabilas 271,Ate,Lima,Lima,150103,-12.079147,-76.985962,exact,web,https://www.tambo.pe/tiendas,verified,Solo en la lista oficial (coordenadas oficiales),2026-10-01
osm-n7297819325,tambo,Tambo Barranco Ovalo,Avenida Francisco Bolognesi 938,Barranco,Lima,Lima,150104,-12.142103,-77.017721,exact,osm,n7297819325,verified,También en la lista oficial,2026-10-01
osm-n7952729286,tambo,Tambo BARRANCO1,Avenida Almirante Miguel Grau 943,Barranco,Lima,Lima,150104,-12.142319,-77.022057,exact,osm,n7952729286,verified,También en la lista oficial,2026-10-01
web-tambo-bolognesi-2,tambo,Tambo Bolognesi,Avenida Almirante Miguel Grau 428,Barranco,Lima,Lima,150104,-12.150374,-77.020172,exact,web,https://www.tambo.pe/tiendas,verified,Solo en la lista oficial (coordenadas oficiales),2026-10-01
web-tambo-boulevard-3,tambo,Tambo Boulevard,Tambo+ Barranco Boulevard,Barranco,Lima,Lima,150104,-12.148874,-77.020706,exact,web,https://www.tambo.pe/tiendas,verified,Solo en la lista oficial (coordenadas oficiales),2026-10-01
osm-w1245631253,tambo,Tambo Elsol,Avenida República de Panamá 326,Barranco,Lima,Lima,150104,-12.138869,-77.017609,exact,osm,w1245631253,verified,También en la lista oficial,2026-10-01
web-tambo-garcia,tambo,Tambo Garcia,VX5M+QW5 Barranco,Barranco,Lima,Lima,150104,-12.140613,-77.015144,exact,web,https://www.tambo.pe/tiendas,verified,Solo en la lista oficial (coordenadas oficiales),2026-10-01
web-tambo-grau,tambo,Tambo Grau,Avenida Almirante Miguel Grau 1210,Barranco,Lima,Lima,150104,-12.139216,-77.022148,exact,web,https://www.tambo.pe/tiendas,verified,Solo en la lista oficial (coordenadas oficiales),2026-10-01
web-tambo-grau-2,tambo,Tambo Grau,Avenida Almirante Miguel Grau 419,Barranco,Lima,Lima,150104,-12.147334,-77.021538,exact,web,https://www.tambo.pe/tiendas,to_verify,"Solo en la lista oficial (coordenadas oficiales); venta en línea desactivada en el sistema oficial (tienda nueva o cerrada)",2026-10-01
web-tambo-las-palmas,tambo,Tambo Las Palmas,Tambo+ Las Palmas,Barranco,Lima,Lima,150104,-12.153615,-77.019333,exact,web,https://www.tambo.pe/tiendas,verified,Solo en la lista oficial (coordenadas oficiales),2026-10-01
web-tambo-pierola-3,tambo,Tambo Pierola,Avenida Nicolás de Piérola 302,Barranco,Lima,Lima,150104,-12.141739,-77.019409,exact,web,https://www.tambo.pe/tiendas,verified,Solo en la lista oficial (coordenadas oficiales),2026-10-01
web-tambo-plazabutters,tambo,Tambo Plazabutters,"VX4M+PQ3, Barranco",Barranco,Lima,Lima,150104,-12.143237,-77.015579,exact,web,https://www.tambo.pe/tiendas,verified,Solo en la lista oficial (coordenadas oficiales),2026-10-01
osm-n12063976013,tambo,Tambo Utec,Avenida Almirante Miguel Grau 1604,Barranco,Lima,Lima,150104,-12.136170,-77.022543,exact,osm,n12063976013,verified,También en la lista oficial,2026-10-01
web-tambo-arica,tambo,Tambo Arica,WXR3+J4V,Breña,Lima,Lima,150105,-12.058388,-77.047203,exact,web,https://www.tambo.pe/tiendas,verified,Solo en la lista oficial (coordenadas oficiales),2026-10-01
osm-n6094217686,tambo,Tambo Brasil Rambla,Avenida Brasil 690,Breña,Lima,Lima,150105,-12.065966,-77.046591,exact,osm,n6094217686,verified,También en la lista oficial,2026-10-01
web-tambo-brena-av-alfonso-ugarte-1444,tambo,Tambo Breña - Av. Alfonso Ugarte 1444,"Av. Alfonso Ugarte 1444, Urb. Chacra Colorada",Breña,Lima,Lima,150105,-12.058939,-77.041923,approx,web,https://www.peru-retail.com/tambo-suma-23-nuevos-locales-en-junio-y-queda-cerca-de-alcanzar-900-tiendas-a-nivel-nacional/,to_verify,"Control de numeración: el punto de calle que dio Nominatim (Avenida Alfonso Ugarte, Huerta La Virreyna, Chacra Colorada) quedaba a 0.7 km del n.º 1444; posición interpolada entre el n.º 1302 (TAMBO UGARTE-C13 - BREÑA (coordenadas oficiales)) y el n.º 1456 (Tiendas 3A Ugarte 14 (coordenadas oficiales)) de la misma calle; reportada por la prensa; no figura en la lista oficial",2026-10-01
web-tambo-restauracion,tambo,Tambo Restauracion,WWPX+WQ8 Breña,Breña,Lima,Lima,150105,-12.062713,-77.050545,exact,web,https://www.tambo.pe/tiendas,verified,Solo en la lista oficial (coordenadas oficiales),2026-10-01
web-tambo-ugarte,tambo,Tambo Ugarte,Avenida Alfonso Ugarte 1302,Breña,Lima,Lima,150105,-12.056417,-77.042130,exact,web,https://www.tambo.pe/tiendas,verified,Solo en la lista oficial (coordenadas oficiales),2026-10-01
osm-n12763526082,tambo,Tambo Venezuela,Avenida Venezuela 947,Breña,Lima,Lima,150105,-12.055004,-77.046957,exact,osm,n12763526082,verified,También en la lista oficial,2026-10-01
osm-n12764195751,tambo,Tambo Venezuela,Avenida República de Venezuela 1195,Breña,Lima,Lima,150105,-12.055350,-77.050986,exact,osm,n12764195751,verified,También en la lista oficial,2026-10-01
web-tambo-venezuela-3,tambo,Tambo Venezuela,Avenida Venezuela 663,Breña,Lima,Lima,150105,-12.054699,-77.043243,exact,web,https://www.tambo.pe/tiendas,verified,Solo en la lista oficial (coordenadas oficiales),2026-10-01
web-tambo-boulevard,tambo,Tambo Boulevard,BOULEVARD-CARABAYLLO,Carabayllo,Lima,Lima,150106,-11.857707,-77.042557,exact,web,https://www.tambo.pe/tiendas,verified,Solo en la lista oficial (coordenadas oficiales),2026-10-01
web-tambo-carabayllo-av-jose-carlos-mariategui-263,tambo,Tambo Carabayllo - Av. José Carlos Mariátegui 263,Av. José Carlos Mariátegui 263,Carabayllo,Lima,Lima,150106,-11.896719,-77.033948,approx,web,https://www.peru-retail.com/tambo-suma-23-nuevos-locales-en-junio-y-queda-cerca-de-alcanzar-900-tiendas-a-nivel-nacional/,to_verify,"Geocodificada a partir de la dirección oficial (Nominatim, a nivel de calle: Avenida José Carlos Maríategui, Carabayllo, Lima); reportada por la prensa; no figura en la lista oficial; posible duplicado de web-tambo-chimpu-ocllo-2 ""Tambo Chimpu Ocllo"" (a 17 m)",2026-10-01
web-tambo-carabayllo-mz-f,tambo,Tambo Carabayllo - Mz. F,"Mz. F, Lt. 07, Programa de Vivienda Santa Rosa",Carabayllo,Lima,Lima,150106,-11.874050,-77.023600,approx,web,https://www.peru-retail.com/tambo-inaugura-20-nuevas-tiendas-y-supera-las-900-a-nivel-nacional-donde-estan-sus-nuevos-locales/,to_verify,"Colocada a mano el 2026-10-01 a partir de evidencia verificada (tools/seed/overrides.json, manualPlacements; confianza baja): aproximada (baja confianza): tramo de la Av. Universitaria entre Av. Camino Real y Av. Manuel Prado, donde el padrón municipal de Carabayllo ubica el Programa de Vivienda Santa Rosa (de Carabayllo / Santa Rosa Norte); la Mz. F no está ubicada. Hay otros «Santa Rosa» en el distrito y la tienda oficial nueva «TAMBO JOSESACO-CARABAYLLO» podría ser esta: revisar. Apertura reportada por Peru Retail (9 set. 2026); reportada por la prensa; no figura en la lista oficial",2026-10-01
web-tambo-chimpu-ocllo,tambo,Tambo Chimpu Ocllo,4X55+X9W,Carabayllo,Lima,Lima,150106,-11.890013,-77.041550,exact,web,https://www.tambo.pe/tiendas,verified,Solo en la lista oficial (coordenadas oficiales),2026-10-01
web-tambo-chimpu-ocllo-2,tambo,Tambo Chimpu Ocllo,Avenida Chimpu Ocllo 386,Carabayllo,Lima,Lima,150106,-11.896729,-77.033791,exact,web,https://www.tambo.pe/tiendas,verified,Solo en la lista oficial (coordenadas oficiales),2026-10-01
web-tambo-chimpu-ocllo-3,tambo,Tambo Chimpu Ocllo,Isabel Chimpu Ocllo 753,Carabayllo,Lima,Lima,150106,-11.894463,-77.037323,exact,web,https://www.tambo.pe/tiendas,verified,Solo en la lista oficial (coordenadas oficiales),2026-10-01
web-tambo-condorcanqui,tambo,Tambo Condorcanqui,"4XC9+QVJ, Carabayllo 15318",Carabayllo,Lima,Lima,150106,-11.878037,-77.030357,exact,web,https://www.tambo.pe/tiendas,verified,Solo en la lista oficial (coordenadas oficiales),2026-10-01
web-tambo-condorcanqui-3,tambo,Tambo Condorcanqui,Avenida Mariano Condorcanqui 909,Carabayllo,Lima,Lima,150106,-11.887548,-77.036133,exact,web,https://www.tambo.pe/tiendas,verified,Solo en la lista oficial (coordenadas oficiales),2026-10-01
web-tambo-esmeralda,tambo,Tambo Esmeralda,"Vía Metropolitana, Carabayllo 15121",Carabayllo,Lima,Lima,150106,-11.864925,-77.053978,exact,web,https://www.tambo.pe/tiendas,verified,Solo en la lista oficial (coordenadas oficiales),2026-10-01
web-tambo-estrellasolar,tambo,Tambo Estrellasolar,ESTRELLASOLAR-CARABAYLLO,Carabayllo,Lima,Lima,150106,-11.891310,-77.030975,exact,web,https://www.tambo.pe/tiendas,verified,Solo en la lista oficial (coordenadas oficiales),2026-10-01
web-tambo-josesaco,tambo,Tambo Josesaco,"4XV6+M3F, Carabayllo",Carabayllo,Lima,Lima,150106,-11.855812,-77.039825,exact,web,https://www.tambo.pe/tiendas,to_verify,"Solo en la lista oficial (coordenadas oficiales); venta en línea desactivada en el sistema oficial (tienda nueva o cerrada)",2026-10-01
web-tambo-sanmartin,tambo,Tambo Sanmartin,3XX8+R98,Carabayllo,Lima,Lima,150106,-11.900462,-77.034050,exact,web,https://www.tambo.pe/tiendas,verified,Solo en la lista oficial (coordenadas oficiales),2026-10-01
web-tambo-sanpedro,tambo,Tambo Sanpedro,Avenida B,Carabayllo,Lima,Lima,150106,-11.842791,-77.078606,exact,web,https://www.tambo.pe/tiendas,verified,Solo en la lista oficial (coordenadas oficiales),2026-10-01
web-tambo-santaisabel,tambo,Tambo Santaisabel,Amarantos 100,Carabayllo,Lima,Lima,150106,-11.900082,-77.036995,exact,web,https://www.tambo.pe/tiendas,verified,Solo en la lista oficial (coordenadas oficiales),2026-10-01
web-tambo-trapiche,tambo,Tambo Trapiche,Mz L2 Lote 23,Carabayllo,Lima,Lima,150106,-11.872887,-77.028984,exact,web,https://www.tambo.pe/tiendas,verified,Solo en la lista oficial (coordenadas oficiales),2026-10-01
web-tambo-tupacamaru-4,tambo,Tambo Tupacamaru,4XCJ+F96,Carabayllo,Lima,Lima,150106,-11.878838,-77.019112,exact,web,https://www.tambo.pe/tiendas,verified,Solo en la lista oficial (coordenadas oficiales),2026-10-01
osm-n13430615140,tambo,Tambo Ayllon,Avenida Nicolás Ayllón 421,Chaclacayo,Lima,Lima,150107,-11.976451,-76.773284,exact,osm,n13430615140,verified,También en la lista oficial,2026-10-01
web-tambo-la-floresta,tambo,Tambo La Floresta,255H+67X,Chaclacayo,Lima,Lima,150107,-11.991887,-76.821762,exact,web,https://www.tambo.pe/tiendas,verified,Solo en la lista oficial (coordenadas oficiales),2026-10-01
web-tambo-viru,tambo,Tambo Viru,Avenida Nicolás Ayllón N° 5043,Chaclacayo,Lima,Lima,150107,-11.988608,-76.816681,exact,web,https://www.tambo.pe/tiendas,verified,Solo en la lista oficial (coordenadas oficiales),2026-10-01
web-tambo-alameda,tambo,Tambo Alameda,Avenida Alameda Los Cedros 686,Chorrillos,Lima,Lima,150108,-12.206471,-77.011299,exact,web,https://www.tambo.pe/tiendas,to_verify,"Solo en la lista oficial (coordenadas oficiales); longitud oficial -77.011299 idéntica a la de ""TAMBO PUMAS-C1 - CHORRRILLOS"" (¿copiada?)",2026-10-01
web-tambo-alameda-sur-chorrilos,tambo,Tambo Alameda Sur Chorrilos,Avenida Alameda Sur 1292,Chorrillos,Lima,Lima,150108,-12.206096,-77.017838,exact,web,https://www.tambo.pe/tiendas,verified,Solo en la lista oficial (coordenadas oficiales),2026-10-01
web-tambo-alamedasur-los-cedros,tambo,Tambo Alamedasur los Cedros,Avenida Alameda Sur 809,Chorrillos,Lima,Lima,150108,-12.199318,-77.012573,exact,web,https://www.tambo.pe/tiendas,to_verify,"Solo en la lista oficial (coordenadas oficiales); venta en línea desactivada en el sistema oficial (tienda nueva o cerrada)",2026-10-01
web-tambo-alamedasur2,tambo,Tambo ALAMEDASUR2,Avenida Alameda Sur MZ. B,Chorrillos,Lima,Lima,150108,-12.197453,-77.011551,exact,web,https://www.tambo.pe/tiendas,verified,Solo en la lista oficial (coordenadas oficiales),2026-10-01
web-tambo-chorrillos,tambo,Tambo Chorrillos,Avenida Chorrillos 292,Chorrillos,Lima,Lima,150108,-12.157949,-77.023315,exact,web,https://www.tambo.pe/tiendas,verified,Solo en la lista oficial (coordenadas oficiales),2026-10-01
web-tambo-costaazul,tambo,Tambo Costaazul,Calle Costa Azul 151,Chorrillos,Lima,Lima,150108,-12.174086,-77.015503,exact,web,https://www.tambo.pe/tiendas,verified,Solo en la lista oficial (coordenadas oficiales),2026-10-01
web-tambo-defensores-2,tambo,Tambo Defensores,RXJG+F8P,Chorrillos,Lima,Lima,150108,-12.168788,-77.024170,exact,web,https://www.tambo.pe/tiendas,verified,Solo en la lista oficial (coordenadas oficiales),2026-10-01
web-tambo-elsol,tambo,Tambo Elsol,Avenida El Sol 1197,Chorrillos,Lima,Lima,150108,-12.176990,-76.997620,exact,web,https://www.tambo.pe/tiendas,verified,Solo en la lista oficial (coordenadas oficiales),2026-10-01
web-tambo-gcivil,tambo,Tambo Gcivil,Avenida Guardia Civil Sur 798,Chorrillos,Lima,Lima,150108,-12.177440,-76.995392,exact,web,https://www.tambo.pe/tiendas,verified,Solo en la lista oficial (coordenadas oficiales),2026-10-01
web-tambo-grifo-matellini,tambo,Tambo Grifo Matellini,Avenida Prolongación Huaylas 2303,Chorrillos,Lima,Lima,150108,-12.181221,-77.011894,exact,web,https://www.tambo.pe/tiendas,verified,Solo en la lista oficial (coordenadas oficiales),2026-10-01
web-tambo-guardiacivil,tambo,Tambo Guardiacivil,Avenida Guardia Civil Sur 513,Chorrillos,Lima,Lima,150108,-12.182621,-76.999611,exact,web,https://www.tambo.pe/tiendas,verified,Solo en la lista oficial (coordenadas oficiales),2026-10-01
web-tambo-guardiaperuana,tambo,Tambo Guardiaperuana,Avenida Guardia Peruana,Chorrillos,Lima,Lima,150108,-12.180072,-77.002747,exact,web,https://www.tambo.pe/tiendas,verified,Solo en la lista oficial (coordenadas oficiales),2026-10-01
osm-n5006012743,tambo,Tambo Huaylas,Chorrillos,Chorrillos,Lima,Lima,150108,-12.187455,-77.007994,exact,osm,n5006012743,verified,También en la lista oficial,2026-10-01
web-tambo-huaylas,tambo,Tambo Huaylas,Avenida Defensores del Morro 768,Chorrillos,Lima,Lima,150108,-12.171618,-77.022049,exact,web,https://www.tambo.pe/tiendas,verified,Solo en la lista oficial (coordenadas oficiales),2026-10-01
web-tambo-huaylas-2,tambo,Tambo Huaylas,Avenida Prolongación Huaylas 1010,Chorrillos,Lima,Lima,150108,-12.173417,-77.020317,exact,web,https://www.tambo.pe/tiendas,verified,Solo en la lista oficial (coordenadas oficiales),2026-10-01
web-tambo-iglesias-2,tambo,Tambo Iglesias,Tambo+ Iglesias,Chorrillos,Lima,Lima,150108,-12.167816,-77.025589,exact,web,https://www.tambo.pe/tiendas,verified,Solo en la lista oficial (coordenadas oficiales),2026-10-01
web-tambo-lacurva,tambo,Tambo Lacurva,Avenida Guardia Civil Sur 110,Chorrillos,Lima,Lima,150108,-12.185040,-77.006973,exact,web,https://www.tambo.pe/tiendas,verified,Solo en la lista oficial (coordenadas oficiales),2026-10-01
web-tambo-matelini,tambo,Tambo Matelini,Avenida Paseo de la República 1571,Chorrillos,Lima,Lima,150108,-12.178616,-77.009781,exact,web,https://www.tambo.pe/tiendas,verified,Solo en la lista oficial (coordenadas oficiales),2026-10-01
web-tambo-matellini,tambo,Tambo Matellini,Avenida Ariosto Matellini 150,Chorrillos,Lima,Lima,150108,-12.179603,-77.010750,exact,web,https://www.tambo.pe/tiendas,verified,Solo en la lista oficial (coordenadas oficiales),2026-10-01
web-tambo-matellini-2,tambo,Tambo Matellini,Avenida Ariosto Matellini 401,Chorrillos,Lima,Lima,150108,-12.176217,-77.006882,exact,web,https://www.tambo.pe/tiendas,to_verify,"Solo en la lista oficial (coordenadas oficiales); longitud oficial -77.006882 idéntica a la de ""TAMBO CASTILLA-C11 - SURCO"" (¿copiada?)",2026-10-01
web-tambo-olaya,tambo,Tambo Olaya,Avenida José Olaya,Chorrillos,Lima,Lima,150108,-12.169519,-77.028206,exact,web,https://www.tambo.pe/tiendas,verified,Solo en la lista oficial (coordenadas oficiales),2026-10-01
web-tambo-pumas-chorrrillos,tambo,Tambo Pumas Chorrrillos,Avenida los Pumas 120,Chorrillos,Lima,Lima,150108,-12.176884,-77.011299,exact,web,https://www.tambo.pe/tiendas,to_verify,"Solo en la lista oficial (coordenadas oficiales); longitud oficial -77.011299 idéntica a la de ""TAMBO ALAMEDA-C6 - CHORRILLOS"" (¿copiada?)",2026-10-01
web-tambo-sanpedro-2,tambo,Tambo Sanpedro,Avenida El Triunfo 750,Chorrillos,Lima,Lima,150108,-12.196709,-76.982018,exact,web,https://www.tambo.pe/tiendas,to_verify,"Solo en la lista oficial (coordenadas oficiales); venta en línea desactivada en el sistema oficial (tienda nueva o cerrada)",2026-10-01
web-tambo-teran,tambo,Tambo Teran,Avenida Fernando Teran 901,Chorrillos,Lima,Lima,150108,-12.167981,-77.019615,exact,web,https://www.tambo.pe/tiendas,verified,Solo en la lista oficial (coordenadas oficiales),2026-10-01
web-tambo-tolomeo,tambo,Tambo Tolomeo,Tolomeo 160 - 164 Urb,Chorrillos,Lima,Lima,150108,-12.184590,-76.999123,exact,web,https://www.tambo.pe/tiendas,verified,Solo en la lista oficial (coordenadas oficiales),2026-10-01
web-tambo-villa-upc,tambo,Tambo Villa Upc,Avenida Alameda San Marcos 236,Chorrillos,Lima,Lima,150108,-12.197983,-77.009628,exact,web,https://www.tambo.pe/tiendas,verified,Solo en la lista oficial (coordenadas oficiales),2026-10-01
web-tambo-villa1,tambo,Tambo VILLA1,Avenida Alameda Los Cedros 293,Chorrillos,Lima,Lima,150108,-12.204050,-77.013649,exact,web,https://www.tambo.pe/tiendas,verified,Solo en la lista oficial (coordenadas oficiales),2026-10-01
web-tambo-arequipa-4,tambo,Tambo Arequipa,Tambo arequipa comas,Comas,Lima,Lima,150110,-11.956664,-77.049576,exact,web,https://www.tambo.pe/tiendas,verified,Solo en la lista oficial (coordenadas oficiales),2026-10-01
web-tambo-belaunde,tambo,Tambo Belaunde,Avenida Victor Andrés Belaunde 951,Comas,Lima,Lima,150110,-11.934636,-77.057152,exact,web,https://www.tambo.pe/tiendas,verified,Solo en la lista oficial (coordenadas oficiales),2026-10-01
web-tambo-carabayllo,tambo,Tambo Carabayllo,"2WWV+WC4, Comas",Comas,Lima,Lima,150110,-11.952738,-77.056419,exact,web,https://www.tambo.pe/tiendas,to_verify,"Solo en la lista oficial (coordenadas oficiales); venta en línea desactivada en el sistema oficial (tienda nueva o cerrada)",2026-10-01
web-tambo-collique,tambo,Tambo Collique,Avenida Túpac Amaru 7901,Comas,Lima,Lima,150110,-11.914293,-77.040260,exact,web,https://www.tambo.pe/tiendas,verified,Solo en la lista oficial (coordenadas oficiales),2026-10-01
web-tambo-comas,tambo,Tambo Comas,Avenida Túpac Amaru 1037,Comas,Lima,Lima,150110,-11.956166,-77.052879,exact,web,https://www.tambo.pe/tiendas,verified,Solo en la lista oficial (coordenadas oficiales),2026-10-01
web-tambo-comas-av-el-retablo-1378,tambo,Tambo Comas - Av. El Retablo 1378,"Av. El Retablo 1378, Urb. Primavera A",Comas,Lima,Lima,150110,-11.923104,-77.054046,approx,web,https://www.peru-retail.com/tambo-suma-23-nuevos-locales-en-junio-y-queda-cerca-de-alcanzar-900-tiendas-a-nivel-nacional/,to_verify,"Control de numeración: el punto de calle que dio Nominatim (Avenida El Retablo, El Retablo 2, Comas) quedaba a 1.6 km del n.º 1378; posición extrapolada a partir del n.º 1356 (Mass Av. El Retablo 1356 (coordenadas oficiales)) y el n.º 1187 (Tiendas 3A Retablo 11 (coordenadas oficiales)) de la misma calle; reportada por la prensa; no figura en la lista oficial",2026-10-01
web-tambo-comas-av-guillermo-de-la-fuente-601,tambo,Tambo Comas - Av. Guillermo de la Fuente 601,Av. Guillermo de la Fuente 601,Comas,Lima,Lima,150110,-11.941690,-77.063780,approx,web,https://www.peru-retail.com/tambo-inaugura-16-nuevas-tiendas-y-queda-cerca-de-alcanzar-los-900-locales-a-nivel-nacional/,to_verify,"Geocodificada a partir de la dirección oficial (Nominatim, a nivel de calle: Avenida Guillermo de la Fuente, Urbanización Infantas, Infantas); reportada por la prensa; no figura en la lista oficial; posible duplicado de web-tambo-giufuente ""Tambo Giufuente"" (a 65 m)",2026-10-01
web-tambo-comas-av-honduras-388,tambo,Tambo Comas - Av. Honduras 388,"Av. Honduras 388, Urb. El Parral",Comas,Lima,Lima,150110,-11.951040,-77.055500,approx,web,https://www.peru-retail.com/tambo-inaugura-16-nuevas-tiendas-y-queda-cerca-de-alcanzar-los-900-locales-a-nivel-nacional/,to_verify,"Colocada a mano el 2026-10-01 a partir de evidencia verificada (tools/seed/overrides.json, manualPlacements; confianza media): aproximada: Av. Honduras cdra. 3, frente al Mercado El Parral (Av. Honduras cdra. 3 s/n), Urb. El Parral. En OSM este tramo figura como «Av. 22 de Agosto»; la identificación sale del Mercado El Parral y del C.C. Honduras 2000 (Av. Honduras 217, esq. Calle Asunción = «Honduras Center» en OSM). Apertura reportada por Peru Retail (14 ago. 2026); reportada por la prensa; no figura en la lista oficial",2026-10-01
web-tambo-comas-av-tupac-amaru-8517,tambo,Tambo Comas - Av. Túpac Amaru 8517,"Av. Túpac Amaru 8517, Urb. San Felipe, 1ra Et.",Comas,Lima,Lima,150110,-11.944507,-77.050620,approx,web,https://www.peru-retail.com/tambo-suma-23-nuevos-locales-en-junio-y-queda-cerca-de-alcanzar-900-tiendas-a-nivel-nacional/,to_verify,"Geocodificada a partir de la dirección oficial (Nominatim, a nivel de calle: Avenida Túpac Amaru, Huaquillay 1, El Carmen); reportada por la prensa; no figura en la lista oficial",2026-10-01
web-tambo-comas-av-universitaria-norte-5743,tambo,Tambo Comas - Av. Universitaria Norte 5743,"Av. Universitaria Norte 5743, Urb. San Isolina",Comas,Lima,Lima,150110,-11.955649,-77.059920,approx,web,https://www.peru-retail.com/tambo-inaugura-20-nuevas-tiendas-y-supera-las-900-a-nivel-nacional-donde-estan-sus-nuevos-locales/,to_verify,"Colocada a mano el 2026-10-01 a partir de evidencia verificada (tools/seed/overrides.json, manualPlacements; confianza media): aproximada por numeración: interpolada sobre la Av. Universitaria desde el n.º 5977 (Mass, coordenadas oficiales) con el ritmo entre ese número y el n.º 8021 (Tambo Universitaria C-80); coincide con la interpolación entre el n.º 5400 (Escuela Nacional de Folclor, OSM) y el n.º 6102 (Trilce). Frente de la Urb. Santa Isolina, a 114 m del Tambo de Av. México 400. Apertura reportada por Peru Retail (9 set. 2026); reportada por la prensa; no figura en la lista oficial",2026-10-01
web-tambo-comas-jr-francisco-alvarino-803,tambo,Tambo Comas - Jr. Francisco Alvariño 803,"Jr. Francisco Alvariño 803, Urb. El Retablo",Comas,Lima,Lima,150110,-11.932184,-77.057104,approx,web,https://www.peru-retail.com/tambo-amplia-su-presencia-con-18-nuevos-locales-donde-estan-ubicados-y-cuantos-acumula/,to_verify,"Geocodificada a partir de la dirección oficial (Nominatim, a nivel de calle: Jirón Francisco Alvariño, El Retablo 4, Comas); reportada por la prensa; no figura en la lista oficial",2026-10-01
web-tambo-elpinar,tambo,Tambo Elpinar,3WMV+J98,Comas,Lima,Lima,150110,-11.915962,-77.056549,exact,web,https://www.tambo.pe/tiendas,verified,Solo en la lista oficial (coordenadas oficiales),2026-10-01
web-tambo-giufuente,tambo,Tambo Giufuente,"3W5P+97C, Comas",Comas,Lima,Lima,150110,-11.941563,-77.064362,exact,web,https://www.tambo.pe/tiendas,to_verify,"Solo en la lista oficial (coordenadas oficiales); venta en línea desactivada en el sistema oficial (tienda nueva o cerrada)",2026-10-01
web-tambo-guillermo-de-la-fuente,tambo,Tambo Guillermo de la Fuente,Avenida Guillermo de la Fuente 353,Comas,Lima,Lima,150110,-11.941917,-77.060783,exact,web,https://www.tambo.pe/tiendas,to_verify,"Solo en la lista oficial (coordenadas oficiales); venta en línea desactivada en el sistema oficial (tienda nueva o cerrada)",2026-10-01
web-tambo-losangeles,tambo,Tambo Losangeles,Avenida Los Ángeles 730,Comas,Lima,Lima,150110,-11.937678,-77.067177,exact,web,https://www.tambo.pe/tiendas,verified,Solo en la lista oficial (coordenadas oficiales),2026-10-01
web-tambo-losangeles-2,tambo,Tambo Losangeles,Avenida los Ángeles 305,Comas,Lima,Lima,150110,-11.938912,-77.062035,exact,web,https://www.tambo.pe/tiendas,verified,Solo en la lista oficial (coordenadas oficiales),2026-10-01
web-tambo-losincas,tambo,Tambo Losincas,3XP2+3CH,Comas,Lima,Lima,150110,-11.914812,-77.048889,exact,web,https://www.tambo.pe/tiendas,verified,Solo en la lista oficial (coordenadas oficiales),2026-10-01
web-tambo-maestro,tambo,Tambo Maestro,Avenida Maestro Peruano 701,Comas,Lima,Lima,150110,-11.965034,-77.062202,exact,web,https://www.tambo.pe/tiendas,to_verify,"Solo en la lista oficial (coordenadas oficiales); longitud oficial -77.062202 idéntica a la de ""TAMBO MENDIOLA-C20 - LOS OLIVOS"" (¿copiada?)",2026-10-01
web-tambo-maestroperuano,tambo,Tambo Maestroperuano,10 De Diciembre 111,Comas,Lima,Lima,150110,-11.964319,-77.058151,exact,web,https://www.tambo.pe/tiendas,verified,Solo en la lista oficial (coordenadas oficiales),2026-10-01
osm-n11225989410,tambo,Tambo Mbastidas,Avenida Micaela Bastidas 916,Comas,Lima,Lima,150110,-11.928164,-77.056597,exact,osm,n11225989410,verified,"También en la lista oficial; venta en línea desactivada en el sistema oficial (tienda nueva o cerrada)",2026-10-01
web-tambo-mbastidas,tambo,Tambo Mbastidas,Popeyes - Torre Mont,Comas,Lima,Lima,150110,-11.925653,-77.061775,exact,web,https://www.tambo.pe/tiendas,verified,Solo en la lista oficial (coordenadas oficiales),2026-10-01
web-tambo-mexico,tambo,Tambo Mexico,Avenida Metropolitana 1196,Comas,Lima,Lima,150110,-11.955749,-77.063553,exact,web,https://www.tambo.pe/tiendas,verified,Solo en la lista oficial (coordenadas oficiales),2026-10-01
web-tambo-mexico-2,tambo,Tambo Mexico,Mexico 400,Comas,Lima,Lima,150110,-11.955285,-77.058945,exact,web,https://www.tambo.pe/tiendas,verified,Solo en la lista oficial (coordenadas oficiales),2026-10-01
web-tambo-pascana,tambo,Tambo Pascana,Tambo+ Pascana,Comas,Lima,Lima,150110,-11.933933,-77.046486,exact,web,https://www.tambo.pe/tiendas,verified,Solo en la lista oficial (coordenadas oficiales),2026-10-01
web-tambo-revolucion-collique,tambo,Tambo Revolucion Collique,Avenida Revolución 1443,Comas,Lima,Lima,150110,-11.913996,-77.028816,exact,web,https://www.tambo.pe/tiendas,verified,Solo en la lista oficial (coordenadas oficiales),2026-10-01
web-tambo-sanfelipe,tambo,Tambo Sanfelipe,Avenida San Felipe 841,Comas,Lima,Lima,150110,-11.900375,-77.041374,exact,web,https://www.tambo.pe/tiendas,verified,Solo en la lista oficial (coordenadas oficiales),2026-10-01
web-tambo-tupacamaru,tambo,Tambo Tupacamaru,2WQW+85R,Comas,Lima,Lima,150110,-11.961637,-77.054611,exact,web,https://www.tambo.pe/tiendas,verified,Solo en la lista oficial (coordenadas oficiales),2026-10-01
web-tambo-tupacamaru-2,tambo,Tambo Tupacamaru,"3X72+5G6, Comas",Comas,Lima,Lima,150110,-11.937087,-77.048737,exact,web,https://www.tambo.pe/tiendas,to_verify,"Solo en la lista oficial (coordenadas oficiales); venta en línea desactivada en el sistema oficial (tienda nueva o cerrada)",2026-10-01
web-tambo-tupacamaru-3,tambo,Tambo Tupacamaru,3XG4+MW4,Comas,Lima,Lima,150110,-11.923363,-77.042671,exact,web,https://www.tambo.pe/tiendas,verified,Solo en la lista oficial (coordenadas oficiales),2026-10-01
web-tambo-unger,tambo,Tambo Unger,3W3M+XFF,Comas,Lima,Lima,150110,-11.945063,-77.066330,exact,web,https://www.tambo.pe/tiendas,verified,Solo en la lista oficial (coordenadas oficiales),2026-10-01
web-tambo-universitaria,tambo,Tambo Universitaria,Avenida Universitaria 10088,Comas,Lima,Lima,150110,-11.906481,-77.042709,exact,web,https://www.tambo.pe/tiendas,verified,Solo en la lista oficial (coordenadas oficiales),2026-10-01
web-tambo-universitaria-3,tambo,Tambo Universitaria,Avenida Universitaria 8021,Comas,Lima,Lima,150110,-11.929478,-77.053680,exact,web,https://www.tambo.pe/tiendas,verified,Solo en la lista oficial (coordenadas oficiales),2026-10-01
web-tambo-universitaria-4,tambo,Tambo Universitaria,Avenida Universitaria 8390,Comas,Lima,Lima,150110,-11.926064,-77.051750,exact,web,https://www.tambo.pe/tiendas,verified,Solo en la lista oficial (coordenadas oficiales),2026-10-01
web-tambo-universitaria-5,tambo,Tambo Universitaria,Tambo universitaria 106,Comas,Lima,Lima,150110,-11.900633,-77.039391,exact,web,https://www.tambo.pe/tiendas,verified,Solo en la lista oficial (coordenadas oficiales),2026-10-01
web-tambo-victor-belaunde,tambo,Tambo Victor Belaunde,Tambo+ Belaunde oeste,Comas,Lima,Lima,150110,-11.937916,-77.052956,exact,web,https://www.tambo.pe/tiendas,verified,Solo en la lista oficial (coordenadas oficiales),2026-10-01
web-tambo-ancash-elagustino,tambo,Tambo Ancash Elagustino,X252+QQH,El Agustino,Lima,Lima,150111,-12.040563,-76.998016,exact,web,https://www.tambo.pe/tiendas,verified,Solo en la lista oficial (coordenadas oficiales),2026-10-01
web-tambo-bosquehuanca,tambo,Tambo Bosquehuanca,XX8X+7V4,El Agustino,Lima,Lima,150111,-12.034363,-77.000298,exact,web,https://www.tambo.pe/tiendas,verified,Solo en la lista oficial (coordenadas oficiales),2026-10-01
web-tambo-ce-centrica,tambo,Tambo Ce Centrica,Nugget 125,El Agustino,Lima,Lima,150111,-12.058578,-76.975281,exact,web,https://www.tambo.pe/tiendas,verified,Solo en la lista oficial (coordenadas oficiales),2026-10-01
web-tambo-mariategui-2-elagustino,tambo,Tambo Mariategui 2 Elagustino,X292+Q68,El Agustino,Lima,Lima,150111,-12.030587,-76.999420,exact,web,https://www.tambo.pe/tiendas,verified,Solo en la lista oficial (coordenadas oficiales),2026-10-01
web-tambo-mariategui-c25-el-agustino,tambo,Tambo Mariategui-C25 - EL AGUSTINO,Avenida José Carlos Mariátegui 2595,El Agustino,Lima,Lima,150111,-12.030485,-77.000031,exact,web,https://www.tambo.pe/tiendas,verified,Solo en la lista oficial (coordenadas oficiales),2026-10-01
web-tambo-rivaguero,tambo,Tambo Rivaguero,Avenida Riva Agüero 1470,El Agustino,Lima,Lima,150111,-12.047171,-76.999756,exact,web,https://www.tambo.pe/tiendas,verified,Solo en la lista oficial (coordenadas oficiales),2026-10-01
web-tambo-rivaguero-2,tambo,Tambo Rivaguero,Avenida Riva Agüero 684,El Agustino,Lima,Lima,150111,-12.053384,-77.003738,exact,web,https://www.tambo.pe/tiendas,verified,Solo en la lista oficial (coordenadas oficiales),2026-10-01
web-tambo-rivaguero-2-2,tambo,Tambo Rivaguero 2,Avenida Riva Agüero 1401,El Agustino,Lima,Lima,150111,-12.047974,-77.000595,exact,web,https://www.tambo.pe/tiendas,verified,Solo en la lista oficial (coordenadas oficiales),2026-10-01
web-tambo-17denoviembre,tambo,Tambo 17DENOVIEMBRE,17 de Noviembre 498,Independencia,Lima,Lima,150112,-11.992465,-77.050575,exact,web,https://www.tambo.pe/tiendas,verified,Solo en la lista oficial (coordenadas oficiales),2026-10-01
osm-n9366500461,tambo,Tambo Alisos,Avenida Gerardo Unger 4321,Independencia,Lima,Lima,150112,-11.982737,-77.059063,exact,osm,n9366500461,verified,También en la lista oficial,2026-10-01
web-tambo-almendras,tambo,Tambo Almendras,Avenida las Almendras 300,Independencia,Lima,Lima,150112,-11.985688,-77.060997,exact,web,https://www.tambo.pe/tiendas,verified,Solo en la lista oficial (coordenadas oficiales),2026-10-01
web-tambo-antisuyo,tambo,Tambo Antisuyo,2XC3+G7H,Independencia,Lima,Lima,150112,-11.978687,-77.046768,exact,web,https://www.tambo.pe/tiendas,verified,Solo en la lista oficial (coordenadas oficiales),2026-10-01
osm-n4368728206,tambo,Tambo Carlos Izaguirre,Avenida Carlos Izaguirre 123,Independencia,Lima,Lima,150112,-11.989299,-77.057877,exact,osm,n4368728206,verified,También en la lista oficial,2026-10-01
web-tambo-chinchaysuyo,tambo,Tambo Chinchaysuyo,Avenida Chinchaysuyo 105a,Independencia,Lima,Lima,150112,-11.979895,-77.058716,exact,web,https://www.tambo.pe/tiendas,verified,Solo en la lista oficial (coordenadas oficiales),2026-10-01
web-tambo-contisuyo,tambo,Tambo Contisuyo,2W7V+P5X,Independencia,Lima,Lima,150112,-11.985638,-77.057014,exact,web,https://www.tambo.pe/tiendas,verified,Solo en la lista oficial (coordenadas oficiales),2026-10-01
osm-n11902756726,tambo,Tambo Los Andes,Calle Los Andes & Calle 1,Independencia,Lima,Lima,150112,-11.991443,-77.063097,exact,osm,n11902756726,verified,También en la lista oficial,2026-10-01
web-tambo-pacifico,tambo,Tambo Pacifico,"Av. El Pacífico, San Martín de Porres 15311",Independencia,Lima,Lima,150112,-11.995606,-77.059860,exact,web,https://www.tambo.pe/tiendas,verified,Solo en la lista oficial (coordenadas oficiales),2026-10-01
osm-n4439656987,tambo,Tambo Pinos,Tambo+,Independencia,Lima,Lima,150112,-11.998335,-77.054916,exact,osm,n4439656987,verified,También en la lista oficial,2026-10-01
osm-n13427763783,tambo,Tambo Unger,2W6V+G37,Independencia,Lima,Lima,150112,-11.988778,-77.057344,exact,osm,n13427763783,verified,También en la lista oficial,2026-10-01
web-tambo-unger-3,tambo,Tambo Unger,XWXV+HWP,Independencia,Lima,Lima,150112,-12.001038,-77.055168,exact,web,https://www.tambo.pe/tiendas,verified,Solo en la lista oficial (coordenadas oficiales),2026-10-01
osm-n7215531062,tambo,Tambo Violetas,Cipreses 110-124,Independencia,Lima,Lima,150112,-12.006142,-77.053776,exact,osm,n7215531062,verified,También en la lista oficial,2026-10-01
web-tambo-bermudez,tambo,Tambo Bermudez,Jirón Pablo Bermudez 316,Jesús María,Lima,Lima,150113,-12.072313,-77.039185,exact,web,https://www.tambo.pe/tiendas,verified,Solo en la lista oficial (coordenadas oficiales),2026-10-01
web-tambo-chile,tambo,Tambo Chile,Avenida República de Chile,Jesús María,Lima,Lima,150113,-12.068537,-77.038292,exact,web,https://www.tambo.pe/tiendas,verified,Solo en la lista oficial (coordenadas oficiales),2026-10-01
web-tambo-chile-2,tambo,Tambo Chile,Avenida República de Chile 276,Jesús María,Lima,Lima,150113,-12.066838,-77.038124,exact,web,https://www.tambo.pe/tiendas,verified,Solo en la lista oficial (coordenadas oficiales),2026-10-01
web-tambo-cuba,tambo,Tambo Cuba,Avenida Cuba 197,Jesús María,Lima,Lima,150113,-12.074954,-77.038162,exact,web,https://www.tambo.pe/tiendas,verified,Solo en la lista oficial (coordenadas oficiales),2026-10-01
web-tambo-diego-de-almagro,tambo,Tambo Diego de Almagro,Jirón Diego de Almagro 464,Jesús María,Lima,Lima,150113,-12.084929,-77.057121,exact,web,https://www.tambo.pe/tiendas,verified,Solo en la lista oficial (coordenadas oficiales),2026-10-01
osm-n4341862356,tambo,Tambo Dominicana,Jiron Dominicana 527,Jesús María,Lima,Lima,150113,-12.074865,-77.047770,exact,osm,n4341862356,verified,También en la lista oficial,2026-10-01
web-tambo-garzon,tambo,Tambo Garzon,Avenida General Eugenio Garzón 1195,Jesús María,Lima,Lima,150113,-12.072011,-77.049316,exact,web,https://www.tambo.pe/tiendas,verified,Solo en la lista oficial (coordenadas oficiales),2026-10-01
web-tambo-garzon-2,tambo,Tambo Garzon,Avenida General Eugenio Garzón 1535,Jesús María,Lima,Lima,150113,-12.075386,-77.052132,exact,web,https://www.tambo.pe/tiendas,verified,Solo en la lista oficial (coordenadas oficiales),2026-10-01
web-tambo-humachuco,tambo,Tambo Humachuco,Jirón Huamachuco 1499,Jesús María,Lima,Lima,150113,-12.076815,-77.049377,exact,web,https://www.tambo.pe/tiendas,verified,Solo en la lista oficial (coordenadas oficiales),2026-10-01
web-tambo-jesus-maria-av-28-de-julio-300,tambo,Tambo Jesús María - Av. 28 de Julio 300,"Av. 28 de Julio 300, 302, 304 y 306, Edif. Cervantes",Jesús María,Lima,Lima,150113,-12.065170,-77.043371,approx,web,https://www.peru-retail.com/tambo-inaugura-20-nuevas-tiendas-y-supera-las-900-a-nivel-nacional-donde-estan-sus-nuevos-locales/,to_verify,"Geocodificada a partir de la dirección oficial (Nominatim, a nivel de número: 300, Avenida 28 de Julio, Jesús María); reportada por la prensa; no figura en la lista oficial",2026-10-01
web-tambo-jesus-maria-av-brasil-2007,tambo,Tambo Jesús María - Av. Brasil 2007,Av. Brasil 2007,Jesús María,Lima,Lima,150113,-12.076866,-77.055162,approx,web,https://www.peru-retail.com/tambo-amplia-su-presencia-con-18-nuevos-locales-donde-estan-ubicados-y-cuantos-acumula/,to_verify,"Geocodificada a partir de la dirección oficial (Nominatim, a nivel de calle: Avenida Brasil, Oyague, Jesús María); reportada por la prensa; no figura en la lista oficial",2026-10-01
web-tambo-jesus-maria-av-gral-felipe-salaverry-1880,tambo,Tambo Jesús María - Av. Gral. Felipe Salaverry 1880,Av. Gral. Felipe Salaverry 1880,Jesús María,Lima,Lima,150113,-12.091786,-77.052738,approx,web,https://www.peru-retail.com/tambo-suma-23-nuevos-locales-en-junio-y-queda-cerca-de-alcanzar-900-tiendas-a-nivel-nacional/,to_verify,"Geocodificada a partir de la dirección oficial (Nominatim, a nivel de calle: Avenida General Felipe Santiago Salaverry, Jesús María, Lima); reportada por la prensa; no figura en la lista oficial",2026-10-01
web-tambo-jesus-maria-av-san-felipe-884,tambo,Tambo Jesús María - Av. San Felipe 884,Av. San Felipe 884,Jesús María,Lima,Lima,150113,-12.082959,-77.055424,approx,web,https://www.peru-retail.com/tambo-inaugura-20-nuevas-tiendas-y-supera-las-900-a-nivel-nacional-donde-estan-sus-nuevos-locales/,to_verify,"Geocodificada a partir de la dirección oficial (Nominatim, a nivel de calle: Avenida San Felipe, Los Patricios, Jesús María); reportada por la prensa; no figura en la lista oficial",2026-10-01
web-tambo-jesus-maria-jr-estados-unidos-108,tambo,Tambo Jesús María - Jr. Estados Unidos 108,Jr. Estados Unidos 108,Jesús María,Lima,Lima,150113,-12.080857,-77.054724,approx,web,https://www.peru-retail.com/tambo-amplia-su-presencia-con-18-nuevos-locales-donde-estan-ubicados-y-cuantos-acumula/,to_verify,"Geocodificada a partir de la dirección oficial (Nominatim, a nivel de calle: Jirón Estados Unidos, Los Patricios, Jesús María); reportada por la prensa; no figura en la lista oficial",2026-10-01
web-tambo-jesus-maria-jr-gral-luis-sanchez-cerro-1699,tambo,Tambo Jesús María - Jr. Gral. Luis Sánchez Cerro 1699,Jr. Gral. Luis Sánchez Cerro 1699,Jesús María,Lima,Lima,150113,-12.079150,-77.048546,approx,web,https://www.peru-retail.com/tambo-suma-23-nuevos-locales-en-junio-y-queda-cerca-de-alcanzar-900-tiendas-a-nivel-nacional/,to_verify,"Colocada a mano el 2026-10-01 a partir de evidencia verificada (tools/seed/overrides.json, manualPlacements; confianza media): aproximada: Jr. Gral. Luis Sánchez Cerro 1699, esquina con la Av. Húsares de Junín, acera de los números impares (el n.º 1701 está cruzando la avenida, OSM); prensa: Perú Retail, 09/07/2026 (apertura en junio de 2026); reportada por la prensa; no figura en la lista oficial",2026-10-01
web-tambo-marquez-jesusmaria,tambo,Tambo Marquez Jesusmaria,Avenida Arnaldo Márquez 1500,Jesús María,Lima,Lima,150113,-12.075619,-77.051277,exact,web,https://www.tambo.pe/tiendas,verified,Solo en la lista oficial (coordenadas oficiales),2026-10-01
web-tambo-yupanqui,tambo,Tambo Yupanqui,Jirón Lloque Yupanqui 1312,Jesús María,Lima,Lima,150113,-12.075459,-77.046097,exact,web,https://www.tambo.pe/tiendas,verified,Solo en la lista oficial (coordenadas oficiales),2026-10-01
web-tambo-celima,tambo,Tambo Celima,Avenida Los Constructores 107,La Molina,Lima,Lima,150114,-12.067681,-76.958405,exact,web,https://www.tambo.pe/tiendas,verified,Solo en la lista oficial (coordenadas oficiales),2026-10-01
web-tambo-condores,tambo,Tambo Condores,Alameda de los Cóndores 521,La Molina,Lima,Lima,150114,-12.101878,-76.945740,exact,web,https://www.tambo.pe/tiendas,verified,Solo en la lista oficial (coordenadas oficiales),2026-10-01
web-tambo-constructores,tambo,Tambo Constructores,Avenida Los Constructores 1161,La Molina,Lima,Lima,150114,-12.062374,-76.945999,exact,web,https://www.tambo.pe/tiendas,verified,Solo en la lista oficial (coordenadas oficiales),2026-10-01
web-tambo-constructores-2,tambo,Tambo Constructores,Avenida Los Constructores 595,La Molina,Lima,Lima,150114,-12.064724,-76.953285,exact,web,https://www.tambo.pe/tiendas,verified,Solo en la lista oficial (coordenadas oficiales),2026-10-01
osm-n14084445125,tambo,Tambo Corregidor,V3Q4+RRQ La Molina,La Molina,Lima,Lima,150114,-12.110290,-76.942993,exact,osm,n14084445125,verified,También en la lista oficial,2026-10-01
osm-n9467677994,tambo,Tambo Corregidor,Alameda del Corregidor 1684,La Molina,Lima,Lima,150114,-12.102621,-76.949280,exact,osm,n9467677994,verified,También en la lista oficial,2026-10-01
web-tambo-corregidor,tambo,Tambo Corregidor,Alameda del Corregidor 3491,La Molina,Lima,Lima,150114,-12.113786,-76.936485,exact,web,https://www.tambo.pe/tiendas,verified,Solo en la lista oficial (coordenadas oficiales),2026-10-01
web-tambo-fontana2,tambo,Tambo FONTANA2,Avenida la Fontana 448,La Molina,Lima,Lima,150114,-12.073375,-76.954559,exact,web,https://www.tambo.pe/tiendas,verified,Solo en la lista oficial (coordenadas oficiales),2026-10-01
osm-n14122674043,tambo,Tambo Fresnos,Avenida los Fresnos 1305,La Molina,Lima,Lima,150114,-12.103906,-76.941408,exact,osm,n14122674043,verified,También en la lista oficial,2026-10-01
osm-w751751272,tambo,Tambo Fresnos,Avenida los Fresnos 1070,La Molina,Lima,Lima,150114,-12.101449,-76.943131,exact,osm,w751751272,verified,También en la lista oficial,2026-10-01
web-tambo-huarochiri-2,tambo,Tambo Huarochiri,Avenida Huarochiri 405,La Molina,Lima,Lima,150114,-12.060600,-76.942566,exact,web,https://www.tambo.pe/tiendas,verified,Solo en la lista oficial (coordenadas oficiales),2026-10-01
web-tambo-jprado-4,tambo,Tambo Jprado,W29M+H33,La Molina,Lima,Lima,150114,-12.081113,-76.967331,exact,web,https://www.tambo.pe/tiendas,verified,Solo en la lista oficial (coordenadas oficiales),2026-10-01
web-tambo-jprado-5,tambo,Tambo Jprado,W2JW+2M4 La Molina,La Molina,Lima,Lima,150114,-12.069987,-76.953300,exact,web,https://www.tambo.pe/tiendas,verified,Solo en la lista oficial (coordenadas oficiales),2026-10-01
web-tambo-jrcuzco,tambo,Tambo Jrcuzco,W3J3+GVV,La Molina,Lima,Lima,150114,-12.068638,-76.945328,exact,web,https://www.tambo.pe/tiendas,verified,Solo en la lista oficial (coordenadas oficiales),2026-10-01
web-tambo-la-fontana,tambo,Tambo La Fontana,Avenida la Fontana 134,La Molina,Lima,Lima,150114,-12.073392,-76.954994,exact,web,https://www.tambo.pe/tiendas,verified,Solo en la lista oficial (coordenadas oficiales),2026-10-01
web-tambo-la-molina-av-javier-prado-este-7072,tambo,Tambo La Molina - Av. Javier Prado Este 7072,"Av. Javier Prado Este 7072, Urb. Covima",La Molina,Lima,Lima,150114,-12.068124,-76.946172,approx,web,https://www.peru-retail.com/tambo-inaugura-20-nuevas-tiendas-y-supera-las-900-a-nivel-nacional-donde-estan-sus-nuevos-locales/,to_verify,"Geocodificada a partir de la dirección oficial (Nominatim, a nivel de calle: Avenida Javier Prado Este, Santa Patricia 2da Etapa, La Molina); reportada por la prensa; no figura en la lista oficial; posible duplicado de web-tambo-jrcuzco ""Tambo Jrcuzco"" (a 108 m)",2026-10-01
web-tambo-laestancia,tambo,Tambo Laestancia,Santiago De Compostela 130,La Molina,Lima,Lima,150114,-12.086863,-76.935257,exact,web,https://www.tambo.pe/tiendas,verified,Solo en la lista oficial (coordenadas oficiales),2026-10-01
web-tambo-melgarejo,tambo,Tambo Melgarejo,Avenida Melgarejo 596,La Molina,Lima,Lima,150114,-12.066868,-76.938332,exact,web,https://www.tambo.pe/tiendas,verified,Solo en la lista oficial (coordenadas oficiales),2026-10-01
web-tambo-molicentro,tambo,Tambo Molicentro,Avenida 7 1133,La Molina,Lima,Lima,150114,-12.082636,-76.928192,exact,web,https://www.tambo.pe/tiendas,verified,Solo en la lista oficial (coordenadas oficiales),2026-10-01
web-tambo-rinconada-la-molina,tambo,Tambo Rinconada la Molina,Avenida la Molina 3090,La Molina,Lima,Lima,150114,-12.085254,-76.924385,exact,web,https://www.tambo.pe/tiendas,verified,Solo en la lista oficial (coordenadas oficiales),2026-10-01
web-tambo-samoa,tambo,Tambo Samoa,Samoa 355,La Molina,Lima,Lima,150114,-12.083038,-76.898148,exact,web,https://www.tambo.pe/tiendas,verified,Solo en la lista oficial (coordenadas oficiales),2026-10-01
web-tambo-toulon,tambo,Tambo Toulon,Calle Toulon 381,La Molina,Lima,Lima,150114,-12.073398,-76.952759,exact,web,https://www.tambo.pe/tiendas,verified,Solo en la lista oficial (coordenadas oficiales),2026-10-01
web-tambo-tristan,tambo,Tambo Tristan,Avenida Flora Tristan 384,La Molina,Lima,Lima,150114,-12.071671,-76.941078,exact,web,https://www.tambo.pe/tiendas,verified,Solo en la lista oficial (coordenadas oficiales),2026-10-01
web-tambo-tristan-2,tambo,Tambo Tristan,Avenida Flora Tristan 508,La Molina,Lima,Lima,150114,-12.069880,-76.942101,exact,web,https://www.tambo.pe/tiendas,verified,Solo en la lista oficial (coordenadas oficiales),2026-10-01
web-tambo-arriola,tambo,Tambo Arriola,Avenida Nicolás Arriola 397,La Victoria,Lima,Lima,150115,-12.086195,-77.015709,exact,web,https://www.tambo.pe/tiendas,verified,Solo en la lista oficial (coordenadas oficiales),2026-10-01
web-tambo-canada,tambo,Tambo Canada,Avenida Canadá 1084,La Victoria,Lima,Lima,150115,-12.083298,-77.014999,exact,web,https://www.tambo.pe/tiendas,verified,Solo en la lista oficial (coordenadas oficiales),2026-10-01
web-tambo-canada-2,tambo,Tambo Canada,Avenida Canadá 1471,La Victoria,Lima,Lima,150115,-12.084278,-77.007980,exact,web,https://www.tambo.pe/tiendas,verified,Solo en la lista oficial (coordenadas oficiales),2026-10-01
web-tambo-canada-3,tambo,Tambo Canada,Avenida Canadá 488,La Victoria,Lima,Lima,150115,-12.081640,-77.021744,exact,web,https://www.tambo.pe/tiendas,verified,Solo en la lista oficial (coordenadas oficiales),2026-10-01
web-tambo-canada-4,tambo,Tambo Canada,Avenida Canadá 878,La Victoria,Lima,Lima,150115,-12.082007,-77.017609,exact,web,https://www.tambo.pe/tiendas,verified,Solo en la lista oficial (coordenadas oficiales),2026-10-01
web-tambo-delaire-lavictoria,tambo,Tambo Delaire Lavictoria,WX9V+9Q9,La Victoria,Lima,Lima,150115,-12.081588,-77.005516,exact,web,https://www.tambo.pe/tiendas,verified,Solo en la lista oficial (coordenadas oficiales),2026-10-01
web-tambo-grifo-arriola,tambo,Tambo Grifo Arriola,Avenida Nicolás Arriola 1005,La Victoria,Lima,Lima,150115,-12.077932,-77.011490,exact,web,https://www.tambo.pe/tiendas,verified,Solo en la lista oficial (coordenadas oficiales),2026-10-01
web-tambo-jgalvez-lavictoria,tambo,Tambo Jgalvez Lavictoria,WXJ9+8CW,La Victoria,Lima,Lima,150115,-12.069138,-77.031425,exact,web,https://www.tambo.pe/tiendas,verified,Solo en la lista oficial (coordenadas oficiales),2026-10-01
web-tambo-jprado-6,tambo,Tambo Jprado,WX6J+2GW,La Victoria,Lima,Lima,150115,-12.089888,-77.018669,exact,web,https://www.tambo.pe/tiendas,to_verify,"Solo en la lista oficial (coordenadas oficiales); longitud oficial -77.018669 idéntica a la de ""TAMBO ANGAMOS-C12 - SURQUILLO"" (¿copiada?)",2026-10-01
web-tambo-jprado-lavictoria,tambo,Tambo Jprado Lavictoria,WX6Q+FMC,La Victoria,Lima,Lima,150115,-12.088813,-77.010857,exact,web,https://www.tambo.pe/tiendas,verified,Solo en la lista oficial (coordenadas oficiales),2026-10-01
web-tambo-mccapac,tambo,Tambo Mccapac,Avenida Manco Cápac 299,La Victoria,Lima,Lima,150115,-12.061670,-77.029358,exact,web,https://www.tambo.pe/tiendas,verified,Solo en la lista oficial (coordenadas oficiales),2026-10-01
web-tambo-mexico-lavictoria,tambo,Tambo Mexico Lavictoria,"WXGM+G9V, La Victoria",La Victoria,Lima,Lima,150115,-12.073638,-77.016579,exact,web,https://www.tambo.pe/tiendas,to_verify,"Solo en la lista oficial (coordenadas oficiales); venta en línea desactivada en el sistema oficial (tienda nueva o cerrada)",2026-10-01
web-tambo-palermo,tambo,Tambo Palermo,Avenida Palermo 501,La Victoria,Lima,Lima,150115,-12.080709,-77.022667,exact,web,https://www.tambo.pe/tiendas,verified,Solo en la lista oficial (coordenadas oficiales),2026-10-01
osm-n9380317106,tambo,Tambo Republica,Avenida Paseo de la República 595,La Victoria,Lima,Lima,150115,-12.063462,-77.033718,exact,osm,n9380317106,verified,También en la lista oficial,2026-10-01
web-tambo-saneugenio,tambo,Tambo Saneugenio,WX8J+2PV,La Victoria,Lima,Lima,150115,-12.084888,-77.018204,exact,web,https://www.tambo.pe/tiendas,verified,Solo en la lista oficial (coordenadas oficiales),2026-10-01
web-tambo-stacatalina,tambo,Tambo Stacatalina,Avenida Carlos Villarán 261,La Victoria,Lima,Lima,150115,-12.088925,-77.022385,exact,web,https://www.tambo.pe/tiendas,verified,Solo en la lista oficial (coordenadas oficiales),2026-10-01
osm-n6547620077,tambo,Tambo,Avenida Almirante Miguel Grau 127,Lima,Lima,Lima,150101,-12.059529,-77.035015,exact,osm,n6547620077,to_verify,"Solo en OSM; elemento OSM v1, última edición el 2019-06-14",2026-10-01
osm-w1376181759,tambo,Tambo,,Lima,Lima,Lima,150101,-12.049443,-77.050590,exact,osm,w1376181759,to_verify,"Solo en OSM; elemento OSM v1, última edición el 2025-04-09; tienda oficial de Mass ""Mass Jr. Ramón Cárcamo 792 - 798"" a 19 m (¿mismo local? revisar)",2026-10-01
web-tambo-28dejulio,tambo,Tambo 28DEJULIO,Avenida 28 de Julio 1000,Lima,Lima,Lima,150101,-12.064067,-77.035179,exact,web,https://www.tambo.pe/tiendas,verified,Solo en la lista oficial (coordenadas oficiales),2026-10-01
web-tambo-abancay,tambo,Tambo Abancay,Avenida Abancay 760,Lima,Lima,Lima,150101,-12.053182,-77.029831,exact,web,https://www.tambo.pe/tiendas,verified,Solo en la lista oficial (coordenadas oficiales),2026-10-01
web-tambo-arenales-2,tambo,Tambo Arenales,WXF7+V6X,Lima,Lima,Lima,150101,-12.075262,-77.036888,exact,web,https://www.tambo.pe/tiendas,verified,Solo en la lista oficial (coordenadas oficiales),2026-10-01
web-tambo-arequipa,tambo,Tambo Arequipa,Avenida Arequipa 1421,Lima,Lima,Lima,150101,-12.078843,-77.035072,exact,web,https://www.tambo.pe/tiendas,verified,Solo en la lista oficial (coordenadas oficiales),2026-10-01
web-tambo-bertello,tambo,Tambo Bertello,Avenida Alborada 1398,Lima,Lima,Lima,150101,-12.061967,-77.066750,exact,web,https://www.tambo.pe/tiendas,verified,Solo en la lista oficial (coordenadas oficiales),2026-10-01
osm-n9647366062,tambo,Tambo Camana,Jirón Camaná 596,Lima,Lima,Lima,150101,-12.047988,-77.034211,exact,osm,n9647366062,verified,También en la lista oficial,2026-10-01
web-tambo-camana,tambo,Tambo Camana,Jirón Camaná 790,Lima,Lima,Lima,150101,-12.050058,-77.035820,exact,web,https://www.tambo.pe/tiendas,verified,Solo en la lista oficial (coordenadas oficiales),2026-10-01
web-tambo-cardenas,tambo,Tambo Cardenas,Calle Teodoro Cárdenas 282,Lima,Lima,Lima,150101,-12.077684,-77.034378,exact,web,https://www.tambo.pe/tiendas,verified,Solo en la lista oficial (coordenadas oficiales),2026-10-01
web-tambo-carranza-2,tambo,Tambo Carranza,"WXF9+W2G, Lima",Lima,Lima,Lima,150101,-12.075188,-77.032425,exact,web,https://www.tambo.pe/tiendas,verified,Solo en la lista oficial (coordenadas oficiales),2026-10-01
osm-n13071896224,tambo,Tambo Colonial,Avenida Óscar R. Benavides 199,Lima,Lima,Lima,150101,-12.046691,-77.044043,exact,osm,n13071896224,verified,También en la lista oficial,2026-10-01
web-tambo-colonial,tambo,Tambo Colonial,Avenida Colonial 2687,Lima,Lima,Lima,150101,-12.050089,-77.076370,exact,web,https://www.tambo.pe/tiendas,verified,Solo en la lista oficial (coordenadas oficiales),2026-10-01
web-tambo-colonial-4,tambo,Tambo Colonial,Avenida Óscar R. Benavides 3151,Lima,Lima,Lima,150101,-12.051166,-77.081093,exact,web,https://www.tambo.pe/tiendas,to_verify,"Solo en la lista oficial (coordenadas oficiales); venta en línea desactivada en el sistema oficial (tienda nueva o cerrada)",2026-10-01
web-tambo-cornejo,tambo,Tambo Cornejo,Avenida Mariano H. Cornejo 2004,Lima,Lima,Lima,150101,-12.067679,-77.073906,exact,web,https://www.tambo.pe/tiendas,verified,Solo en la lista oficial (coordenadas oficiales),2026-10-01
web-tambo-cuzco,tambo,Tambo Cuzco,Jirón Cusco 471,Lima,Lima,Lima,150101,-12.051270,-77.029243,exact,web,https://www.tambo.pe/tiendas,verified,Solo en la lista oficial (coordenadas oficiales),2026-10-01
osm-n12454383271,tambo,Tambo Garcilazo,Avenida Garcilaso de la Vega 905,Lima,Lima,Lima,150101,-12.049618,-77.038020,exact,osm,n12454383271,verified,"También en la lista oficial; coordenadas oficiales a 179 m",2026-10-01
osm-n13071896211,tambo,Tambo Garcilazo,Avenida Garcilaso de la Vega 1488,Lima,Lima,Lima,150101,-12.059427,-77.038132,exact,osm,n13071896211,verified,También en la lista oficial,2026-10-01
web-tambo-garcilazo-2,tambo,Tambo Garcilazo,Tambo Garcilaso C12,Lima,Lima,Lima,150101,-12.055823,-77.038437,exact,web,https://www.tambo.pe/tiendas,verified,Solo en la lista oficial (coordenadas oficiales),2026-10-01
web-tambo-grifoargentina,tambo,Tambo Grifoargentina,"XW4W+8MQ, Lima",Lima,Lima,Lima,150101,-12.044163,-77.053268,exact,web,https://www.tambo.pe/tiendas,to_verify,"Solo en la lista oficial (coordenadas oficiales); venta en línea desactivada en el sistema oficial (tienda nueva o cerrada)",2026-10-01
web-tambo-huallaga,tambo,Tambo Huallaga,Jirón Huallaga 487,Lima,Lima,Lima,150101,-12.048540,-77.027420,exact,web,https://www.tambo.pe/tiendas,verified,Solo en la lista oficial (coordenadas oficiales),2026-10-01
web-tambo-ica,tambo,Tambo Ica,Jirón Ica 240,Lima,Lima,Lima,150101,-12.046099,-77.033417,exact,web,https://www.tambo.pe/tiendas,verified,Solo en la lista oficial (coordenadas oficiales),2026-10-01
osm-n7045396786,tambo,Tambo Jrcallao Cercado de,Jirón Callao 115,Lima,Lima,Lima,150101,-12.045963,-77.031664,exact,osm,n7045396786,verified,También en la lista oficial,2026-10-01
web-tambo-lima-av-alejandro-bertello-846,tambo,Tambo Lima - Av. Alejandro Bertello 846,Av. Alejandro Bertello 846,Lima,Lima,Lima,150101,-12.063628,-77.071025,approx,web,https://www.peru-retail.com/tambo-suma-23-nuevos-locales-en-junio-y-queda-cerca-de-alcanzar-900-tiendas-a-nivel-nacional/,to_verify,"Geocodificada a partir de la dirección oficial (Nominatim, a nivel de número: Duetto 846, 846, Avenida Alejandro Bertello); reportada por la prensa; no figura en la lista oficial",2026-10-01
web-tambo-naciones-unidas,tambo,Tambo Naciones Unidas,Avenida Naciones Unidas 1176,Lima,Lima,Lima,150101,-12.048746,-77.059608,exact,web,https://www.tambo.pe/tiendas,verified,Solo en la lista oficial (coordenadas oficiales),2026-10-01
osm-n13071896219,tambo,Tambo Pierola,Avenida Nicolás de Piérola 806,Lima,Lima,Lima,150101,-12.050862,-77.036087,exact,osm,n13071896219,verified,También en la lista oficial,2026-10-01
web-tambo-pierola,tambo,Tambo Pierola,"Av. Nicolás de Piérola, Lima 15001",Lima,Lima,Lima,150101,-12.052593,-77.033142,exact,web,https://www.tambo.pe/tiendas,verified,Solo en la lista oficial (coordenadas oficiales),2026-10-01
web-tambo-pierola-2,tambo,Tambo Pierola,Avenida Nicolás de Piérola 1179,Lima,Lima,Lima,150101,-12.052999,-77.032295,exact,web,https://www.tambo.pe/tiendas,to_verify,"Solo en la lista oficial (coordenadas oficiales); longitud oficial -77.032295 idéntica a la de ""TAMBO PARDO-C3 - MIRAFLORES"" (¿copiada?)",2026-10-01
osm-n4346575443,tambo,Tambo Reyes,Reynaldo Saavedra Pinón 2501,Lima,Lima,Lima,150101,-12.054618,-77.067531,exact,osm,n4346575443,verified,También en la lista oficial,2026-10-01
web-tambo-roma,tambo,Tambo Roma,Avenida Colonial 2398,Lima,Lima,Lima,150101,-12.048992,-77.071770,exact,web,https://www.tambo.pe/tiendas,verified,Solo en la lista oficial (coordenadas oficiales),2026-10-01
osm-n9607416887,tambo,Tambo Saco,Jirón Saco Oliveros 261,Lima,Lima,Lima,150101,-12.068086,-77.036173,exact,osm,n9607416887,verified,También en la lista oficial,2026-10-01
web-tambo-sanmarcos,tambo,Tambo Sanmarcos,Tambo+ San Marcos,Lima,Lima,Lima,150101,-12.057019,-77.079842,exact,web,https://www.tambo.pe/tiendas,verified,Solo en la lista oficial (coordenadas oficiales),2026-10-01
web-tambo-tacna,tambo,Tambo Tacna,Avenida Nicolás de Piérola 495,Lima,Lima,Lima,150101,-12.048477,-77.039207,exact,web,https://www.tambo.pe/tiendas,verified,Solo en la lista oficial (coordenadas oficiales),2026-10-01
osm-w436790507,tambo,Tambo Thorndike,Jr. Thorndike 1408 Urb,Lima,Lima,Lima,150101,-12.054834,-77.069425,exact,osm,w436790507,verified,También en la lista oficial,2026-10-01
web-tambo-ucayali,tambo,Tambo Ucayali,Jirón Ucayali 326,Lima,Lima,Lima,150101,-12.048610,-77.029854,exact,web,https://www.tambo.pe/tiendas,verified,Solo en la lista oficial (coordenadas oficiales),2026-10-01
web-tambo-uruguay,tambo,Tambo Uruguay,Avenida Uruguay 339,Lima,Lima,Lima,150101,-12.054414,-77.038940,exact,web,https://www.tambo.pe/tiendas,verified,Solo en la lista oficial (coordenadas oficiales),2026-10-01
web-tambo-uruguay-2,tambo,Tambo Uruguay,Avenida Uruguay 400,Lima,Lima,Lima,150101,-12.054158,-77.039772,exact,web,https://www.tambo.pe/tiendas,verified,Solo en la lista oficial (coordenadas oficiales),2026-10-01
web-tambo-arenales,tambo,Tambo Arenales,Avenida General Antonio Álvarez de Arenales 1518,Lince,Lima,Lima,150116,-12.080176,-77.036331,exact,web,https://www.tambo.pe/tiendas,verified,Solo en la lista oficial (coordenadas oficiales),2026-10-01
web-tambo-arequipa-2,tambo,Tambo Arequipa,Avenida Arequipa 1900,Lince,Lima,Lima,150116,-12.083673,-77.034782,exact,web,https://www.tambo.pe/tiendas,verified,Solo en la lista oficial (coordenadas oficiales),2026-10-01
web-tambo-arequipa-3,tambo,Tambo Arequipa,Avenida Arequipa 2575,Lince,Lima,Lima,150116,-12.089617,-77.033554,exact,web,https://www.tambo.pe/tiendas,to_verify,"Solo en la lista oficial (coordenadas oficiales); longitud oficial -77.033554 idéntica a la de ""TAMBO BERLIN - MIRAFLORES"" (¿copiada?)",2026-10-01
osm-n4879348921,tambo,Tambo Candamo,Tambo+,Lince,Lima,Lima,150116,-12.082441,-77.035558,exact,osm,n4879348921,verified,También en la lista oficial,2026-10-01
web-tambo-canevaro,tambo,Tambo Canevaro,Avenida César Canevaro 1286,Lince,Lima,Lima,150116,-12.084840,-77.044876,exact,web,https://www.tambo.pe/tiendas,verified,Solo en la lista oficial (coordenadas oficiales),2026-10-01
web-tambo-canevaro-4,tambo,Tambo Canevaro,"WX85+6XX, Lince",Lince,Lima,Lima,150116,-12.084388,-77.040016,exact,web,https://www.tambo.pe/tiendas,verified,Solo en la lista oficial (coordenadas oficiales),2026-10-01
web-tambo-cueto,tambo,Tambo Cueto,Jirón Domingo Cueto 595,Lince,Lima,Lima,150116,-12.080643,-77.041023,exact,web,https://www.tambo.pe/tiendas,verified,Solo en la lista oficial (coordenadas oficiales),2026-10-01
web-tambo-lazo,tambo,Tambo Lazo,Avenida Francisco Lazo 1501,Lince,Lima,Lima,150116,-12.079206,-77.030869,exact,web,https://www.tambo.pe/tiendas,verified,Solo en la lista oficial (coordenadas oficiales),2026-10-01
web-tambo-lazo-2,tambo,Tambo Lazo,Avenida Francisco Lazo 1847,Lince,Lima,Lima,150116,-12.082242,-77.030396,exact,web,https://www.tambo.pe/tiendas,verified,Solo en la lista oficial (coordenadas oficiales),2026-10-01
web-tambo-lince-av-petit-thouars-2307,tambo,Tambo Lince - Av. Petit Thouars 2307,Av. Petit Thouars 2307,Lince,Lima,Lima,150116,-12.086944,-77.033065,approx,web,https://www.peru-retail.com/tambo-inaugura-20-nuevas-tiendas-y-supera-las-900-a-nivel-nacional-donde-estan-sus-nuevos-locales/,to_verify,"Geocodificada a partir de la dirección oficial (Nominatim, a nivel de número: 2307, Avenida Petit Thouars, Lince); reportada por la prensa; no figura en la lista oficial",2026-10-01
web-tambo-militar,tambo,Tambo Militar,Avenida Militar 2200,Lince,Lima,Lima,150116,-12.086014,-77.031242,exact,web,https://www.tambo.pe/tiendas,verified,Solo en la lista oficial (coordenadas oficiales),2026-10-01
osm-n12179359974,tambo,Tambo Petit,Jirón Soledad 393-297,Lince,Lima,Lima,150116,-12.090354,-77.032384,exact,osm,n12179359974,verified,También en la lista oficial,2026-10-01
web-tambo-petit,tambo,Tambo Petit,Avenida Petit Thouars 1598,Lince,Lima,Lima,150116,-12.080438,-77.034073,exact,web,https://www.tambo.pe/tiendas,verified,Solo en la lista oficial (coordenadas oficiales),2026-10-01
web-tambo-republica,tambo,Tambo Republica,Avenida Paseo de la República 2702,Lince,Lima,Lima,150116,-12.089472,-77.024170,exact,web,https://www.tambo.pe/tiendas,verified,Solo en la lista oficial (coordenadas oficiales),2026-10-01
web-tambo-risso,tambo,Tambo Risso,Avenida General Juan Antonio Álvarez de Arenales 2140,Lince,Lima,Lima,150116,-12.086314,-77.035507,exact,web,https://www.tambo.pe/tiendas,verified,Solo en la lista oficial (coordenadas oficiales),2026-10-01
web-tambo-tello,tambo,Tambo Tello,Tambo+ Tello,Lince,Lima,Lima,150116,-12.086839,-77.042038,exact,web,https://www.tambo.pe/tiendas,verified,Solo en la lista oficial (coordenadas oficiales),2026-10-01
web-tambo-vallejo-5,tambo,Tambo Vallejo,WX67+994,Lince,Lima,Lima,150116,-12.089112,-77.036545,exact,web,https://www.tambo.pe/tiendas,verified,Solo en la lista oficial (coordenadas oficiales),2026-10-01
web-tambo-villavicencio,tambo,Tambo Villavicencio,Jirón Manuel Villavicencio 741,Lince,Lima,Lima,150116,-12.089320,-77.039589,exact,web,https://www.tambo.pe/tiendas,verified,Solo en la lista oficial (coordenadas oficiales),2026-10-01
web-tambo-zela,tambo,Tambo Zela,Avenida Juan Pardo de Zela 850,Lince,Lima,Lima,150116,-12.082674,-77.027573,exact,web,https://www.tambo.pe/tiendas,verified,Solo en la lista oficial (coordenadas oficiales),2026-10-01
web-tambo-2deoctubre,tambo,Tambo 2DEOCTUBRE,Tambo+ 2 de Octubre,Los Olivos,Lima,Lima,150117,-11.948331,-77.080070,exact,web,https://www.tambo.pe/tiendas,verified,Solo en la lista oficial (coordenadas oficiales),2026-10-01
web-tambo-a,tambo,Tambo A,Avenida Angélica Gamarra 817,Los Olivos,Lima,Lima,150117,-12.006297,-77.072136,exact,web,https://www.tambo.pe/tiendas,verified,Solo en la lista oficial (coordenadas oficiales),2026-10-01
osm-n13785499458,tambo,Tambo Alisos Losolivos,"2W8J+7F2, Los Olivos",Los Olivos,Lima,Lima,150117,-11.984435,-77.068367,exact,osm,n13785499458,verified,"También en la lista oficial; venta en línea desactivada en el sistema oficial (tienda nueva o cerrada)",2026-10-01
web-tambo-antunez,tambo,Tambo Antunez,Avenida Santiago Antunez de Mayolo 1417,Los Olivos,Lima,Lima,150117,-11.995812,-77.081047,exact,web,https://www.tambo.pe/tiendas,to_verify,"Solo en la lista oficial (coordenadas oficiales); venta en línea desactivada en el sistema oficial (tienda nueva o cerrada)",2026-10-01
web-tambo-beta,tambo,Tambo Beta,Avenida Tomás Valle y,Los Olivos,Lima,Lima,150117,-12.010681,-77.070679,exact,web,https://www.tambo.pe/tiendas,verified,Solo en la lista oficial (coordenadas oficiales),2026-10-01
web-tambo-civico-pro,tambo,Tambo Civico Pro,La Honradez 587,Los Olivos,Lima,Lima,150117,-11.935929,-77.075317,exact,web,https://www.tambo.pe/tiendas,verified,Solo en la lista oficial (coordenadas oficiales),2026-10-01
web-tambo-confraternidad,tambo,Tambo Confraternidad,3W8F+FWJ,Los Olivos,Lima,Lima,150117,-11.933787,-77.075233,exact,web,https://www.tambo.pe/tiendas,to_verify,"Solo en la lista oficial (coordenadas oficiales); latitud oficial -11.933787 idéntica a la de ""TAMBO LASACACIAS - PUENTEPIEDRA"" (¿copiada?)",2026-10-01
web-tambo-cordialidad,tambo,Tambo Cordialidad,Tambo+ Cordialidad,Los Olivos,Lima,Lima,150117,-11.936196,-77.081764,exact,web,https://www.tambo.pe/tiendas,verified,Solo en la lista oficial (coordenadas oficiales),2026-10-01
osm-n4368264296,tambo,Tambo Huandoy,Avenida Central 801,Los Olivos,Lima,Lima,150117,-11.959586,-77.076207,exact,osm,n4368264296,verified,También en la lista oficial,2026-10-01
web-tambo-izaguirre,tambo,Tambo Izaguirre,Avenida Carlos Izaguirre 548,Los Olivos,Lima,Lima,150117,-11.990286,-77.067558,exact,web,https://www.tambo.pe/tiendas,verified,Solo en la lista oficial (coordenadas oficiales),2026-10-01
web-tambo-izaguirre-2,tambo,Tambo Izaguirre,Avenida Carlos Izaguirre 780,Los Olivos,Lima,Lima,150117,-11.990641,-77.070412,exact,web,https://www.tambo.pe/tiendas,verified,Solo en la lista oficial (coordenadas oficiales),2026-10-01
osm-n5648521804,tambo,Tambo Maranon,Tambo+,Los Olivos,Lima,Lima,150117,-11.971765,-77.071671,exact,osm,n5648521804,verified,También en la lista oficial,2026-10-01
osm-n4439657956,tambo,Tambo Mayolo,Avenida Santiago Antunez de Mayolo 960,Los Olivos,Lima,Lima,150117,-11.994321,-77.073020,exact,osm,n4439657956,verified,También en la lista oficial,2026-10-01
web-tambo-mayolo,tambo,Tambo Mayolo,Tambo Mayolo C19,Los Olivos,Lima,Lima,150117,-11.996364,-77.084167,exact,web,https://www.tambo.pe/tiendas,verified,Solo en la lista oficial (coordenadas oficiales),2026-10-01
osm-n14174424460,tambo,Tambo Mendiola,Avenida Alfredo Mendiola 3817,Los Olivos,Lima,Lima,150117,-11.989206,-77.064799,exact,osm,n14174424460,verified,También en la lista oficial,2026-10-01
web-tambo-mendiola-3,tambo,Tambo Mendiola,"XWVQ+J43, Los Olivos 15302",Los Olivos,Lima,Lima,150117,-12.005987,-77.062202,exact,web,https://www.tambo.pe/tiendas,to_verify,"Solo en la lista oficial (coordenadas oficiales); longitud oficial -77.062202 idéntica a la de ""TAMBO MAESTRO-C7 - COMAS"" (¿copiada?)",2026-10-01
web-tambo-mendiola-losolivos,tambo,Tambo Mendiola Losolivos,3W6H+F47,Los Olivos,Lima,Lima,150117,-11.938837,-77.072205,exact,web,https://www.tambo.pe/tiendas,verified,Solo en la lista oficial (coordenadas oficiales),2026-10-01
web-tambo-mercurio,tambo,Tambo Mercurio,Tambo+ Mercurio,Los Olivos,Lima,Lima,150117,-11.999251,-77.063248,exact,web,https://www.tambo.pe/tiendas,verified,Solo en la lista oficial (coordenadas oficiales),2026-10-01
osm-w1357031247,tambo,Tambo Naranjal,Piscobamba 1630,Los Olivos,Lima,Lima,150117,-11.977137,-77.082200,exact,osm,w1357031247,verified,También en la lista oficial,2026-10-01
web-tambo-naranjal,tambo,Tambo Naranjal,Avenida Naranjal 1470,Los Olivos,Lima,Lima,150117,-11.976434,-77.082611,exact,web,https://www.tambo.pe/tiendas,verified,Solo en la lista oficial (coordenadas oficiales),2026-10-01
osm-n4483093865,tambo,Tambo Palmeras,Avenida Las Palmeras 3818,Los Olivos,Lima,Lima,150117,-11.990335,-77.071607,exact,osm,n4483093865,verified,También en la lista oficial,2026-10-01
web-tambo-palmeras,tambo,Tambo Palmeras,Avenida Las Palmeras 4117,Los Olivos,Lima,Lima,150117,-11.986538,-77.072655,exact,web,https://www.tambo.pe/tiendas,verified,Solo en la lista oficial (coordenadas oficiales),2026-10-01
web-tambo-pro,tambo,Tambo Pro,Avenida Próceres 7831,Los Olivos,Lima,Lima,150117,-11.937558,-77.073822,exact,web,https://www.tambo.pe/tiendas,verified,Solo en la lista oficial (coordenadas oficiales),2026-10-01
web-tambo-santacruz-los-olivos,tambo,Tambo Santacruz los Olivos,Santa Cruz de Pachacutec 492,Los Olivos,Lima,Lima,150117,-11.994510,-77.067772,exact,web,https://www.tambo.pe/tiendas,verified,Solo en la lista oficial (coordenadas oficiales),2026-10-01
web-tambo-santaelvira,tambo,Tambo Santaelvira,"Av Sta Elvira Mz. A, Los Olivos 15306, Perú",Los Olivos,Lima,Lima,150117,-11.957873,-77.073074,exact,web,https://www.tambo.pe/tiendas,verified,Solo en la lista oficial (coordenadas oficiales),2026-10-01
osm-n8037705385,tambo,Tambo Ucv Olivos,Tambo+ UTP,Los Olivos,Lima,Lima,150117,-11.953153,-77.069607,exact,osm,n8037705385,verified,También en la lista oficial,2026-10-01
osm-n11173714866,tambo,Tambo Universitaria,2WPH+H7W Avenida Santa Elvira,Los Olivos,Lima,Lima,150117,-11.963431,-77.071822,exact,osm,n11173714866,verified,También en la lista oficial,2026-10-01
web-tambo-universitaria-6,tambo,Tambo Universitaria,tambo UNIVERSITARIA-C46,Los Olivos,Lima,Lima,150117,-11.983000,-77.078705,exact,web,https://www.tambo.pe/tiendas,verified,Solo en la lista oficial (coordenadas oficiales),2026-10-01
web-tambo-universitarianorte,tambo,Tambo Universitarianorte,XWX8+GM8,Los Olivos,Lima,Lima,150117,-12.001212,-77.083298,exact,web,https://www.tambo.pe/tiendas,verified,Solo en la lista oficial (coordenadas oficiales),2026-10-01
web-tambo-zaragoza,tambo,Tambo Zaragoza,"Pro, Los Olivos 15307",Los Olivos,Lima,Lima,150117,-11.942811,-77.074738,exact,web,https://www.tambo.pe/tiendas,verified,Solo en la lista oficial (coordenadas oficiales),2026-10-01
web-tambo-28dejulio-2,tambo,Tambo 28DEJULIO,Prolongación 28 de Julio 384,Lurigancho,Lima,Lima,150118,-11.942500,-76.702103,exact,web,https://www.tambo.pe/tiendas,verified,Solo en la lista oficial (coordenadas oficiales),2026-10-01
web-tambo-carapongo,tambo,Tambo Carapongo,X4WF+G9M Lurigancho-Chosica,Lurigancho,Lima,Lima,150118,-12.003662,-76.876579,exact,web,https://www.tambo.pe/tiendas,verified,Solo en la lista oficial (coordenadas oficiales),2026-10-01
web-tambo-chosica,tambo,Tambo Chosica,Tambo+ Chosica,Lurigancho,Lima,Lima,150118,-11.938048,-76.697067,exact,web,https://www.tambo.pe/tiendas,verified,Solo en la lista oficial (coordenadas oficiales),2026-10-01
web-tambo-chosica2,tambo,Tambo CHOSICA2,2567+QQW,Lurigancho,Lima,Lima,150118,-11.988012,-76.835548,exact,web,https://www.tambo.pe/tiendas,verified,Solo en la lista oficial (coordenadas oficiales),2026-10-01
web-tambo-lurigancho-av-bernardo-balaguer-101-chosica,tambo,Tambo Lurigancho - Av. Bernardo Balaguer 101 (Chosica),Av. Bernardo Balaguer 101 (Chosica),Lurigancho,Lima,Lima,150118,-11.979018,-76.813563,approx,web,https://www.peru-retail.com/tambo-suma-23-nuevos-locales-en-junio-y-queda-cerca-de-alcanzar-900-tiendas-a-nivel-nacional/,to_verify,"Colocada a mano el 2026-10-01 a partir de evidencia verificada (tools/seed/overrides.json, manualPlacements; confianza baja): aproximada (baja confianza): punto de calle de la Av. Bernard de Balaguer en Ñaña (Nominatim/OSM); la avenida mide ~5,6 km y no tiene numeración mapeada, así que el n.º 101 puede estar a 2–3 km de este punto (si la numeración empieza en la Carretera Central, quedaría cerca de la UPeU). Apertura reportada por Peru Retail (9 jul. 2026); aún no figura en la lista oficial; reportada por la prensa; no figura en la lista oficial",2026-10-01
web-tambo-torres-huachipa2,tambo,Tambo Torres HUACHIPA2,"Panadería - Pastelería ""Kelly""",Lurigancho,Lima,Lima,150118,-12.012517,-76.902672,exact,web,https://www.tambo.pe/tiendas,verified,Solo en la lista oficial (coordenadas oficiales),2026-10-01
web-tambo-bolognesi-4,tambo,Tambo Bolognesi,Mercado Santa Rosa,Lurín,Lima,Lima,150119,-12.274841,-76.869667,exact,web,https://www.tambo.pe/tiendas,verified,Solo en la lista oficial (coordenadas oficiales),2026-10-01
web-tambo-castilla-4,tambo,Tambo Castilla,Jirón Castilla 449,Lurín,Lima,Lima,150119,-12.276271,-76.868996,exact,web,https://www.tambo.pe/tiendas,verified,Solo en la lista oficial (coordenadas oficiales),2026-10-01
web-tambo-panamericana,tambo,Tambo Panamericana,tambo PANAMERICANA-LURIN,Lurín,Lima,Lima,150119,-12.252460,-76.896896,exact,web,https://www.tambo.pe/tiendas,verified,Solo en la lista oficial (coordenadas oficiales),2026-10-01
web-tambo-san-vicente,tambo,Tambo San Vicente,Tambo+ San Vicente,Lurín,Lima,Lima,150119,-12.276852,-76.870247,exact,web,https://www.tambo.pe/tiendas,verified,Solo en la lista oficial (coordenadas oficiales),2026-10-01
web-tambo-santarosa-3,tambo,Tambo Santarosa,Tambo+ Santa rosa - Lurin,Lurín,Lima,Lima,150119,-12.260871,-76.884254,exact,web,https://www.tambo.pe/tiendas,verified,Solo en la lista oficial (coordenadas oficiales),2026-10-01
web-tambo-sanvicente2,tambo,Tambo SANVICENTE2,Carretera Panamericana Sur Km 31.8,Lurín,Lima,Lima,150119,-12.280234,-76.879662,exact,web,https://www.tambo.pe/tiendas,verified,Solo en la lista oficial (coordenadas oficiales),2026-10-01
web-tambo-union,tambo,Tambo Union,Union,Lurín,Lima,Lima,150119,-12.275856,-76.866867,exact,web,https://www.tambo.pe/tiendas,verified,Solo en la lista oficial (coordenadas oficiales),2026-10-01
web-tambo-villalejandro,tambo,Tambo Villalejandro,"Jorge Eliécer, Lurín 15822",Lurín,Lima,Lima,150119,-12.236398,-76.910484,exact,web,https://www.tambo.pe/tiendas,to_verify,"Solo en la lista oficial (coordenadas oficiales); longitud oficial -76.910484 idéntica a la de ""TAMBO LIMAVES-VES"" (¿copiada?)",2026-10-01
osm-n12599684460,tambo,Tambo,,Magdalena del Mar,Lima,Lima,150120,-12.097738,-77.070523,exact,osm,n12599684460,to_verify,"Solo en OSM; elemento OSM v1, última edición el 2025-02-19",2026-10-01
osm-n5872469178,tambo,Tambo Brasil,Avenida Brasil 3238,Magdalena del Mar,Lima,Lima,150120,-12.089273,-77.065867,exact,osm,n5872469178,verified,También en la lista oficial,2026-10-01
web-tambo-delcampo,tambo,Tambo Delcampo,Jirón Félix Dibós 1024,Magdalena del Mar,Lima,Lima,150120,-12.096384,-77.059273,exact,web,https://www.tambo.pe/tiendas,verified,Solo en la lista oficial (coordenadas oficiales),2026-10-01
web-tambo-echenique,tambo,Tambo Echenique,Jirón Echenique 496,Magdalena del Mar,Lima,Lima,150120,-12.091944,-77.075241,exact,web,https://www.tambo.pe/tiendas,to_verify,"Solo en la lista oficial (coordenadas oficiales); venta en línea desactivada en el sistema oficial (tienda nueva o cerrada)",2026-10-01
osm-n14082140731,tambo,Tambo Felixdibos,Jirón Félix Dibós 201,Magdalena del Mar,Lima,Lima,150120,-12.091820,-77.066487,exact,osm,n14082140731,verified,También en la lista oficial,2026-10-01
web-tambo-jprado-3,tambo,Tambo Jprado,Avenida Javier Prado Oeste 509,Magdalena del Mar,Lima,Lima,150120,-12.091660,-77.063293,exact,web,https://www.tambo.pe/tiendas,verified,Solo en la lista oficial (coordenadas oficiales),2026-10-01
web-tambo-juan-de-aliaga-magdalena-del-mar,tambo,Tambo Juan de Aliaga Magdalena del Mar,Avenida Juan de Aliaga 400,Magdalena del Mar,Lima,Lima,150120,-12.095881,-77.059296,exact,web,https://www.tambo.pe/tiendas,to_verify,"Solo en la lista oficial (coordenadas oficiales); venta en línea desactivada en el sistema oficial (tienda nueva o cerrada)",2026-10-01
osm-n14155810142,tambo,Tambo Leoncio Prado,Jirón Leoncio Prado 892,Magdalena del Mar,Lima,Lima,150120,-12.089898,-77.072110,exact,osm,n14155810142,verified,También en la lista oficial,2026-10-01
web-tambo-leoncioprado-2,tambo,Tambo Leoncioprado,"WW7H+2CX, Magdalena del Mar",Magdalena del Mar,Lima,Lima,150120,-12.087387,-77.071388,exact,web,https://www.tambo.pe/tiendas,to_verify,"Solo en la lista oficial (coordenadas oficiales); venta en línea desactivada en el sistema oficial (tienda nueva o cerrada)",2026-10-01
osm-n12590234122,tambo,Tambo Libertad,Jirón Libertad 701,Magdalena del Mar,Lima,Lima,150120,-12.092587,-77.069805,exact,osm,n12590234122,verified,"También en la lista oficial; longitud oficial -77.069832 idéntica a la de ""TAMBO SUCRE-C10 - MAGDALENA"" (¿copiada?)",2026-10-01
osm-n11177918811,tambo,Tambo Pershing,Avenida Faustino Sánchez Carrión 590,Magdalena del Mar,Lima,Lima,150120,-12.089655,-77.058737,exact,osm,n11177918811,verified,También en la lista oficial,2026-10-01
osm-w585676498,tambo,Tambo STRIPFIBRA2,Avenida Javier Prado Oeste 2504,Magdalena del Mar,Lima,Lima,150120,-12.093997,-77.059046,exact,osm,w585676498,verified,"También en la lista oficial; distrito según la lista oficial: San Isidro; coordenadas oficiales a 180 m",2026-10-01
osm-n11989116620,tambo,Tambo Sucre,Avenida Antonio José de Sucre,Magdalena del Mar,Lima,Lima,150120,-12.088502,-77.069377,exact,osm,n11989116620,verified,"También en la lista oficial; longitud oficial -77.069832 idéntica a la de ""TAMBO LIBERTAD-C7 - MAGDALENA"" (¿copiada?); coordenadas oficiales a 194 m",2026-10-01
web-tambo-sucre-3,tambo,Tambo Sucre,Avenida Antonio José de Sucre 406,Magdalena del Mar,Lima,Lima,150120,-12.095187,-77.071533,exact,web,https://www.tambo.pe/tiendas,verified,Solo en la lista oficial (coordenadas oficiales),2026-10-01
web-tambo-28djulio-2,tambo,Tambo 28DJULIO,Avenida 28 de Julio 448,Miraflores,Lima,Lima,150122,-12.126822,-77.030106,exact,web,https://www.tambo.pe/tiendas,verified,Solo en la lista oficial (coordenadas oficiales),2026-10-01
web-tambo-28djulio-3,tambo,Tambo 28DJULIO,Avenida 28 de Julio 618,Miraflores,Lima,Lima,150122,-12.127701,-77.027817,exact,web,https://www.tambo.pe/tiendas,verified,Solo en la lista oficial (coordenadas oficiales),2026-10-01
osm-w435183534,tambo,Tambo Angamos,Avenida Angamos Oeste 401,Miraflores,Lima,Lima,150122,-12.113985,-77.032513,exact,osm,w435183534,verified,También en la lista oficial,2026-10-01
web-tambo-angamos,tambo,Tambo Angamos,Avenida Angamos Este 398,Miraflores,Lima,Lima,150122,-12.113814,-77.027435,exact,web,https://www.tambo.pe/tiendas,verified,Solo en la lista oficial (coordenadas oficiales),2026-10-01
osm-n13042856602,tambo,Tambo Armendariz,Avenida Armendáriz 152,Miraflores,Lima,Lima,150122,-12.132595,-77.028779,exact,osm,n13042856602,verified,También en la lista oficial,2026-10-01
osm-n4372747064,tambo,Tambo Benavides,Avenida Alfredo Benavides 720,Miraflores,Lima,Lima,150122,-12.125331,-77.025714,exact,osm,n4372747064,verified,También en la lista oficial,2026-10-01
web-tambo-benavides,tambo,Tambo Benavides,Avenida Alfredo Benavides 1901,Miraflores,Lima,Lima,150122,-12.126953,-77.012802,exact,web,https://www.tambo.pe/tiendas,verified,Solo en la lista oficial (coordenadas oficiales),2026-10-01
web-tambo-benavides-7,tambo,Tambo Benavides,VXFJ+JF2,Miraflores,Lima,Lima,150122,-12.125987,-77.018860,exact,web,https://www.tambo.pe/tiendas,verified,Solo en la lista oficial (coordenadas oficiales),2026-10-01
osm-n4665272198,tambo,Tambo Berlin,Calle Berlín 389,Miraflores,Lima,Lima,150122,-12.120740,-77.033549,exact,osm,n4665272198,verified,"También en la lista oficial; longitud oficial -77.033554 idéntica a la de ""TAMBO AREQUIPA-C25 - LINCE"" (¿copiada?)",2026-10-01
web-tambo-cantuarias,tambo,Tambo Cantuarias,Calle Cantuarias 398,Miraflores,Lima,Lima,150122,-12.121347,-77.025536,exact,web,https://www.tambo.pe/tiendas,verified,Solo en la lista oficial (coordenadas oficiales),2026-10-01
web-tambo-chiclayo,tambo,Tambo Chiclayo,Calle Chiclayo 701,Miraflores,Lima,Lima,150122,-12.114981,-77.035912,exact,web,https://www.tambo.pe/tiendas,verified,Solo en la lista oficial (coordenadas oficiales),2026-10-01
web-tambo-cordova,tambo,Tambo Cordova,Avenida General Córdova 991,Miraflores,Lima,Lima,150122,-12.109880,-77.047928,exact,web,https://www.tambo.pe/tiendas,verified,Solo en la lista oficial (coordenadas oficiales),2026-10-01
osm-n6297290693,tambo,Tambo Diagonal,Avenida Oscar R. Benavides 530,Miraflores,Lima,Lima,150122,-12.122529,-77.031686,exact,osm,n6297290693,verified,También en la lista oficial,2026-10-01
web-tambo-diagonal,tambo,Tambo Diagonal,Avenida Oscar R. Benavides 386,Miraflores,Lima,Lima,150122,-12.121544,-77.030838,exact,web,https://www.tambo.pe/tiendas,verified,Solo en la lista oficial (coordenadas oficiales),2026-10-01
web-tambo-diezcanseco,tambo,Tambo Diezcanseco,Avenida Ernesto Diez Canseco 164,Miraflores,Lima,Lima,150122,-12.122371,-77.029495,exact,web,https://www.tambo.pe/tiendas,verified,Solo en la lista oficial (coordenadas oficiales),2026-10-01
osm-n1431212652,tambo,Tambo Ejercito,Avenida del Ejército 705,Miraflores,Lima,Lima,150122,-12.114652,-77.047276,exact,osm,n1431212652,verified,También en la lista oficial,2026-10-01
web-tambo-ejercito-2,tambo,Tambo Ejercito,Avenida del Ejército 300,Miraflores,Lima,Lima,150122,-12.117311,-77.044220,exact,web,https://www.tambo.pe/tiendas,verified,Solo en la lista oficial (coordenadas oficiales),2026-10-01
web-tambo-ejercito-3,tambo,Tambo Ejercito,Avenida del Ejército 860,Miraflores,Lima,Lima,150122,-12.113407,-77.048080,exact,web,https://www.tambo.pe/tiendas,verified,Solo en la lista oficial (coordenadas oficiales),2026-10-01
osm-n12852199489,tambo,Tambo Espinar,Avenida Comandante Espinar 340,Miraflores,Lima,Lima,150122,-12.116493,-77.036685,exact,osm,n12852199489,verified,También en la lista oficial,2026-10-01
osm-n11984487601,tambo,Tambo Inclan,Calle Enrique Palacios 291,Miraflores,Lima,Lima,150122,-12.116819,-77.031258,exact,osm,n11984487601,verified,También en la lista oficial,2026-10-01
web-tambo-jchavez-3,tambo,Tambo Jchavez,Jorge Chávez 294,Miraflores,Lima,Lima,150122,-12.121123,-77.037262,exact,web,https://www.tambo.pe/tiendas,verified,Solo en la lista oficial (coordenadas oficiales),2026-10-01
web-tambo-jgalvez,tambo,Tambo Jgalvez,Calle José Gálvez 305,Miraflores,Lima,Lima,150122,-12.121950,-77.033096,exact,web,https://www.tambo.pe/tiendas,verified,Solo en la lista oficial (coordenadas oficiales),2026-10-01
osm-n4865284023,tambo,Tambo Lapaz,Avenida Ernesto Diez Canseco 351,Miraflores,Lima,Lima,150122,-12.122188,-77.026823,exact,osm,n4865284023,verified,También en la lista oficial,2026-10-01
web-tambo-larco-2,tambo,Tambo Larco,Tambo+ Larco C-4,Miraflores,Lima,Lima,150122,-12.121467,-77.028908,exact,web,https://www.tambo.pe/tiendas,verified,Solo en la lista oficial (coordenadas oficiales),2026-10-01
web-tambo-larco-4,tambo,Tambo Larco,VXFC+G7V,Miraflores,Lima,Lima,150122,-12.126138,-77.029327,exact,web,https://www.tambo.pe/tiendas,verified,Solo en la lista oficial (coordenadas oficiales),2026-10-01
web-tambo-mendiburu,tambo,Tambo Mendiburu,Avenida General Mendiburu 1136,Miraflores,Lima,Lima,150122,-12.110659,-77.049362,exact,web,https://www.tambo.pe/tiendas,verified,Solo en la lista oficial (coordenadas oficiales),2026-10-01
web-tambo-miraflores-av-alfredo-benavides-1871,tambo,Tambo Miraflores - Av. Alfredo Benavides 1871,Av. Alfredo Benavides 1871,Miraflores,Lima,Lima,150122,-12.126498,-77.016267,approx,web,https://www.peru-retail.com/tambo-inaugura-16-nuevas-tiendas-y-queda-cerca-de-alcanzar-los-900-locales-a-nivel-nacional/,to_verify,"Geocodificada a partir de la dirección oficial (Nominatim, a nivel de calle: Avenida Alfredo Benavides, El Rosedal, Miraflores); reportada por la prensa; no figura en la lista oficial",2026-10-01
web-tambo-miraflores-av-augusto-perez-aranibar-1183,tambo,Tambo Miraflores - Av. Augusto Pérez Araníbar 1183,"Av. Augusto Pérez Araníbar 1183, Urb. Santa Cruz",Miraflores,Lima,Lima,150122,-12.109454,-77.052322,approx,web,https://www.peru-retail.com/tambo-inaugura-20-nuevas-tiendas-y-supera-las-900-a-nivel-nacional-donde-estan-sus-nuevos-locales/,to_verify,"Geocodificada a partir de la dirección oficial (Nominatim, a nivel de calle: Avenida Augusto Pérez Araníbar, Miraflores, Lima); reportada por la prensa; no figura en la lista oficial",2026-10-01
web-tambo-olaya-2,tambo,Tambo Olaya,Calle Mártir José Olaya 148,Miraflores,Lima,Lima,150122,-12.119743,-77.030281,exact,web,https://www.tambo.pe/tiendas,to_verify,"Solo en la lista oficial (coordenadas oficiales); latitud oficial -12.119743 idéntica a la de ""TAMBO ROOSEVELT-C56 - MIRAFLORES"" (¿copiada?)",2026-10-01
web-tambo-panama-2,tambo,Tambo Panama,Avenida República de Panamá 6394,Miraflores,Lima,Lima,150122,-12.129006,-77.018188,exact,web,https://www.tambo.pe/tiendas,verified,Solo en la lista oficial (coordenadas oficiales),2026-10-01
web-tambo-pardo,tambo,Tambo Pardo,Avenida José Pardo 392,Miraflores,Lima,Lima,150122,-12.118809,-77.032295,exact,web,https://www.tambo.pe/tiendas,to_verify,"Solo en la lista oficial (coordenadas oficiales); longitud oficial -77.032295 idéntica a la de ""TAMBO PIEROLA-C11 - CERCADO DE LIMA"" (¿copiada?)",2026-10-01
web-tambo-pardo-2,tambo,Tambo Pardo,Avenida José Pardo 495,Miraflores,Lima,Lima,150122,-12.119307,-77.033554,exact,web,https://www.tambo.pe/tiendas,to_verify,"Solo en la lista oficial (coordenadas oficiales); longitud oficial -77.033554 idéntica a la de ""TAMBO AREQUIPA-C25 - LINCE"" (¿copiada?)",2026-10-01
web-tambo-petit-2,tambo,Tambo Petit,VXRC+J4M,Miraflores,Lima,Lima,150122,-12.108413,-77.029701,exact,web,https://www.tambo.pe/tiendas,verified,Solo en la lista oficial (coordenadas oficiales),2026-10-01
web-tambo-reducto,tambo,Tambo Reducto,Avenida Reducto 1008,Miraflores,Lima,Lima,150122,-12.128227,-77.024315,exact,web,https://www.tambo.pe/tiendas,verified,Solo en la lista oficial (coordenadas oficiales),2026-10-01
web-tambo-republica-2,tambo,Tambo Republica,Avenida Paseo de la República 4770,Miraflores,Lima,Lima,150122,-12.113149,-77.026405,exact,web,https://www.tambo.pe/tiendas,verified,Solo en la lista oficial (coordenadas oficiales),2026-10-01
web-tambo-roosevelt,tambo,Tambo Roosevelt,Avenida República de Panamá 5624,Miraflores,Lima,Lima,150122,-12.119743,-77.018471,exact,web,https://www.tambo.pe/tiendas,to_verify,"Solo en la lista oficial (coordenadas oficiales); latitud oficial -12.119743 idéntica a la de ""TAMBO OLAYA-C1 - MIRAFLORES"" (¿copiada?)",2026-10-01
osm-n13038437579,tambo,Tambo Rpalma,Avenida Ricardo Palma 905,Miraflores,Lima,Lima,150122,-12.122278,-77.020096,exact,osm,n13038437579,verified,También en la lista oficial,2026-10-01
web-tambo-rpalma,tambo,Tambo Rpalma,Avenida Ricardo Palma 251,Miraflores,Lima,Lima,150122,-12.118969,-77.027855,exact,web,https://www.tambo.pe/tiendas,verified,Solo en la lista oficial (coordenadas oficiales),2026-10-01
web-tambo-sevilla-2,tambo,Tambo Sevilla,VXV9+9MM,Miraflores,Lima,Lima,150122,-12.106538,-77.030830,exact,web,https://www.tambo.pe/tiendas,verified,Solo en la lista oficial (coordenadas oficiales),2026-10-01
osm-n4941329721,tambo,Tambo Shell,Calle Schell 334,Miraflores,Lima,Lima,150122,-12.123161,-77.028463,exact,osm,n4941329721,verified,También en la lista oficial,2026-10-01
web-tambo-cercado,tambo,Tambo Cercado,Tambo+ Pachacamac,Pachacámac,Lima,Lima,150123,-12.227924,-76.862381,exact,web,https://www.tambo.pe/tiendas,verified,Solo en la lista oficial (coordenadas oficiales),2026-10-01
web-tambo-manchay,tambo,Tambo Manchay,Tambo+ Tres Marias - Pachacamac,Pachacámac,Lima,Lima,150123,-12.112439,-76.874199,exact,web,https://www.tambo.pe/tiendas,verified,Solo en la lista oficial (coordenadas oficiales),2026-10-01
web-tambo-pachacamac,tambo,Tambo Pachacamac,Jiron Miguel Grau 878,Pachacámac,Lima,Lima,150123,-12.231950,-76.857979,exact,web,https://www.tambo.pe/tiendas,verified,Solo en la lista oficial (coordenadas oficiales),2026-10-01
web-tambo-portadademanchay,tambo,Tambo Portadademanchay,Avenida Victor Malasquez 10,Pachacámac,Lima,Lima,150123,-12.089425,-76.882385,exact,web,https://www.tambo.pe/tiendas,verified,Solo en la lista oficial (coordenadas oficiales),2026-10-01
web-tambo-pucusana,tambo,Tambo Pucusana,Avenida Leoncio Prado 306,Pucusana,Lima,Lima,150124,-12.481191,-76.797478,exact,web,https://www.tambo.pe/tiendas,verified,Solo en la lista oficial (coordenadas oficiales),2026-10-01
osm-n7561587085,tambo,Tambo,,Pueblo Libre,Lima,Lima,150121,-12.075522,-77.064013,exact,osm,n7561587085,to_verify,"Solo en OSM; elemento OSM v1, última edición el 2020-05-27",2026-10-01
osm-w936535809,tambo,Tambo Bolivar,Avenida Simón Bolívar 100,Pueblo Libre,Lima,Lima,150121,-12.074814,-77.053991,exact,osm,w936535809,verified,También en la lista oficial,2026-10-01
web-tambo-bolivar,tambo,Tambo Bolivar,Avenida Simón Bolívar 1402,Pueblo Libre,Lima,Lima,150121,-12.072052,-77.068962,exact,web,https://www.tambo.pe/tiendas,verified,Solo en la lista oficial (coordenadas oficiales),2026-10-01
web-tambo-bolivar-2,tambo,Tambo Bolivar,Avenida Simón Bolívar 860,Pueblo Libre,Lima,Lima,150121,-12.071376,-77.060898,exact,web,https://www.tambo.pe/tiendas,verified,Solo en la lista oficial (coordenadas oficiales),2026-10-01
web-tambo-bolivar-pueblo-libre,tambo,Tambo Bolivar Pueblo Libre,Avenida Simón Bolívar 1171,Pueblo Libre,Lima,Lima,150121,-12.072723,-77.066185,exact,web,https://www.tambo.pe/tiendas,verified,Solo en la lista oficial (coordenadas oficiales),2026-10-01
web-tambo-bolivar-pueblo-libre-2,tambo,Tambo Bolivar Pueblo Libre,"WWHQ+828, Pueblo Libre",Pueblo Libre,Lima,Lima,150121,-12.071712,-77.062424,exact,web,https://www.tambo.pe/tiendas,to_verify,"Solo en la lista oficial (coordenadas oficiales); venta en línea desactivada en el sistema oficial (tienda nueva o cerrada)",2026-10-01
osm-n4341483193,tambo,Tambo Brasil,Avenida Brasil 2688,Pueblo Libre,Lima,Lima,150121,-12.084239,-77.061614,exact,osm,n4341483193,verified,También en la lista oficial,2026-10-01
web-tambo-brasil,tambo,Tambo Brasil,Avenida Brasil 1306,Pueblo Libre,Lima,Lima,150121,-12.072123,-77.051781,exact,web,https://www.tambo.pe/tiendas,verified,Solo en la lista oficial (coordenadas oficiales),2026-10-01
web-tambo-brasil-2,tambo,Tambo Brasil,Avenida Brasil 2738,Pueblo Libre,Lima,Lima,150121,-12.084720,-77.062088,exact,web,https://www.tambo.pe/tiendas,verified,Solo en la lista oficial (coordenadas oficiales),2026-10-01
web-tambo-dulanto-pueblo-libre,tambo,Tambo Dulanto Pueblo Libre,Avenida Manuel Cipriano Dulanto 1401,Pueblo Libre,Lima,Lima,150121,-12.077718,-77.069702,exact,web,https://www.tambo.pe/tiendas,verified,Solo en la lista oficial (coordenadas oficiales),2026-10-01
web-tambo-marina-pueblo-libre,tambo,Tambo Marina Pueblo Libre,Avenida de la Marina 1622,Pueblo Libre,Lima,Lima,150121,-12.078181,-77.079536,exact,web,https://www.tambo.pe/tiendas,verified,Solo en la lista oficial (coordenadas oficiales),2026-10-01
web-tambo-sanmartin-pueblo-libre,tambo,Tambo Sanmartin Pueblo Libre,Avenida José de San Martín 103,Pueblo Libre,Lima,Lima,150121,-12.068428,-77.061096,exact,web,https://www.tambo.pe/tiendas,verified,Solo en la lista oficial (coordenadas oficiales),2026-10-01
osm-n7561569086,tambo,Tambo Sucre,Tambo+ Sucre C6,Pueblo Libre,Lima,Lima,150121,-12.077707,-77.064425,exact,osm,n7561569086,verified,También en la lista oficial,2026-10-01
web-tambo-sucre,tambo,Tambo Sucre,Avenida Antonio José de Sucre 1183,Pueblo Libre,Lima,Lima,150121,-12.082752,-77.066864,exact,web,https://www.tambo.pe/tiendas,verified,Solo en la lista oficial (coordenadas oficiales),2026-10-01
web-tambo-sucre-2,tambo,Tambo Sucre,Avenida Antonio José de Sucre 1398,Pueblo Libre,Lima,Lima,150121,-12.084874,-77.068092,exact,web,https://www.tambo.pe/tiendas,verified,Solo en la lista oficial (coordenadas oficiales),2026-10-01
web-tambo-ucatolica,tambo,Tambo Ucatolica,Avenida Universitaria 1833,Pueblo Libre,Lima,Lima,150121,-12.069628,-77.077644,exact,web,https://www.tambo.pe/tiendas,verified,Solo en la lista oficial (coordenadas oficiales),2026-10-01
web-tambo-valer,tambo,Tambo Valer,Juan Valer Sandoval 718,Pueblo Libre,Lima,Lima,150121,-12.077317,-77.074799,exact,web,https://www.tambo.pe/tiendas,verified,Solo en la lista oficial (coordenadas oficiales),2026-10-01
web-tambo-bolognesi-3,tambo,Tambo Bolognesi,Jirón Francisco Bolognesi 187,Puente Piedra,Lima,Lima,150125,-11.864070,-77.077469,exact,web,https://www.tambo.pe/tiendas,verified,Solo en la lista oficial (coordenadas oficiales),2026-10-01
web-tambo-copacabana,tambo,Tambo Copacabana,COPACABANA,Puente Piedra,Lima,Lima,150125,-11.857038,-77.072456,exact,web,https://www.tambo.pe/tiendas,verified,Solo en la lista oficial (coordenadas oficiales),2026-10-01
web-tambo-lasacacias-puentepiedra,tambo,Tambo Lasacacias Puentepiedra,3W83+FHM,Puente Piedra,Lima,Lima,150125,-11.933787,-77.096077,exact,web,https://www.tambo.pe/tiendas,to_verify,"Solo en la lista oficial (coordenadas oficiales); latitud oficial -11.933787 idéntica a la de ""TAMBO CONFRATERNIDAD - LOS OLIVOS"" (¿copiada?)",2026-10-01
web-tambo-leoncioprado,tambo,Tambo Leoncioprado,Tambo+ Leoncio Prado C-4,Puente Piedra,Lima,Lima,150125,-11.843369,-77.100639,exact,web,https://www.tambo.pe/tiendas,verified,Solo en la lista oficial (coordenadas oficiales),2026-10-01
web-tambo-puente-piedra,tambo,Tambo Puente Piedra,Avenida Puente Piedra 1134,Puente Piedra,Lima,Lima,150125,-11.857443,-77.084015,exact,web,https://www.tambo.pe/tiendas,verified,Solo en la lista oficial (coordenadas oficiales),2026-10-01
web-tambo-puente-piedra-av-famesa,tambo,Tambo Puente Piedra - Av. Famesa,"Av. Famesa, Mz. F, Sublt. 1, Urb. Tambo Inga",Puente Piedra,Lima,Lima,150125,-11.885438,-77.070440,approx,web,https://www.peru-retail.com/tambo-inaugura-16-nuevas-tiendas-y-queda-cerca-de-alcanzar-los-900-locales-a-nivel-nacional/,to_verify,"Geocodificada a partir de la dirección oficial (Nominatim, a nivel de calle: Avenida Famesa, Puente Piedra, Lima); reportada por la prensa; no figura en la lista oficial",2026-10-01
web-tambo-puente-piedra-mz-c-lt-1,tambo,Tambo Puente Piedra - Mz. C Lt. 1,"Mz. C Lt. 1, Asoc. Viv. Rosa Luz I Et.",Puente Piedra,Lima,Lima,150125,-11.879859,-77.071888,approx,web,https://www.peru-retail.com/tambo-suma-23-nuevos-locales-en-junio-y-queda-cerca-de-alcanzar-900-tiendas-a-nivel-nacional/,to_verify,"Colocada a mano el 2026-10-01 a partir de evidencia verificada (tools/seed/overrides.json, manualPlacements; confianza media): aproximada: centro de la A.V. Rosa Luz I Etapa, estimado con la tienda oficial de Tiendas 3A ubicada en ella (Mz R Lt 18) y direcciones «Etapa I» de colegios (MINEDU/OSM); la Mz. C no está ubicada (error de unos 200 m). Apertura reportada por Peru Retail (9 jul. 2026); reportada por la prensa; no figura en la lista oficial",2026-10-01
web-tambo-puente-piedra-via-laderas-de-chillon,tambo,Tambo Puente Piedra - Vía Laderas de Chillón,"Vía Laderas de Chillón, Explanada, Mz. E Lt. 8, Psje. Laderas de Chillón",Puente Piedra,Lima,Lima,150125,-11.920300,-77.086070,approx,web,https://www.peru-retail.com/tambo-suma-23-nuevos-locales-en-junio-y-queda-cerca-de-alcanzar-900-tiendas-a-nivel-nacional/,to_verify,"Colocada a mano el 2026-10-01 a partir de evidencia verificada (tools/seed/overrides.json, manualPlacements; confianza baja): aproximada (baja confianza): Mz. F de la 1.ª explanada de Laderas de Chillón, sobre la Av. 15 de Junio (direcciones OSM); la Mz. E y el «Psje. Laderas de Chillón» no están mapeados y la nota no dice qué explanada es. Apertura reportada por Peru Retail (9 jul. 2026); reportada por la prensa; no figura en la lista oficial",2026-10-01
web-tambo-puentepiedra2,tambo,Tambo PUENTEPIEDRA2,Avenida Buenos Aires,Puente Piedra,Lima,Lima,150125,-11.856419,-77.086746,exact,web,https://www.tambo.pe/tiendas,verified,Solo en la lista oficial (coordenadas oficiales),2026-10-01
web-tambo-puentepiedra3,tambo,Tambo PUENTEPIEDRA3,Puente Piedra,Puente Piedra,Lima,Lima,150125,-11.865812,-77.078590,exact,web,https://www.tambo.pe/tiendas,verified,Solo en la lista oficial (coordenadas oficiales),2026-10-01
web-tambo-thorne,tambo,Tambo Thorne,Rollin Thorne Solaguren 195,Puente Piedra,Lima,Lima,150125,-11.867907,-77.074409,exact,web,https://www.tambo.pe/tiendas,verified,Solo en la lista oficial (coordenadas oficiales),2026-10-01
web-tambo-km43-puntahermosa,tambo,Tambo KM43 Puntahermosa,Calle Salaverry 320,Punta Hermosa,Lima,Lima,150126,-12.316219,-76.832703,exact,web,https://www.tambo.pe/tiendas,verified,Solo en la lista oficial (coordenadas oficiales),2026-10-01
web-tambo-puntahermosa-puntahermosa,tambo,Tambo Puntahermosa Puntahermosa,M58G+V4C Avenida Garcia Rada,Punta Hermosa,Lima,Lima,150126,-12.332801,-76.824730,exact,web,https://www.tambo.pe/tiendas,verified,Solo en la lista oficial (coordenadas oficiales),2026-10-01
web-tambo-puntahermosa2,tambo,Tambo PUNTAHERMOSA2,PUNTAHERMOSA2,Punta Hermosa,Lima,Lima,150126,-12.335747,-76.824860,exact,web,https://www.tambo.pe/tiendas,verified,Solo en la lista oficial (coordenadas oficiales),2026-10-01
web-tambo-puntahermosa3-puntahermosa,tambo,Tambo PUNTAHERMOSA3 Puntahermosa,Edinson Mallco,Punta Hermosa,Lima,Lima,150126,-12.327165,-76.825272,exact,web,https://www.tambo.pe/tiendas,verified,Solo en la lista oficial (coordenadas oficiales),2026-10-01
osm-n9342074626,tambo,Tambo Alcazar,Avenida Samuel Alcázar 110,Rímac,Lima,Lima,150128,-12.031563,-77.027977,exact,osm,n9342074626,verified,También en la lista oficial,2026-10-01
web-tambo-alcazar,tambo,Tambo Alcazar,Avenida Samuel Alcázar 788,Rímac,Lima,Lima,150128,-12.027414,-77.032578,exact,web,https://www.tambo.pe/tiendas,verified,Solo en la lista oficial (coordenadas oficiales),2026-10-01
web-tambo-barrera,tambo,Tambo Barrera,Barreda y Aguilar 113,Rímac,Lima,Lima,150128,-12.025734,-77.028481,exact,web,https://www.tambo.pe/tiendas,verified,Solo en la lista oficial (coordenadas oficiales),2026-10-01
web-tambo-jrtrujillo,tambo,Tambo Jrtrujillo,Jirón Trujillo 363,Rímac,Lima,Lima,150128,-12.041162,-77.029480,exact,web,https://www.tambo.pe/tiendas,verified,Solo en la lista oficial (coordenadas oficiales),2026-10-01
web-tambo-rimac-av-carlos-valderrama-401,tambo,Tambo Rímac - Av. Carlos Valderrama 401,Av. Carlos Valderrama 401,Rímac,Lima,Lima,150128,-12.019723,-77.030965,approx,web,https://www.peru-retail.com/tambo-suma-23-nuevos-locales-en-junio-y-queda-cerca-de-alcanzar-900-tiendas-a-nivel-nacional/,to_verify,"Geocodificada a partir de la dirección oficial (Nominatim, a nivel de calle: Avenida Carlos Valderrama, Asentamiento Humano San Juan de Amancaes, Rimac); reportada por la prensa; no figura en la lista oficial",2026-10-01
web-tambo-sangerman,tambo,Tambo Sangerman,Calle San Germán 245,Rímac,Lima,Lima,150128,-12.035316,-77.034218,exact,web,https://www.tambo.pe/tiendas,verified,Solo en la lista oficial (coordenadas oficiales),2026-10-01
web-tambo-tarapaca,tambo,Tambo Tarapaca,Avenida Felipe Arancibia 533,Rímac,Lima,Lima,150128,-12.029523,-77.035599,exact,web,https://www.tambo.pe/tiendas,verified,Solo en la lista oficial (coordenadas oficiales),2026-10-01
web-tambo-sanbartolo,tambo,Tambo Sanbartolo,San Bartolo & Mar Pacifico Sur,San Bartolo,Lima,Lima,150129,-12.388466,-76.778320,exact,web,https://www.tambo.pe/tiendas,verified,Solo en la lista oficial (coordenadas oficiales),2026-10-01
web-tambo-sanbartolo2,tambo,Tambo SANBARTOLO2,San Jose 637,San Bartolo,Lima,Lima,150129,-12.386385,-76.772179,exact,web,https://www.tambo.pe/tiendas,verified,Solo en la lista oficial (coordenadas oficiales),2026-10-01
osm-n12852193900,tambo,Tambo Angamos 2,Avenida Angamos Este 2557,San Borja,Lima,Lima,150130,-12.111471,-77.003933,exact,osm,n12852193900,verified,"También en la lista oficial; venta en línea desactivada en el sistema oficial (tienda nueva o cerrada)",2026-10-01
osm-n13892902170,tambo,Tambo Angamos Sanborja,V2Q3+GPJ,San Borja,Lima,Lima,150130,-12.111094,-76.995689,exact,osm,n13892902170,verified,También en la lista oficial,2026-10-01
web-tambo-aviacion,tambo,Tambo Aviacion,Avenida Aviación 3569,San Borja,Lima,Lima,150130,-12.108150,-77.000603,exact,web,https://www.tambo.pe/tiendas,verified,Solo en la lista oficial (coordenadas oficiales),2026-10-01
osm-n4374364532,tambo,Tambo Aviacion San Borja,Avenida Aviación 3015,San Borja,Lima,Lima,150130,-12.099862,-77.001659,exact,osm,n4374364532,verified,También en la lista oficial,2026-10-01
web-tambo-aviacion-san-borja,tambo,Tambo Aviacion San Borja,Tambo+ Aviación C-24,San Borja,Lima,Lima,150130,-12.088810,-77.003265,exact,web,https://www.tambo.pe/tiendas,verified,Solo en la lista oficial (coordenadas oficiales),2026-10-01
web-tambo-aviacion-sanborja,tambo,Tambo Aviacion Sanborja,"WX7W+PGQ, San Borja",San Borja,Lima,Lima,150130,-12.085663,-77.003639,exact,web,https://www.tambo.pe/tiendas,to_verify,"Solo en la lista oficial (coordenadas oficiales); venta en línea desactivada en el sistema oficial (tienda nueva o cerrada)",2026-10-01
web-tambo-barrenechea,tambo,Tambo Barrenechea,Avenida José Gálvez Barrenechea 1204,San Borja,Lima,Lima,150130,-12.108627,-77.009857,exact,web,https://www.tambo.pe/tiendas,to_verify,"Solo en la lista oficial (coordenadas oficiales); venta en línea desactivada en el sistema oficial (tienda nueva o cerrada)",2026-10-01
web-tambo-davinci,tambo,Tambo Davinci,Jirón Leonardo da Vinci 183,San Borja,Lima,Lima,150130,-12.088255,-77.002174,exact,web,https://www.tambo.pe/tiendas,verified,Solo en la lista oficial (coordenadas oficiales),2026-10-01
web-tambo-jprado,tambo,Tambo Jprado,Avenida Javier Prado Este 2772,San Borja,Lima,Lima,150130,-12.087613,-76.996933,exact,web,https://www.tambo.pe/tiendas,verified,Solo en la lista oficial (coordenadas oficiales),2026-10-01
web-tambo-limatambo2,tambo,Tambo LIMATAMBO2,Plaza Marquina 401,San Borja,Lima,Lima,150130,-12.108583,-77.003929,exact,web,https://www.tambo.pe/tiendas,to_verify,"Solo en la lista oficial (coordenadas oficiales); venta en línea desactivada en el sistema oficial (tienda nueva o cerrada)",2026-10-01
web-tambo-limtambo,tambo,Tambo Limtambo,Avenida Aviación 3462,San Borja,Lima,Lima,150130,-12.106531,-77.001335,exact,web,https://www.tambo.pe/tiendas,verified,Solo en la lista oficial (coordenadas oficiales),2026-10-01
web-tambo-morelli-san-borja,tambo,Tambo Morelli San Borja,Calle Morelli 225,San Borja,Lima,Lima,150130,-12.090067,-77.003906,exact,web,https://www.tambo.pe/tiendas,to_verify,"Solo en la lista oficial (coordenadas oficiales); longitud oficial -77.003906 idéntica a la de ""TAMBO PRINCIPAL-C9 - SURQUILLO"" (¿copiada?)",2026-10-01
osm-n4351744814,tambo,Tambo San Borja,Avenida San Borja Norte 996,San Borja,Lima,Lima,150130,-12.093280,-76.995924,exact,osm,n4351744814,verified,También en la lista oficial,2026-10-01
web-tambo-san-borja-av-san-borja-norte-1263,tambo,Tambo San Borja - Av. San Borja Norte 1263,Av. San Borja Norte 1263,San Borja,Lima,Lima,150130,-12.096654,-76.982579,approx,web,https://www.peru-retail.com/tambo-inaugura-20-nuevas-tiendas-y-supera-las-900-a-nivel-nacional-donde-estan-sus-nuevos-locales/,to_verify,"Geocodificada a partir de la dirección oficial (Nominatim, a nivel de calle: Avenida San Borja Norte, Mariscal Ramón Castilla, San Borja); reportada por la prensa; no figura en la lista oficial",2026-10-01
web-tambo-san-luis-sanluis,tambo,Tambo San Luis Sanluis,Avenida San Luis 2498,San Borja,Lima,Lima,150130,-12.098765,-76.995079,exact,web,https://www.tambo.pe/tiendas,to_verify,"Solo en la lista oficial (coordenadas oficiales); longitud oficial -76.995079 idéntica a la de ""TAMBO SURCO-C5 - SURCO"" (¿copiada?)",2026-10-01
web-tambo-sanborjasur,tambo,Tambo Sanborjasur,Avenida San Borja Sur 247,San Borja,Lima,Lima,150130,-12.100007,-77.008698,exact,web,https://www.tambo.pe/tiendas,verified,Solo en la lista oficial (coordenadas oficiales),2026-10-01
web-tambo-sanluis,tambo,Tambo Sanluis,Avenida San Luis,San Borja,Lima,Lima,150130,-12.099321,-76.994896,exact,web,https://www.tambo.pe/tiendas,verified,Solo en la lista oficial (coordenadas oficiales),2026-10-01
web-tambo-sanluis-2,tambo,Tambo Sanluis,Avenida San Luis 2622,San Borja,Lima,Lima,150130,-12.101262,-76.994720,exact,web,https://www.tambo.pe/tiendas,to_verify,"Solo en la lista oficial (coordenadas oficiales); latitud oficial -12.101262 idéntica a la de ""TAMBO VALLERIESTRA-C5 - SAN ISIDRO"" (¿copiada?)",2026-10-01
web-tambo-ucello,tambo,Tambo Ucello,Jirón Ucello,San Borja,Lima,Lima,150130,-12.090046,-77.005348,exact,web,https://www.tambo.pe/tiendas,verified,Solo en la lista oficial (coordenadas oficiales),2026-10-01
web-tambo-aramburu,tambo,Tambo Aramburu,Avenida Andrés Aramburú 715,San Isidro,Lima,Lima,150131,-12.102188,-77.023354,exact,web,https://www.tambo.pe/tiendas,verified,Solo en la lista oficial (coordenadas oficiales),2026-10-01
web-tambo-aramburu-2,tambo,Tambo Aramburu,Avenida Andrés Aramburú 907,San Isidro,Lima,Lima,150131,-12.101929,-77.020988,exact,web,https://www.tambo.pe/tiendas,verified,Solo en la lista oficial (coordenadas oficiales),2026-10-01
osm-n13584769128,tambo,Tambo Arenales,WX58+J37 San Isidro,San Isidro,Lima,Lima,150131,-12.091013,-77.034795,exact,osm,n13584769128,verified,También en la lista oficial,2026-10-01
web-tambo-basadre,tambo,Tambo Basadre,Avenida Jorge Basadre Grohmann 536,San Isidro,Lima,Lima,150131,-12.094682,-77.037834,exact,web,https://www.tambo.pe/tiendas,verified,Solo en la lista oficial (coordenadas oficiales),2026-10-01
web-tambo-belaunde-sanisidro,tambo,Tambo Belaunde Sanisidro,Avenida Victor Andrés Belaunde 208,San Isidro,Lima,Lima,150131,-12.096004,-77.037025,exact,web,https://www.tambo.pe/tiendas,verified,Solo en la lista oficial (coordenadas oficiales),2026-10-01
web-tambo-c-moreyra,tambo,Tambo C Moreyra,Avenida Canaval y Moreyra 345,San Isidro,Lima,Lima,150131,-12.096819,-77.022903,exact,web,https://www.tambo.pe/tiendas,verified,Solo en la lista oficial (coordenadas oficiales),2026-10-01
osm-n7048193785,tambo,Tambo Camino Real,Avenida Camino Real 121,San Isidro,Lima,Lima,150131,-12.094449,-77.034877,exact,osm,n7048193785,verified,También en la lista oficial,2026-10-01
web-tambo-canaval,tambo,Tambo Canaval,Avenida Canaval y Moreyra 139,San Isidro,Lima,Lima,150131,-12.096588,-77.024361,exact,web,https://www.tambo.pe/tiendas,verified,Solo en la lista oficial (coordenadas oficiales),2026-10-01
web-tambo-chinchon,tambo,Tambo Chinchon,Calle Chinchón 960,San Isidro,Lima,Lima,150131,-12.095606,-77.027107,exact,web,https://www.tambo.pe/tiendas,verified,Solo en la lista oficial (coordenadas oficiales),2026-10-01
web-tambo-conquistadores,tambo,Tambo Conquistadores,Avenida Los Conquistadores 125-127,San Isidro,Lima,Lima,150131,-12.096938,-77.035530,exact,web,https://www.tambo.pe/tiendas,verified,Solo en la lista oficial (coordenadas oficiales),2026-10-01
web-tambo-derteano,tambo,Tambo Derteano,Avenida Dionisio Derteano 115,San Isidro,Lima,Lima,150131,-12.095589,-77.021584,exact,web,https://www.tambo.pe/tiendas,verified,Solo en la lista oficial (coordenadas oficiales),2026-10-01
web-tambo-ejercito,tambo,Tambo Ejercito,Avenida del Ejército 1128,San Isidro,Lima,Lima,150131,-12.101342,-77.060463,exact,web,https://www.tambo.pe/tiendas,verified,Solo en la lista oficial (coordenadas oficiales),2026-10-01
web-tambo-juandearona,tambo,Tambo Juandearona,WX39+6F5,San Isidro,Lima,Lima,150131,-12.096988,-77.031265,exact,web,https://www.tambo.pe/tiendas,verified,Solo en la lista oficial (coordenadas oficiales),2026-10-01
osm-n13574534494,tambo,Tambo Navarrete,Calle Dean Valdivia 207,San Isidro,Lima,Lima,150131,-12.093107,-77.026603,exact,osm,n13574534494,verified,También en la lista oficial,2026-10-01
osm-n13574534485,tambo,Tambo NAVARRETE2,Avenida Rivera Navarrete 580,San Isidro,Lima,Lima,150131,-12.093094,-77.026984,exact,osm,n13574534485,verified,También en la lista oficial,2026-10-01
osm-n12965158448,tambo,Tambo Panama,Avenida República de Panamá 3527,San Isidro,Lima,Lima,150131,-12.099080,-77.019373,exact,osm,n12965158448,verified,También en la lista oficial,2026-10-01
web-tambo-pershing,tambo,Tambo Pershing,Clemente X 45,San Isidro,Lima,Lima,150131,-12.092168,-77.054939,exact,web,https://www.tambo.pe/tiendas,verified,Solo en la lista oficial (coordenadas oficiales),2026-10-01
web-tambo-prescott,tambo,Tambo Prescott,Avenida Dos de Mayo 1597,San Isidro,Lima,Lima,150131,-12.092622,-77.047226,exact,web,https://www.tambo.pe/tiendas,verified,Solo en la lista oficial (coordenadas oficiales),2026-10-01
web-tambo-republicadecolombia,tambo,Tambo Republicadecolombia,WX2C+PGW,San Isidro,Lima,Lima,150131,-12.098138,-77.028671,exact,web,https://www.tambo.pe/tiendas,verified,Solo en la lista oficial (coordenadas oficiales),2026-10-01
web-tambo-sanchezcarrion,tambo,Tambo Sanchezcarrion,Avenida Faustino Sánchez Carrión 302,San Isidro,Lima,Lima,150131,-12.093244,-77.052505,exact,web,https://www.tambo.pe/tiendas,verified,Solo en la lista oficial (coordenadas oficiales),2026-10-01
osm-n13574733253,tambo,Tambo Schreiber,WX3G+XPM,San Isidro,Lima,Lima,150131,-12.095032,-77.023187,exact,osm,n13574733253,verified,También en la lista oficial,2026-10-01
web-tambo-valleriestra,tambo,Tambo Valleriestra,VWXW+FFW,San Isidro,Lima,Lima,150131,-12.101262,-77.053795,exact,web,https://www.tambo.pe/tiendas,to_verify,"Solo en la lista oficial (coordenadas oficiales); latitud oficial -12.101262 idéntica a la de ""TAMBO SANLUIS-C26 - SAN BORJA"" (¿copiada?)",2026-10-01
osm-n5591615727,tambo,Tambo,,San Juan de Lurigancho,Lima,Lima,150132,-11.989845,-77.015135,exact,osm,n5591615727,to_verify,"Solo en OSM; elemento OSM v2, última edición el 2021-12-14; tienda oficial de Tiendas 3A ""Tiendas 3A Canto Grande 24"" a 37 m (¿mismo local? revisar)",2026-10-01
web-tambo-13denero,tambo,Tambo 13DENERO,"2X3W+J22, San Juan de Lurigancho",San Juan de Lurigancho,Lima,Lima,150132,-11.995988,-77.004982,exact,web,https://www.tambo.pe/tiendas,to_verify,"Solo en la lista oficial (coordenadas oficiales); venta en línea desactivada en el sistema oficial (tienda nueva o cerrada)",2026-10-01
web-tambo-13enero,tambo,Tambo 13ENERO,Avenida 13 de Enero 2242,San Juan de Lurigancho,Lima,Lima,150132,-11.993337,-77.005096,exact,web,https://www.tambo.pe/tiendas,verified,Solo en la lista oficial (coordenadas oficiales),2026-10-01
web-tambo-alamedaplaza,tambo,Tambo Alamedaplaza,Avenida Canto Grande 268,San Juan de Lurigancho,Lima,Lima,150132,-11.978902,-77.010658,exact,web,https://www.tambo.pe/tiendas,verified,Solo en la lista oficial (coordenadas oficiales),2026-10-01
web-tambo-alcaparras,tambo,Tambo Alcaparras,Avenida Alcaparras 463,San Juan de Lurigancho,Lima,Lima,150132,-12.018034,-77.010124,exact,web,https://www.tambo.pe/tiendas,verified,Solo en la lista oficial (coordenadas oficiales),2026-10-01
osm-w437364306,tambo,Tambo Basadre,Tambo Basadre,San Juan de Lurigancho,Lima,Lima,150132,-11.989111,-77.010776,exact,osm,w437364306,verified,También en la lista oficial,2026-10-01
osm-w1098893335,tambo,Tambo Bayovar,Avenida Fernando Wiesse 4267,San Juan de Lurigancho,Lima,Lima,150132,-11.959228,-76.987561,exact,osm,w1098893335,verified,También en la lista oficial,2026-10-01
osm-n4757144541,tambo,Tambo Cajagua,Avenida Próceres de la Independencia 184,San Juan de Lurigancho,Lima,Lima,150132,-12.025930,-77.009943,exact,osm,n4757144541,verified,También en la lista oficial,2026-10-01
web-tambo-cajamarquilla,tambo,Tambo Cajamarquilla,Jiron Cajamarquilla 998,San Juan de Lurigancho,Lima,Lima,150132,-12.022552,-76.997406,exact,web,https://www.tambo.pe/tiendas,verified,Solo en la lista oficial (coordenadas oficiales),2026-10-01
web-tambo-campoy,tambo,Tambo Campoy,Tambo+ Campoy C1,San Juan de Lurigancho,Lima,Lima,150132,-12.018944,-76.961548,exact,web,https://www.tambo.pe/tiendas,verified,Solo en la lista oficial (coordenadas oficiales),2026-10-01
web-tambo-canto-grande,tambo,Tambo Canto Grande,Tambo+ canto grande,San Juan de Lurigancho,Lima,Lima,150132,-11.969377,-77.004868,exact,web,https://www.tambo.pe/tiendas,verified,Solo en la lista oficial (coordenadas oficiales),2026-10-01
web-tambo-cantogrande,tambo,Tambo Cantogrande,2X7M+WVQ,San Juan de Lurigancho,Lima,Lima,150132,-11.985163,-77.015266,exact,web,https://www.tambo.pe/tiendas,verified,Solo en la lista oficial (coordenadas oficiales),2026-10-01
web-tambo-cantogrande-2,tambo,Tambo Cantogrande,Avenida Canto Grande 3524,San Juan de Lurigancho,Lima,Lima,150132,-11.971642,-77.006355,exact,web,https://www.tambo.pe/tiendas,verified,Solo en la lista oficial (coordenadas oficiales),2026-10-01
web-tambo-central-3,tambo,Tambo Central,Sin Vía S/N,San Juan de Lurigancho,Lima,Lima,150132,-11.968388,-77.002724,exact,web,https://www.tambo.pe/tiendas,verified,Solo en la lista oficial (coordenadas oficiales),2026-10-01
osm-n9647387729,tambo,Tambo Chimu,Avenida Gran Chimu 344,San Juan de Lurigancho,Lima,Lima,150132,-12.027703,-77.008768,exact,osm,n9647387729,verified,También en la lista oficial,2026-10-01
web-tambo-chimu,tambo,Tambo Chimu,Avenida Gran Chimu 540,San Juan de Lurigancho,Lima,Lima,150132,-12.027078,-77.005157,exact,web,https://www.tambo.pe/tiendas,verified,Solo en la lista oficial (coordenadas oficiales),2026-10-01
web-tambo-chimu-2,tambo,Tambo Chimu,X2G5+69F,San Juan de Lurigancho,Lima,Lima,150132,-12.024438,-76.991577,exact,web,https://www.tambo.pe/tiendas,verified,Solo en la lista oficial (coordenadas oficiales),2026-10-01
web-tambo-constelacion,tambo,Tambo Constelacion,2X7Q+Q95,San Juan de Lurigancho,Lima,Lima,150132,-11.985613,-77.011513,exact,web,https://www.tambo.pe/tiendas,verified,Solo en la lista oficial (coordenadas oficiales),2026-10-01
osm-n7705515787,tambo,Tambo Elsol,Avenida El Sol 222,San Juan de Lurigancho,Lima,Lima,150132,-11.983801,-77.009958,exact,osm,n7705515787,verified,También en la lista oficial,2026-10-01
osm-n12508620037,tambo,Tambo Flores,Avenida Las Flores de Primavera 1201,San Juan de Lurigancho,Lima,Lima,150132,-12.009107,-77.011259,exact,osm,n12508620037,verified,También en la lista oficial,2026-10-01
osm-w996181763,tambo,Tambo Flores,Avenida Las Flores de Primavera 1014,San Juan de Lurigancho,Lima,Lima,150132,-12.011992,-77.011178,exact,osm,w996181763,verified,También en la lista oficial (nombre en OSM: Tambo+),2026-10-01
web-tambo-flores,tambo,Tambo Flores,2X2P+X3X,San Juan de Lurigancho,Lima,Lima,150132,-11.997513,-77.014763,exact,web,https://www.tambo.pe/tiendas,verified,Solo en la lista oficial (coordenadas oficiales),2026-10-01
osm-n11225192056,tambo,Tambo H Cenepa,Auxiliar Avenida Héroes del Cenepa 158,San Juan de Lurigancho,Lima,Lima,150132,-11.959710,-76.985957,exact,osm,n11225192056,verified,También en la lista oficial,2026-10-01
web-tambo-haravicu,tambo,Tambo Haravicu,Haravicu 376,San Juan de Lurigancho,Lima,Lima,150132,-12.024494,-76.988678,exact,web,https://www.tambo.pe/tiendas,verified,Solo en la lista oficial (coordenadas oficiales),2026-10-01
web-tambo-hcenepa,tambo,Tambo Hcenepa,Avenida Héroes del Cenepa 491-499,San Juan de Lurigancho,Lima,Lima,150132,-11.962491,-76.980934,exact,web,https://www.tambo.pe/tiendas,verified,Solo en la lista oficial (coordenadas oficiales),2026-10-01
web-tambo-ingenieros,tambo,Tambo Ingenieros,Jirón los Ingenieros 15438,San Juan de Lurigancho,Lima,Lima,150132,-11.968534,-76.992348,exact,web,https://www.tambo.pe/tiendas,verified,Solo en la lista oficial (coordenadas oficiales),2026-10-01
web-tambo-jardines,tambo,Tambo Jardines,Avenida los Jardines Este 315,San Juan de Lurigancho,Lima,Lima,150132,-12.004335,-77.003563,exact,web,https://www.tambo.pe/tiendas,verified,Solo en la lista oficial (coordenadas oficiales),2026-10-01
web-tambo-jardines-2,tambo,Tambo Jardines,Avenida los Jardines Este 700,San Juan de Lurigancho,Lima,Lima,150132,-12.002798,-76.998795,exact,web,https://www.tambo.pe/tiendas,verified,Solo en la lista oficial (coordenadas oficiales),2026-10-01
web-tambo-jardines-3,tambo,Tambo Jardines,Tambo jardines,San Juan de Lurigancho,Lima,Lima,150132,-12.006729,-77.008072,exact,web,https://www.tambo.pe/tiendas,verified,"Solo en la lista oficial (coordenadas oficiales); la prensa también reportó ""Tambo San Juan de Lurigancho - Av. Los Jardines Este Mz. G Lt. 01"" (Av. Los Jardines Este Mz. G Lt. 01, AA.HH. El Sauce Com. 5, apertura en mayo de 2026; https://www.peru-retail.com/tambo-amplia-su-presencia-con-18-nuevos-locales-donde-estan-ubicados-y-cuantos-acumula/): probablemente es esta misma tienda, por eso no va como fila aparte",2026-10-01
osm-n4477908296,tambo,Tambo Las Flores,Avenida Las Flores de Primavera 1321,San Juan de Lurigancho,Lima,Lima,150132,-12.007126,-77.011396,exact,osm,n4477908296,verified,También en la lista oficial,2026-10-01
web-tambo-las-flores,tambo,Tambo Las Flores,Avenida República de Polonia 689,San Juan de Lurigancho,Lima,Lima,150132,-11.974574,-77.002510,exact,web,https://www.tambo.pe/tiendas,verified,Solo en la lista oficial (coordenadas oficiales),2026-10-01
web-tambo-lima-5,tambo,Tambo Lima,Tambo+ Lima C2,San Juan de Lurigancho,Lima,Lima,150132,-12.025673,-77.015327,exact,web,https://www.tambo.pe/tiendas,verified,Solo en la lista oficial (coordenadas oficiales),2026-10-01
web-tambo-liquenes,tambo,Tambo Liquenes,Tambo+ Liquenes,San Juan de Lurigancho,Lima,Lima,150132,-12.017634,-77.003189,exact,web,https://www.tambo.pe/tiendas,verified,Solo en la lista oficial (coordenadas oficiales),2026-10-01
web-tambo-lurigancho,tambo,Tambo Lurigancho,Avenida Lurigancho 988,San Juan de Lurigancho,Lima,Lima,150132,-12.017105,-76.999146,exact,web,https://www.tambo.pe/tiendas,verified,Solo en la lista oficial (coordenadas oficiales),2026-10-01
web-tambo-mariategui,tambo,Tambo Mariategui,22V4+HH6,San Juan de Lurigancho,Lima,Lima,150132,-11.956087,-76.993607,exact,web,https://www.tambo.pe/tiendas,verified,Solo en la lista oficial (coordenadas oficiales),2026-10-01
web-tambo-mariscalcaceres,tambo,Tambo Mariscalcaceres,Calle Mz E d18,San Juan de Lurigancho,Lima,Lima,150132,-11.951302,-76.977310,exact,web,https://www.tambo.pe/tiendas,verified,"Solo en la lista oficial (coordenadas oficiales); la prensa también reportó ""Tambo San Juan de Lurigancho - Prog. Ciudad Mariscal Cáceres"" (Prog. Ciudad Mariscal Cáceres, Sector III, Mz. K3 Lt. 24, apertura en junio de 2026; https://www.peru-retail.com/tambo-suma-23-nuevos-locales-en-junio-y-queda-cerca-de-alcanzar-900-tiendas-a-nivel-nacional/): probablemente es esta misma tienda, por eso no va como fila aparte",2026-10-01
web-tambo-periodista,tambo,Tambo Periodista,Tambo+ Periodista,San Juan de Lurigancho,Lima,Lima,150132,-11.975195,-77.009254,exact,web,https://www.tambo.pe/tiendas,verified,Solo en la lista oficial (coordenadas oficiales),2026-10-01
osm-n10586003655,tambo,Tambo Piramide,Avenida Malecón Checa 731,San Juan de Lurigancho,Lima,Lima,150132,-12.027173,-76.999871,exact,osm,n10586003655,verified,"También en la lista oficial; coordenadas oficiales a 121 m",2026-10-01
web-tambo-piramide,tambo,Tambo Piramide,Avenida Piramide del Sol 403,San Juan de Lurigancho,Lima,Lima,150132,-12.025579,-77.001945,exact,web,https://www.tambo.pe/tiendas,verified,Solo en la lista oficial (coordenadas oficiales),2026-10-01
osm-n9328417220,tambo,Tambo Postes,Tambo+Postes,San Juan de Lurigancho,Lima,Lima,150132,-11.996473,-77.010256,exact,osm,n9328417220,verified,También en la lista oficial,2026-10-01
osm-n11241861406,tambo,Tambo Proceres,Avenida Próceres de la Independencia 3990,San Juan de Lurigancho,Lima,Lima,150132,-11.964456,-76.990485,exact,osm,n11241861406,verified,También en la lista oficial,2026-10-01
osm-w1098886508,tambo,Tambo Proceres,Tambo+Próceres c49,San Juan de Lurigancho,Lima,Lima,150132,-11.951020,-76.986879,exact,osm,w1098886508,verified,También en la lista oficial,2026-10-01
web-tambo-proceres,tambo,Tambo Proceres,Avenida Próceres de la Independencia 180,San Juan de Lurigancho,Lima,Lima,150132,-12.028322,-77.011238,exact,web,https://www.tambo.pe/tiendas,verified,Solo en la lista oficial (coordenadas oficiales),2026-10-01
web-tambo-proceres-2,tambo,Tambo Proceres,Avenida Próceres de la Independencia 2774,San Juan de Lurigancho,Lima,Lima,150132,-11.985488,-77.006607,exact,web,https://www.tambo.pe/tiendas,verified,Solo en la lista oficial (coordenadas oficiales),2026-10-01
web-tambo-proceres-3,tambo,Tambo Proceres,Rio Jequetepeque 3295,San Juan de Lurigancho,Lima,Lima,150132,-11.978150,-77.003540,exact,web,https://www.tambo.pe/tiendas,verified,Solo en la lista oficial (coordenadas oficiales),2026-10-01
web-tambo-proceres-5,tambo,Tambo Proceres,XXWV+3FW San Juan de Lurigancho,San Juan de Lurigancho,Lima,Lima,150132,-12.004763,-77.006294,exact,web,https://www.tambo.pe/tiendas,verified,Solo en la lista oficial (coordenadas oficiales),2026-10-01
web-tambo-proceres-6,tambo,Tambo Proceres,XXXR+9FW,San Juan de Lurigancho,Lima,Lima,150132,-12.001513,-77.008797,exact,web,https://www.tambo.pe/tiendas,verified,Solo en la lista oficial (coordenadas oficiales),2026-10-01
web-tambo-ruisenores,tambo,Tambo Ruisenores,Grullas 1000,San Juan de Lurigancho,Lima,Lima,150132,-12.015772,-76.998444,exact,web,https://www.tambo.pe/tiendas,verified,Solo en la lista oficial (coordenadas oficiales),2026-10-01
web-tambo-san-juan-de-lurigancho-av-los-jardines-este-587,tambo,Tambo San Juan de Lurigancho - Av. Los Jardines Este 587,Av. Los Jardines Este 587,San Juan de Lurigancho,Lima,Lima,150132,-12.003941,-77.002674,approx,web,https://www.peru-retail.com/tambo-inaugura-16-nuevas-tiendas-y-queda-cerca-de-alcanzar-los-900-locales-a-nivel-nacional/,to_verify,"Geocodificada a partir de la dirección oficial (Nominatim, a nivel de calle: Avenida Los Jardines Este, Inca Manco Capac, El Sauce); reportada por la prensa; no figura en la lista oficial; posible duplicado de web-tambo-jardines ""Tambo Jardines"" (a 106 m)",2026-10-01
web-tambo-san-juan-de-lurigancho-av-los-tusilagos-oeste-30,tambo,Tambo San Juan de Lurigancho - Av. Los Tusílagos Oeste 307,Av. Los Tusílagos Oeste 307,San Juan de Lurigancho,Lima,Lima,150132,-12.012869,-77.006910,approx,web,https://www.peru-retail.com/tambo-suma-23-nuevos-locales-en-junio-y-queda-cerca-de-alcanzar-900-tiendas-a-nivel-nacional/,to_verify,"Geocodificada a partir de la dirección oficial (Nominatim, a nivel de calle: Avenida Los Tusilagos Oeste, San Juan de Lurigancho, Lima); reportada por la prensa; no figura en la lista oficial",2026-10-01
web-tambo-san-juan-de-lurigancho-av-tupac-amaru-n-154,tambo,Tambo San Juan de Lurigancho - Av. Túpac Amaru N.° 154,"Av. Túpac Amaru N.° 154, Urb. Chacarilla de Otero",San Juan de Lurigancho,Lima,Lima,150132,-12.021293,-77.009916,approx,web,https://www.peru-retail.com/tambo-inaugura-20-nuevas-tiendas-y-supera-las-900-a-nivel-nacional-donde-estan-sus-nuevos-locales/,to_verify,"Geocodificada a partir de la dirección oficial (Nominatim, a nivel de calle: Avenida Túpac Amaru, Chacarilla de Otero, San Juan de Lurigancho); reportada por la prensa; no figura en la lista oficial",2026-10-01
web-tambo-sanmartin-4,tambo,Tambo Sanmartin,Tambo+ SANMARTIN-SJL,San Juan de Lurigancho,Lima,Lima,150132,-11.967413,-77.005791,exact,web,https://www.tambo.pe/tiendas,verified,Solo en la lista oficial (coordenadas oficiales),2026-10-01
web-tambo-santarosa,tambo,Tambo Santarosa,15423,San Juan de Lurigancho,Lima,Lima,150132,-11.966417,-76.992668,exact,web,https://www.tambo.pe/tiendas,verified,Solo en la lista oficial (coordenadas oficiales),2026-10-01
osm-w1105419270,tambo,Tambo T Aspero,Templo de Aspero 334,San Juan de Lurigancho,Lima,Lima,150132,-12.016686,-76.984530,exact,osm,w1105419270,verified,También en la lista oficial,2026-10-01
web-tambo-tusilagos,tambo,Tambo Tusilagos,Avenida Los Tusilagos Oeste 220 Urb,San Juan de Lurigancho,Lima,Lima,150132,-12.012995,-77.004280,exact,web,https://www.tambo.pe/tiendas,verified,Solo en la lista oficial (coordenadas oficiales),2026-10-01
web-tambo-upn,tambo,Tambo Upn,Avenida El Sol 452,San Juan de Lurigancho,Lima,Lima,150132,-11.985359,-77.005562,exact,web,https://www.tambo.pe/tiendas,verified,Solo en la lista oficial (coordenadas oficiales),2026-10-01
web-tambo-vara-de-oro,tambo,Tambo Vara de Oro,Vara de Oro 240,San Juan de Lurigancho,Lima,Lima,150132,-12.025254,-76.998276,exact,web,https://www.tambo.pe/tiendas,verified,Solo en la lista oficial (coordenadas oficiales),2026-10-01
osm-n10102518064,tambo,Tambo Wiesse,Tambo+ Wiesse,San Juan de Lurigancho,Lima,Lima,150132,-11.974523,-77.000331,exact,osm,n10102518064,verified,"También en la lista oficial; venta en línea desactivada en el sistema oficial (tienda nueva o cerrada)",2026-10-01
osm-w553326990,tambo,Tambo,,San Juan de Miraflores,Lima,Lima,150133,-12.164993,-76.972366,exact,osm,w553326990,to_verify,"Solo en OSM; datos de OSM editados por última vez el 2018-01-15 (v1): sin confirmar desde entonces",2026-10-01
web-tambo-alamos,tambo,Tambo Alamos,Tambo+ Alamos,San Juan de Miraflores,Lima,Lima,150133,-12.167748,-76.980774,exact,web,https://www.tambo.pe/tiendas,verified,Solo en la lista oficial (coordenadas oficiales),2026-10-01
web-tambo-alamos2,tambo,Tambo ALAMOS2,"R2Q9+834, San Juan de Miraflores",San Juan de Miraflores,Lima,Lima,150133,-12.161737,-76.982300,exact,web,https://www.tambo.pe/tiendas,to_verify,"Solo en la lista oficial (coordenadas oficiales); venta en línea desactivada en el sistema oficial (tienda nueva o cerrada)",2026-10-01
web-tambo-america,tambo,Tambo America,Tambo+ America,San Juan de Miraflores,Lima,Lima,150133,-12.184230,-76.975700,exact,web,https://www.tambo.pe/tiendas,verified,Solo en la lista oficial (coordenadas oficiales),2026-10-01
web-tambo-canevaro-2,tambo,Tambo Canevaro,Avenida César Canevaro 131,San Juan de Miraflores,Lima,Lima,150133,-12.170199,-76.968102,exact,web,https://www.tambo.pe/tiendas,to_verify,"Solo en la lista oficial (coordenadas oficiales); venta en línea desactivada en el sistema oficial (tienda nueva o cerrada)",2026-10-01
web-tambo-canevaro-3,tambo,Tambo Canevaro,Avenida César Canevaro 430,San Juan de Miraflores,Lima,Lima,150133,-12.164794,-76.969032,exact,web,https://www.tambo.pe/tiendas,verified,Solo en la lista oficial (coordenadas oficiales),2026-10-01
web-tambo-carranza,tambo,Tambo Carranza,"R2VH+F9M, San Juan de Miraflores",San Juan de Miraflores,Lima,Lima,150133,-12.156287,-76.971581,exact,web,https://www.tambo.pe/tiendas,to_verify,"Solo en la lista oficial (coordenadas oficiales); venta en línea desactivada en el sistema oficial (tienda nueva o cerrada)",2026-10-01
web-tambo-defensores,tambo,Tambo Defensores,Avenida Defensores de Lima 314,San Juan de Miraflores,Lima,Lima,150133,-12.144292,-76.973335,exact,web,https://www.tambo.pe/tiendas,verified,Solo en la lista oficial (coordenadas oficiales),2026-10-01
web-tambo-heroes,tambo,Tambo Heroes,Avenida los Héroes 171,San Juan de Miraflores,Lima,Lima,150133,-12.151058,-76.978691,exact,web,https://www.tambo.pe/tiendas,verified,Solo en la lista oficial (coordenadas oficiales),2026-10-01
web-tambo-heroes-2,tambo,Tambo Heroes,R2VM+6R2,San Juan de Miraflores,Lima,Lima,150133,-12.156987,-76.965485,exact,web,https://www.tambo.pe/tiendas,verified,Solo en la lista oficial (coordenadas oficiales),2026-10-01
web-tambo-iglesias,tambo,Tambo Iglesias,Avenida Miguel Iglesias 855,San Juan de Miraflores,Lima,Lima,150133,-12.161794,-76.959862,exact,web,https://www.tambo.pe/tiendas,verified,Solo en la lista oficial (coordenadas oficiales),2026-10-01
web-tambo-jazmines,tambo,Tambo Jazmines,TAMBO JAZMINES-SJM,San Juan de Miraflores,Lima,Lima,150133,-12.180863,-76.979218,exact,web,https://www.tambo.pe/tiendas,verified,Solo en la lista oficial (coordenadas oficiales),2026-10-01
web-tambo-lirios,tambo,Tambo Lirios,Los Lirios N°301,San Juan de Miraflores,Lima,Lima,150133,-12.152990,-76.982773,exact,web,https://www.tambo.pe/tiendas,to_verify,"Solo en la lista oficial (coordenadas oficiales); venta en línea desactivada en el sistema oficial (tienda nueva o cerrada); longitud oficial -76.982773 idéntica a la de ""TAMBO AYLLON-C20 - ATE"" (¿copiada?)",2026-10-01
web-tambo-lirios-2,tambo,Tambo Lirios,Tambo+ Lirios C-1,San Juan de Miraflores,Lima,Lima,150133,-12.150908,-76.980972,exact,web,https://www.tambo.pe/tiendas,verified,Solo en la lista oficial (coordenadas oficiales),2026-10-01
web-tambo-machuca,tambo,Tambo Machuca,Avenida Ramón Vargas Machuca 124,San Juan de Miraflores,Lima,Lima,150133,-12.166715,-76.977768,exact,web,https://www.tambo.pe/tiendas,verified,Solo en la lista oficial (coordenadas oficiales),2026-10-01
web-tambo-rivas,tambo,Tambo Rivas,Avenida Guillermo Billinghurst 773,San Juan de Miraflores,Lima,Lima,150133,-12.160188,-76.968208,exact,web,https://www.tambo.pe/tiendas,verified,Solo en la lista oficial (coordenadas oficiales),2026-10-01
web-tambo-san-juan,tambo,Tambo San Juan,Avenida San Juan 928,San Juan de Miraflores,Lima,Lima,150133,-12.158207,-76.973068,exact,web,https://www.tambo.pe/tiendas,verified,Solo en la lista oficial (coordenadas oficiales),2026-10-01
web-tambo-san-juan-de-miraflores-av-cesar-canevaro-604,tambo,Tambo San Juan de Miraflores - Av. César Canevaro 604,Av. César Canevaro 604,San Juan de Miraflores,Lima,Lima,150133,-12.169485,-76.968481,approx,web,https://www.peru-retail.com/tambo-inaugura-20-nuevas-tiendas-y-supera-las-900-a-nivel-nacional-donde-estan-sus-nuevos-locales/,to_verify,"Geocodificada a partir de la dirección oficial (Nominatim, a nivel de calle: Avenida César Canevaro, Valle de Sharon, San Juan de Miraflores); reportada por la prensa; no figura en la lista oficial; posible duplicado de web-tambo-canevaro-2 ""Tambo Canevaro"" (a 89 m)",2026-10-01
web-tambo-san-juan-de-miraflores-av-guillermo-billinghurst,tambo,Tambo San Juan de Miraflores - Av. Guillermo Billinghurst 1089,"Av. Guillermo Billinghurst 1089, Urb. San Juan",San Juan de Miraflores,Lima,Lima,150133,-12.160975,-76.966766,approx,web,https://www.peru-retail.com/tambo-inaugura-16-nuevas-tiendas-y-queda-cerca-de-alcanzar-los-900-locales-a-nivel-nacional/,to_verify,"Geocodificada a partir de la dirección oficial (Nominatim, a nivel de calle: Avenida Guillermo Billinghurst, San Antonio de Padua, San Juan de Miraflores); reportada por la prensa; no figura en la lista oficial",2026-10-01
web-tambo-san-juan-de-miraflores-mz-o-lt-17,tambo,Tambo San Juan de Miraflores - Mz. O Lt. 17,"Mz. O Lt. 17, Urb. Magisterial Amauta",San Juan de Miraflores,Lima,Lima,150133,-12.160812,-76.980623,approx,web,https://www.peru-retail.com/tambo-suma-23-nuevos-locales-en-junio-y-queda-cerca-de-alcanzar-900-tiendas-a-nivel-nacional/,to_verify,"Geocodificada a partir de la dirección oficial (Nominatim, a nivel de barrio: Urbanización Magisterial Amauta, San Juan de Miraflores, Lima); reportada por la prensa; no figura en la lista oficial",2026-10-01
web-tambo-sanjuan-2,tambo,Tambo Sanjuan,Avenida San Juan 755,San Juan de Miraflores,Lima,Lima,150133,-12.161215,-76.973366,exact,web,https://www.tambo.pe/tiendas,verified,Solo en la lista oficial (coordenadas oficiales),2026-10-01
web-tambo-tupacamaru-5,tambo,Tambo Tupacamaru,Avenida San Juan 799,San Juan de Miraflores,Lima,Lima,150133,-12.159001,-76.958603,exact,web,https://www.tambo.pe/tiendas,verified,Solo en la lista oficial (coordenadas oficiales),2026-10-01
osm-n4768785321,tambo,Tambo Circunvalacion,Avenida Circunvalación 2496,San Luis,Lima,Lima,150134,-12.077761,-76.989484,exact,osm,n4768785321,verified,También en la lista oficial,2026-10-01
web-tambo-nieto,tambo,Tambo Nieto,Avenida Circunvalación 2037,San Luis,Lima,Lima,150134,-12.072747,-76.992493,exact,web,https://www.tambo.pe/tiendas,verified,Solo en la lista oficial (coordenadas oficiales),2026-10-01
web-tambo-rosatoro,tambo,Tambo Rosatoro,Avenida Agustín de la Rosa Toro 1013,San Luis,Lima,Lima,150134,-12.081149,-76.993324,exact,web,https://www.tambo.pe/tiendas,verified,Solo en la lista oficial (coordenadas oficiales),2026-10-01
web-tambo-rosatoro-2,tambo,Tambo Rosatoro,Avenida Agustín de la Rosa Toro 431,San Luis,Lima,Lima,150134,-12.073960,-76.996696,exact,web,https://www.tambo.pe/tiendas,verified,Solo en la lista oficial (coordenadas oficiales),2026-10-01
web-tambo-san-luis-sanluis-2,tambo,Tambo San Luis Sanluis,Avenida San Luis 971,San Luis,Lima,Lima,150134,-12.076316,-76.999992,exact,web,https://www.tambo.pe/tiendas,verified,Solo en la lista oficial (coordenadas oficiales),2026-10-01
web-tambo-sanjuan,tambo,Tambo Sanjuan,Avenida San Juan 603,San Luis,Lima,Lima,150134,-12.076067,-77.004295,exact,web,https://www.tambo.pe/tiendas,verified,Solo en la lista oficial (coordenadas oficiales),2026-10-01
web-tambo-12deoctubre,tambo,Tambo 12DEOCTUBRE,Avenida 12 de Octubre 1611,San Martín de Porres,Lima,Lima,150135,-12.009359,-77.087883,exact,web,https://www.tambo.pe/tiendas,verified,Solo en la lista oficial (coordenadas oficiales),2026-10-01
web-tambo-12deoctubre-2,tambo,Tambo 12DEOCTUBRE 2,"K, San Martín de Porres 15108",San Martín de Porres,Lima,Lima,150135,-11.998729,-77.092354,exact,web,https://www.tambo.pe/tiendas,verified,Solo en la lista oficial (coordenadas oficiales),2026-10-01
web-tambo-alisos,tambo,Tambo Alisos,2W87+WMF,San Martín de Porres,Lima,Lima,150135,-11.982688,-77.085831,exact,web,https://www.tambo.pe/tiendas,verified,Solo en la lista oficial (coordenadas oficiales),2026-10-01
web-tambo-cantacallao-2,tambo,Tambo Cantacallao,Tambo+ Canta Callao,San Martín de Porres,Lima,Lima,150135,-11.996127,-77.112389,exact,web,https://www.tambo.pe/tiendas,verified,Solo en la lista oficial (coordenadas oficiales),2026-10-01
web-tambo-cantacallao-vdr,tambo,Tambo Cantacallao Vdr,Tambo+ Canta Callao VDR,San Martín de Porres,Lima,Lima,150135,-11.978451,-77.092827,exact,web,https://www.tambo.pe/tiendas,verified,Solo en la lista oficial (coordenadas oficiales),2026-10-01
web-tambo-dominicos2,tambo,Tambo DOMINICOS2,AV LOS DOMINICOS,San Martín de Porres,Lima,Lima,150135,-11.990776,-77.106812,exact,web,https://www.tambo.pe/tiendas,verified,Solo en la lista oficial (coordenadas oficiales),2026-10-01
web-tambo-habich,tambo,Tambo Habich,Avenida Eduardo de Habich 197,San Martín de Porres,Lima,Lima,150135,-12.024770,-77.051765,exact,web,https://www.tambo.pe/tiendas,to_verify,"Solo en la lista oficial (coordenadas oficiales); venta en línea desactivada en el sistema oficial (tienda nueva o cerrada); longitud oficial -77.051765 idéntica a la de ""TAMBO UNGER-C7-SMP"" (¿copiada?)",2026-10-01
web-tambo-habich-2,tambo,Tambo Habich,Avenida Eduardo de Habich 526,San Martín de Porres,Lima,Lima,150135,-12.027359,-77.056297,exact,web,https://www.tambo.pe/tiendas,verified,Solo en la lista oficial (coordenadas oficiales),2026-10-01
web-tambo-hdelgado,tambo,Tambo Hdelgado,Avenida Honorio Delgado 273,San Martín de Porres,Lima,Lima,150135,-12.022259,-77.054489,exact,web,https://www.tambo.pe/tiendas,verified,Solo en la lista oficial (coordenadas oficiales),2026-10-01
web-tambo-josegranda,tambo,Tambo Josegranda,Avenida José Granda 3439,San Martín de Porres,Lima,Lima,150135,-12.023088,-77.082901,exact,web,https://www.tambo.pe/tiendas,verified,Solo en la lista oficial (coordenadas oficiales),2026-10-01
web-tambo-losolivos,tambo,Tambo Losolivos,2W76+F2G,San Martín de Porres,Lima,Lima,150135,-11.986313,-77.089920,exact,web,https://www.tambo.pe/tiendas,verified,Solo en la lista oficial (coordenadas oficiales),2026-10-01
web-tambo-losolivos-2,tambo,Tambo Losolivos,"2W97+WPC, San Martín de Porres 15109",San Martín de Porres,Lima,Lima,150135,-11.980375,-77.085236,exact,web,https://www.tambo.pe/tiendas,to_verify,"Solo en la lista oficial (coordenadas oficiales); venta en línea desactivada en el sistema oficial (tienda nueva o cerrada)",2026-10-01
web-tambo-losolivos2,tambo,Tambo LOSOLIVOS2,2W82+8MQ,San Martín de Porres,Lima,Lima,150135,-11.984162,-77.098267,exact,web,https://www.tambo.pe/tiendas,verified,Solo en la lista oficial (coordenadas oficiales),2026-10-01
web-tambo-mavil,tambo,Tambo Mavil,Tambo+ Mavil,San Martín de Porres,Lima,Lima,150135,-11.973626,-77.088661,exact,web,https://www.tambo.pe/tiendas,verified,Solo en la lista oficial (coordenadas oficiales),2026-10-01
web-tambo-mendiola,tambo,Tambo Mendiola,Avenida Alfredo Mendiola 1628,San Martín de Porres,Lima,Lima,150135,-12.010792,-77.060387,exact,web,https://www.tambo.pe/tiendas,verified,Solo en la lista oficial (coordenadas oficiales),2026-10-01
web-tambo-mendiola-2,tambo,Tambo Mendiola,Avenida Alfredo Mendiola 501,San Martín de Porres,Lima,Lima,150135,-12.025855,-77.058899,exact,web,https://www.tambo.pe/tiendas,verified,Solo en la lista oficial (coordenadas oficiales),2026-10-01
web-tambo-olivos,tambo,Tambo Olivos,Tambo+ Olivos-SMP,San Martín de Porres,Lima,Lima,150135,-11.987702,-77.084190,exact,web,https://www.tambo.pe/tiendas,to_verify,"Solo en la lista oficial (coordenadas oficiales); venta en línea desactivada en el sistema oficial (tienda nueva o cerrada)",2026-10-01
web-tambo-pastorbravo,tambo,Tambo Pastorbravo,XX93+QWQ,San Martín de Porres,Lima,Lima,150135,-12.030538,-77.045143,exact,web,https://www.tambo.pe/tiendas,verified,Solo en la lista oficial (coordenadas oficiales),2026-10-01
osm-n9824110436,tambo,Tambo Peru,Avenida Perú 2233,San Martín de Porres,Lima,Lima,150135,-12.032009,-77.069475,exact,osm,n9824110436,verified,También en la lista oficial,2026-10-01
web-tambo-peru,tambo,Tambo Peru,Avenida Perú 1778,San Martín de Porres,Lima,Lima,150135,-12.032012,-77.064568,exact,web,https://www.tambo.pe/tiendas,to_verify,"Solo en la lista oficial (coordenadas oficiales); venta en línea desactivada en el sistema oficial (tienda nueva o cerrada)",2026-10-01
web-tambo-peru-2,tambo,Tambo Peru,Avenida Perú 3649,San Martín de Porres,Lima,Lima,150135,-12.030992,-77.087234,exact,web,https://www.tambo.pe/tiendas,verified,Solo en la lista oficial (coordenadas oficiales),2026-10-01
web-tambo-peru-2-2,tambo,Tambo Peru 2,Avenida Perú 2250,San Martín de Porres,Lima,Lima,150135,-12.031577,-77.068985,exact,web,https://www.tambo.pe/tiendas,verified,Solo en la lista oficial (coordenadas oficiales),2026-10-01
osm-n5535114071,tambo,Tambo Plaza Norte,XWRW+WC2,San Martín de Porres,Lima,Lima,150135,-12.007789,-77.054002,exact,osm,n5535114071,verified,También en la lista oficial,2026-10-01
web-tambo-puente-camote,tambo,Tambo Puente Camote,Avenida Carlos Izaguirre mz A,San Martín de Porres,Lima,Lima,150135,-11.989821,-77.097038,exact,web,https://www.tambo.pe/tiendas,to_verify,"Solo en la lista oficial (coordenadas oficiales); longitud oficial -77.097038 idéntica a la de ""TAMBO GRAU-C4-BELLAVISTA - BELLAVISTA"" (¿copiada?)",2026-10-01
web-tambo-san-diego,tambo,Tambo San Diego,Avenida Santísima Cruz 243,San Martín de Porres,Lima,Lima,150135,-11.945013,-77.087837,exact,web,https://www.tambo.pe/tiendas,to_verify,"Solo en la lista oficial (coordenadas oficiales); venta en línea desactivada en el sistema oficial (tienda nueva o cerrada)",2026-10-01
web-tambo-san-german,tambo,Tambo San German,Avenida Universitaria 709,San Martín de Porres,Lima,Lima,150135,-12.019216,-77.076477,exact,web,https://www.tambo.pe/tiendas,verified,Solo en la lista oficial (coordenadas oficiales),2026-10-01
web-tambo-san-martin-de-porres-av-alfredo-mendiola-900,tambo,Tambo San Martín de Porres - Av. Alfredo Mendiola 900,"Av. Alfredo Mendiola 900, Urb. Palao",San Martín de Porres,Lima,Lima,150135,-12.020522,-77.059426,approx,web,https://www.peru-retail.com/tambo-inaugura-20-nuevas-tiendas-y-supera-las-900-a-nivel-nacional-donde-estan-sus-nuevos-locales/,to_verify,"Control de numeración: el punto de calle que dio Nominatim (Avenida Alfredo Mendiola, Zarumilla Derecha, Urbanización Ingeniería) quedaba a 1.1 km del n.º 900; posición interpolada entre el n.º 501 (TAMBO MENDIOLA-C5-SMP (coordenadas oficiales)) y el n.º 1628 (TAMBO MENDIOLA-C16 - SMP (coordenadas oficiales)) de la misma calle; reportada por la prensa; no figura en la lista oficial",2026-10-01
web-tambo-san-martin-de-porres-av-san-jose,tambo,Tambo San Martín de Porres - Av. San José,"Av. San José, Mz. A, Lt. 09, Urb. Los Girasoles de Naranjal",San Martín de Porres,Lima,Lima,150135,-11.976398,-77.098744,approx,web,https://www.peru-retail.com/tambo-inaugura-16-nuevas-tiendas-y-queda-cerca-de-alcanzar-los-900-locales-a-nivel-nacional/,to_verify,"Geocodificada a partir de la dirección oficial (Nominatim, a nivel de calle: Avenida San José, Naranjal, San Martín de Porres); reportada por la prensa; no figura en la lista oficial",2026-10-01
web-tambo-tantamayo,tambo,Tambo Tantamayo,Avenida Tantamayo,San Martín de Porres,Lima,Lima,150135,-11.962029,-77.094414,exact,web,https://www.tambo.pe/tiendas,verified,"Solo en la lista oficial (coordenadas oficiales); la prensa también reportó ""Tambo San Martín de Porres - Av. Tantamayo"" (Av. Tantamayo, Mz. A Lt. 18, Urb. Nuevo San Antonio, apertura en junio de 2026; https://www.peru-retail.com/tambo-suma-23-nuevos-locales-en-junio-y-queda-cerca-de-alcanzar-900-tiendas-a-nivel-nacional/): probablemente es esta misma tienda, por eso no va como fila aparte",2026-10-01
web-tambo-tomasvalle,tambo,Tambo Tomasvalle,Avenida Tomás Valle 2004,San Martín de Porres,Lima,Lima,150135,-12.012706,-77.083107,exact,web,https://www.tambo.pe/tiendas,verified,Solo en la lista oficial (coordenadas oficiales),2026-10-01
osm-n9342094617,tambo,Tambo Unger,Avenida Gerardo Unger 303,San Martín de Porres,Lima,Lima,150135,-12.023265,-77.050402,exact,osm,n9342094617,verified,"También en la lista oficial; venta en línea desactivada en el sistema oficial (tienda nueva o cerrada)",2026-10-01
web-tambo-unger-2,tambo,Tambo Unger,"XWJX+V7Q, San Martín de Porres",San Martín de Porres,Lima,Lima,150135,-12.017788,-77.051765,exact,web,https://www.tambo.pe/tiendas,to_verify,"Solo en la lista oficial (coordenadas oficiales); venta en línea desactivada en el sistema oficial (tienda nueva o cerrada); longitud oficial -77.051765 idéntica a la de ""TAMBO TDA HABICH - SMP"" (¿copiada?)",2026-10-01
web-tambo-universitaria-2,tambo,Tambo Universitaria,Avenida Universitaria 1915,San Martín de Porres,Lima,Lima,150135,-12.006055,-77.082832,exact,web,https://www.tambo.pe/tiendas,verified,Solo en la lista oficial (coordenadas oficiales),2026-10-01
web-tambo-villaverde,tambo,Tambo Villaverde,XWPG+8JF,San Martín de Porres,Lima,Lima,150135,-12.014188,-77.073456,exact,web,https://www.tambo.pe/tiendas,verified,Solo en la lista oficial (coordenadas oficiales),2026-10-01
web-tambo-ayacucho-3,tambo,Tambo Ayacucho,WW7G+Q33,San Miguel,Lima,Lima,150136,-12.085612,-77.074829,exact,web,https://www.tambo.pe/tiendas,to_verify,"Solo en la lista oficial (coordenadas oficiales); venta en línea desactivada en el sistema oficial (tienda nueva o cerrada)",2026-10-01
web-tambo-bertolotto,tambo,Tambo Bertolotto,Avenida Bertolotto 720,San Miguel,Lima,Lima,150136,-12.091611,-77.082603,exact,web,https://www.tambo.pe/tiendas,verified,Solo en la lista oficial (coordenadas oficiales),2026-10-01
osm-n12877555307,tambo,Tambo Brigida,Avenida Brigida Silva de Ochoa 114,San Miguel,Lima,Lima,150136,-12.084075,-77.089755,exact,osm,n12877555307,verified,También en la lista oficial,2026-10-01
web-tambo-brigida,tambo,Tambo Brigida,Avenida Brigida Silva de Ochoa 184,San Miguel,Lima,Lima,150136,-12.082854,-77.089180,exact,web,https://www.tambo.pe/tiendas,verified,Solo en la lista oficial (coordenadas oficiales),2026-10-01
web-tambo-costanera,tambo,Tambo Costanera,Avenida Costanera 1070,San Miguel,Lima,Lima,150136,-12.086800,-77.093796,exact,web,https://www.tambo.pe/tiendas,verified,Solo en la lista oficial (coordenadas oficiales),2026-10-01
web-tambo-escardo,tambo,Tambo Escardo,Avenida Rafael Escardó 654,San Miguel,Lima,Lima,150136,-12.074498,-77.091881,exact,web,https://www.tambo.pe/tiendas,verified,Solo en la lista oficial (coordenadas oficiales),2026-10-01
osm-n5502387529,tambo,Tambo Faucett,Avenida Elmer Faucett 500,San Miguel,Lima,Lima,150136,-12.064734,-77.097003,exact,osm,n5502387529,verified,"También en la lista oficial; longitud oficial -77.096992 idéntica a la de ""TAMBO CHOCANO - CALLAO"" (¿copiada?); la prensa también reportó ""Tambo Lima - Av. Elmer Faucett 582"" (Av. Elmer Faucett 582, apertura en junio de 2026; https://www.peru-retail.com/tambo-suma-23-nuevos-locales-en-junio-y-queda-cerca-de-alcanzar-900-tiendas-a-nivel-nacional/): probablemente es esta misma tienda, por eso no va como fila aparte",2026-10-01
web-tambo-faucett,tambo,Tambo Faucett,WWH2+CJ9,San Miguel,Lima,Lima,150136,-12.071463,-77.098389,exact,web,https://www.tambo.pe/tiendas,to_verify,"Solo en la lista oficial (coordenadas oficiales); longitud oficial -77.098389 idéntica a la de ""TAMBO VENEZUELA-C50 - SAN MIGUEL"" (¿copiada?)",2026-10-01
web-tambo-gallese,tambo,Tambo Gallese,Jirón Federico Gallese Taricchi 930,San Miguel,Lima,Lima,150136,-12.089851,-77.083992,exact,web,https://www.tambo.pe/tiendas,verified,Solo en la lista oficial (coordenadas oficiales),2026-10-01
web-tambo-insurgentes,tambo,Tambo Insurgentes,Avenida los Insurgentes 750,San Miguel,Lima,Lima,150136,-12.067657,-77.103828,exact,web,https://www.tambo.pe/tiendas,to_verify,"Solo en la lista oficial (coordenadas oficiales); venta en línea desactivada en el sistema oficial (tienda nueva o cerrada)",2026-10-01
osm-w436455859,tambo,Tambo La Marina,Avenida de la Marina 2997,San Miguel,Lima,Lima,150136,-12.077939,-77.092410,exact,osm,w436455859,verified,"También en la lista oficial; coordenadas oficiales a 450 m",2026-10-01
web-tambo-lapaz,tambo,Tambo Lapaz,Avenida La Paz 811,San Miguel,Lima,Lima,150136,-12.086916,-77.090614,exact,web,https://www.tambo.pe/tiendas,verified,Solo en la lista oficial (coordenadas oficiales),2026-10-01
osm-n5502378985,tambo,Tambo Libertad,Avenida Rafael Escardó 115,San Miguel,Lima,Lima,150136,-12.082764,-77.095986,exact,osm,n5502378985,verified,"También en la lista oficial; la prensa también reportó ""Tambo San Miguel - Av. Libertad"" (Av. Libertad, Mz. J, Lt. 22, Urb. Maranga, apertura en julio de 2026; https://www.peru-retail.com/tambo-inaugura-16-nuevas-tiendas-y-queda-cerca-de-alcanzar-los-900-locales-a-nivel-nacional/): probablemente es esta misma tienda, por eso no va como fila aparte",2026-10-01
osm-w726986934,tambo,Tambo Limasm,Avenida Lima 701,San Miguel,Lima,Lima,150136,-12.088481,-77.080887,exact,osm,w726986934,verified,También en la lista oficial,2026-10-01
web-tambo-marina-2,tambo,Tambo Marina,Avenida de la Marina 3289,San Miguel,Lima,Lima,150136,-12.074850,-77.099411,exact,web,https://www.tambo.pe/tiendas,verified,Solo en la lista oficial (coordenadas oficiales),2026-10-01
web-tambo-pando,tambo,Tambo Pando,Avenida Universitaria 728,San Miguel,Lima,Lima,150136,-12.081512,-77.082108,exact,web,https://www.tambo.pe/tiendas,verified,Solo en la lista oficial (coordenadas oficiales),2026-10-01
web-tambo-patriotas,tambo,Tambo Patriotas,Avenida de los Patriotas 394,San Miguel,Lima,Lima,150136,-12.076886,-77.098007,exact,web,https://www.tambo.pe/tiendas,verified,Solo en la lista oficial (coordenadas oficiales),2026-10-01
web-tambo-pq-leyendas,tambo,Tambo Pq Leyendas,Avenida Parque de las Leyendas 258,San Miguel,Lima,Lima,150136,-12.076228,-77.087914,exact,web,https://www.tambo.pe/tiendas,to_verify,"Solo en la lista oficial (coordenadas oficiales); latitud oficial -12.076228 idéntica a la de ""TAMBO TDA PARACAS - ATE"" (¿copiada?)",2026-10-01
web-tambo-precursores,tambo,Tambo Precursores,WWH5+CRR,San Miguel,Lima,Lima,150136,-12.071387,-77.090485,exact,web,https://www.tambo.pe/tiendas,verified,Solo en la lista oficial (coordenadas oficiales),2026-10-01
osm-n4332507080,tambo,Tambo Strip de Paso,Tambo+ Tda. Strip de Paso,San Miguel,Lima,Lima,150136,-12.074323,-77.079461,exact,osm,n4332507080,verified,También en la lista oficial,2026-10-01
web-tambo-tacna-sanmiguel,tambo,Tambo Tacna Sanmiguel,WW5C+X6J,San Miguel,Lima,Lima,150136,-12.090037,-77.079483,exact,web,https://www.tambo.pe/tiendas,verified,Solo en la lista oficial (coordenadas oficiales),2026-10-01
osm-n10966498938,tambo,Tambo Universitaria,Avenida Universitaria 2033,San Miguel,Lima,Lima,150136,-12.063582,-77.078593,exact,osm,n10966498938,verified,También en la lista oficial,2026-10-01
web-tambo-universitaria-sanmiguel,tambo,Tambo Universitaria Sanmiguel,"WW88+JVF, San Miguel",San Miguel,Lima,Lima,150136,-12.083438,-77.082825,exact,web,https://www.tambo.pe/tiendas,to_verify,"Solo en la lista oficial (coordenadas oficiales); venta en línea desactivada en el sistema oficial (tienda nueva o cerrada)",2026-10-01
web-tambo-uptown,tambo,Tambo Uptown,Calle Padre Urraca 135,San Miguel,Lima,Lima,150136,-12.081480,-77.092026,exact,web,https://www.tambo.pe/tiendas,verified,Solo en la lista oficial (coordenadas oficiales),2026-10-01
web-tambo-venezuela-2,tambo,Tambo Venezuela,Avenida Venezuela 5021,San Miguel,Lima,Lima,150136,-12.063006,-77.098389,exact,web,https://www.tambo.pe/tiendas,to_verify,"Solo en la lista oficial (coordenadas oficiales); longitud oficial -77.098389 idéntica a la de ""TAMBO FAUCETT-C2 - SAN MIGUEL"" (¿copiada?)",2026-10-01
web-tambo-alondras,tambo,Tambo Alondras,Avenida las Alondras 297,Santa Anita,Lima,Lima,150137,-12.053700,-76.962898,exact,web,https://www.tambo.pe/tiendas,verified,Solo en la lista oficial (coordenadas oficiales),2026-10-01
web-tambo-bolognesi,tambo,Tambo Bolognesi,Avenida 7 de Junio 297,Santa Anita,Lima,Lima,150137,-12.048588,-76.972786,exact,web,https://www.tambo.pe/tiendas,verified,Solo en la lista oficial (coordenadas oficiales),2026-10-01
web-tambo-britanico-2,tambo,Tambo Britanico,Avenida Los Ruiseñores 213,Santa Anita,Lima,Lima,150137,-12.053488,-76.965454,exact,web,https://www.tambo.pe/tiendas,verified,Solo en la lista oficial (coordenadas oficiales),2026-10-01
web-tambo-colectora-stanita,tambo,Tambo Colectora Stanita,Av. 9 de Septiembre 370,Santa Anita,Lima,Lima,150137,-12.045858,-76.958252,exact,web,https://www.tambo.pe/tiendas,verified,Solo en la lista oficial (coordenadas oficiales),2026-10-01
web-tambo-eucaliptos,tambo,Tambo Eucaliptos,Avenida Francisco Bolognesi 1095 Urb,Santa Anita,Lima,Lima,150137,-12.045292,-76.974197,exact,web,https://www.tambo.pe/tiendas,verified,Solo en la lista oficial (coordenadas oficiales),2026-10-01
web-tambo-huarochiri,tambo,Tambo Huarochiri,"Av. Metropolitana, 15011",Santa Anita,Lima,Lima,150137,-12.037673,-76.954010,exact,web,https://www.tambo.pe/tiendas,verified,Solo en la lista oficial (coordenadas oficiales),2026-10-01
web-tambo-loschancas-santaanita,tambo,Tambo Loschancas Santaanita,X25J+X45,Santa Anita,Lima,Lima,150137,-12.040112,-76.969643,exact,web,https://www.tambo.pe/tiendas,verified,Solo en la lista oficial (coordenadas oficiales),2026-10-01
osm-w595587026,tambo,Tambo Marabu,Pj 115,Santa Anita,Lima,Lima,150137,-12.053753,-76.964678,exact,osm,w595587026,verified,También en la lista oficial,2026-10-01
osm-w562790936,tambo,Tambo Ruisenores,A,Santa Anita,Lima,Lima,150137,-12.043598,-76.970195,exact,osm,w562790936,verified,También en la lista oficial,2026-10-01
web-tambo-ruisenores2,tambo,Tambo RUISENORES2,Avenida Los Ruiseñores,Santa Anita,Lima,Lima,150137,-12.046707,-76.968567,exact,web,https://www.tambo.pe/tiendas,verified,Solo en la lista oficial (coordenadas oficiales),2026-10-01
web-tambo-vallejo-2,tambo,Tambo Vallejo,Avenida César Vallejo Nº 420,Santa Anita,Lima,Lima,150137,-12.044260,-76.978699,exact,web,https://www.tambo.pe/tiendas,verified,Solo en la lista oficial (coordenadas oficiales),2026-10-01
web-tambo-santarosa-2,tambo,Tambo Santarosa,Santa Rosa,Santa Rosa,Lima,Lima,150139,-11.806213,-77.161110,exact,web,https://www.tambo.pe/tiendas,verified,Solo en la lista oficial (coordenadas oficiales),2026-10-01
web-tambo-aldebaran,tambo,Tambo Aldebaran,Jiron Aldebarán 104,Santiago de Surco,Lima,Lima,150140,-12.104696,-76.965530,exact,web,https://www.tambo.pe/tiendas,verified,Solo en la lista oficial (coordenadas oficiales),2026-10-01
web-tambo-allende-2,tambo,Tambo Allende,V25G+646,Santiago de Surco,Lima,Lima,150140,-12.141962,-76.974731,exact,web,https://www.tambo.pe/tiendas,verified,Solo en la lista oficial (coordenadas oficiales),2026-10-01
web-tambo-astete,tambo,Tambo Astete,Jirón Ismael Bielich Flores 400,Santiago de Surco,Lima,Lima,150140,-12.134335,-76.989861,exact,web,https://www.tambo.pe/tiendas,verified,Solo en la lista oficial (coordenadas oficiales),2026-10-01
web-tambo-aviacion-2,tambo,Tambo Aviacion,Avenida Aviación 4991,Santiago de Surco,Lima,Lima,150140,-12.125763,-76.999557,exact,web,https://www.tambo.pe/tiendas,verified,Solo en la lista oficial (coordenadas oficiales),2026-10-01
web-tambo-ayacucho,tambo,Tambo Ayacucho,Avenida Ayacucho 1020,Santiago de Surco,Lima,Lima,150140,-12.135167,-76.997414,exact,web,https://www.tambo.pe/tiendas,verified,Solo en la lista oficial (coordenadas oficiales),2026-10-01
web-tambo-ayacucho-2,tambo,Tambo Ayacucho,Avenida Ayacucho 1355,Santiago de Surco,Lima,Lima,150140,-12.132392,-76.995232,exact,web,https://www.tambo.pe/tiendas,verified,Solo en la lista oficial (coordenadas oficiales),2026-10-01
osm-n13618986903,tambo,Tambo Benavides,Avenida Alfredo Benavides 3659,Santiago de Surco,Lima,Lima,150140,-12.128411,-76.997407,exact,osm,n13618986903,verified,También en la lista oficial,2026-10-01
osm-n5012945556,tambo,Tambo Benavides,Avenida Alfredo Benavides 3882,Santiago de Surco,Lima,Lima,150140,-12.128629,-76.995078,exact,osm,n5012945556,verified,También en la lista oficial,2026-10-01
osm-w437990412,tambo,Tambo Benavides,Avenida Alfredo Benavides 5004,Santiago de Surco,Lima,Lima,150140,-12.128947,-76.984863,exact,osm,w437990412,verified,También en la lista oficial,2026-10-01
web-tambo-benavides-2,tambo,Tambo Benavides,Avenida Alfredo Benavides 2210,Santiago de Surco,Lima,Lima,150140,-12.127835,-77.009270,exact,web,https://www.tambo.pe/tiendas,verified,Solo en la lista oficial (coordenadas oficiales),2026-10-01
web-tambo-benavides-3,tambo,Tambo Benavides,Avenida Alfredo Benavides 4374,Santiago de Surco,Lima,Lima,150140,-12.128351,-76.991440,exact,web,https://www.tambo.pe/tiendas,verified,Solo en la lista oficial (coordenadas oficiales),2026-10-01
web-tambo-benavides-4,tambo,Tambo Benavides,Avenida Alfredo Benavides 5439,Santiago de Surco,Lima,Lima,150140,-12.130324,-76.979683,exact,web,https://www.tambo.pe/tiendas,verified,Solo en la lista oficial (coordenadas oficiales),2026-10-01
web-tambo-bolichera,tambo,Tambo Bolichera,Avenida Los Próceres 263,Santiago de Surco,Lima,Lima,150140,-12.149768,-76.987061,exact,web,https://www.tambo.pe/tiendas,verified,Solo en la lista oficial (coordenadas oficiales),2026-10-01
web-tambo-britanico,tambo,Tambo Britanico,Avenida Caminos del Inca 3551,Santiago de Surco,Lima,Lima,150140,-12.147501,-76.985420,exact,web,https://www.tambo.pe/tiendas,verified,Solo en la lista oficial (coordenadas oficiales),2026-10-01
web-tambo-c-inca,tambo,Tambo C Inca,Avenida Caminos del Inca 2519,Santiago de Surco,Lima,Lima,150140,-12.135983,-76.983788,exact,web,https://www.tambo.pe/tiendas,verified,Solo en la lista oficial (coordenadas oficiales),2026-10-01
web-tambo-calle-a,tambo,Tambo Calle a,Avenida Guardia Civil Sur 1035,Santiago de Surco,Lima,Lima,150140,-12.170318,-76.992073,exact,web,https://www.tambo.pe/tiendas,verified,Solo en la lista oficial (coordenadas oficiales),2026-10-01
osm-n13247315978,tambo,Tambo Camacho,Avenida Javier Prado Este 180,Santiago de Surco,Lima,Lima,150140,-12.082040,-76.967690,exact,osm,n13247315978,verified,También en la lista oficial,2026-10-01
web-tambo-caminos,tambo,Tambo Caminos,Avenida Caminos del Inca 1329,Santiago de Surco,Lima,Lima,150140,-12.123219,-76.985191,exact,web,https://www.tambo.pe/tiendas,verified,Solo en la lista oficial (coordenadas oficiales),2026-10-01
web-tambo-caminos-2,tambo,Tambo Caminos,Avenida Caminos del Inca 2138,Santiago de Surco,Lima,Lima,150140,-12.131942,-76.982819,exact,web,https://www.tambo.pe/tiendas,verified,Solo en la lista oficial (coordenadas oficiales),2026-10-01
web-tambo-caminos-3,tambo,Tambo Caminos,Avenida Caminos del Inca 228,Santiago de Surco,Lima,Lima,150140,-12.113669,-76.992393,exact,web,https://www.tambo.pe/tiendas,verified,Solo en la lista oficial (coordenadas oficiales),2026-10-01
web-tambo-castellana,tambo,Tambo Castellana,Paseo la Castellana 113,Santiago de Surco,Lima,Lima,150140,-12.129691,-77.001137,exact,web,https://www.tambo.pe/tiendas,verified,Solo en la lista oficial (coordenadas oficiales),2026-10-01
web-tambo-castilla-2,tambo,Tambo Castilla,Avenida Mariscal Ramón Castilla 1160,Santiago de Surco,Lima,Lima,150140,-12.135747,-77.006882,exact,web,https://www.tambo.pe/tiendas,to_verify,"Solo en la lista oficial (coordenadas oficiales); venta en línea desactivada en el sistema oficial (tienda nueva o cerrada); longitud oficial -77.006882 idéntica a la de ""TAMBO MATELLINI-C4-CHORRILLOS"" (¿copiada?)",2026-10-01
web-tambo-castilla-3,tambo,Tambo Castilla,Avenida Mariscal Ramón Castilla 152,Santiago de Surco,Lima,Lima,150140,-12.133916,-77.017593,exact,web,https://www.tambo.pe/tiendas,verified,Solo en la lista oficial (coordenadas oficiales),2026-10-01
web-tambo-casuarinas,tambo,Tambo Casuarinas,Avenida Las Casuarinas 112,Santiago de Surco,Lima,Lima,150140,-12.113420,-76.974319,exact,web,https://www.tambo.pe/tiendas,verified,Solo en la lista oficial (coordenadas oficiales),2026-10-01
web-tambo-cinerarias,tambo,Tambo Cinerarias,Calle Las Adelfas 296,Santiago de Surco,Lima,Lima,150140,-12.095265,-76.963631,exact,web,https://www.tambo.pe/tiendas,verified,Solo en la lista oficial (coordenadas oficiales),2026-10-01
web-tambo-circunvalacion,tambo,Tambo Circunvalacion,V29C+6Q9,Santiago de Surco,Lima,Lima,150140,-12.131963,-76.978012,exact,web,https://www.tambo.pe/tiendas,verified,Solo en la lista oficial (coordenadas oficiales),2026-10-01
osm-n13040290851,tambo,Tambo Clark,Jirón Guardia Civil Norte 414,Santiago de Surco,Lima,Lima,150140,-12.165535,-76.992287,exact,osm,n13040290851,verified,También en la lista oficial,2026-10-01
web-tambo-combatedeangamos,tambo,Tambo Combatedeangamos,VX5Q+7QM,Santiago de Surco,Lima,Lima,150140,-12.141788,-77.010574,exact,web,https://www.tambo.pe/tiendas,verified,Solo en la lista oficial (coordenadas oficiales),2026-10-01
web-tambo-combatedeangamos2,tambo,Tambo COMBATEDEANGAMOS2,VX5R+295,Santiago de Surco,Lima,Lima,150140,-12.142488,-77.009018,exact,web,https://www.tambo.pe/tiendas,verified,Solo en la lista oficial (coordenadas oficiales),2026-10-01
web-tambo-corbeta,tambo,Tambo Corbeta,Jirón Corbeta la Unión 292,Santiago de Surco,Lima,Lima,150140,-12.145038,-77.008110,exact,web,https://www.tambo.pe/tiendas,verified,Solo en la lista oficial (coordenadas oficiales),2026-10-01
web-tambo-corbeta-2,tambo,Tambo Corbeta,la Unión 111,Santiago de Surco,Lima,Lima,150140,-12.146163,-77.006966,exact,web,https://www.tambo.pe/tiendas,verified,Solo en la lista oficial (coordenadas oficiales),2026-10-01
web-tambo-derby,tambo,Tambo Derby,Avenida El Derby 260,Santiago de Surco,Lima,Lima,150140,-12.097804,-76.972916,exact,web,https://www.tambo.pe/tiendas,verified,Solo en la lista oficial (coordenadas oficiales),2026-10-01
web-tambo-elparque,tambo,Tambo Elparque,V236+J9W,Santiago de Surco,Lima,Lima,150140,-12.145887,-76.989044,exact,web,https://www.tambo.pe/tiendas,verified,Solo en la lista oficial (coordenadas oficiales),2026-10-01
web-tambo-elpolo,tambo,Tambo Elpolo,El Polo 514,Santiago de Surco,Lima,Lima,150140,-12.103618,-76.972458,exact,web,https://www.tambo.pe/tiendas,verified,Solo en la lista oficial (coordenadas oficiales),2026-10-01
osm-n6606177538,tambo,Tambo Elsol,Jirón El Sol 186,Santiago de Surco,Lima,Lima,150140,-12.147007,-76.990191,exact,osm,n6606177538,verified,También en la lista oficial,2026-10-01
web-tambo-encalada,tambo,Tambo Encalada,Avenida La Encalada 1145,Santiago de Surco,Lima,Lima,150140,-12.105211,-76.971062,exact,web,https://www.tambo.pe/tiendas,verified,Solo en la lista oficial (coordenadas oficiales),2026-10-01
web-tambo-encalada-2,tambo,Tambo Encalada,Jirón el Alamo 287,Santiago de Surco,Lima,Lima,150140,-12.108158,-76.971779,exact,web,https://www.tambo.pe/tiendas,verified,Solo en la lista oficial (coordenadas oficiales),2026-10-01
osm-n13040290505,tambo,Tambo Gaviotas,Jirón Las Gaviotas Mz A28 lt 9,Santiago de Surco,Lima,Lima,150140,-12.162697,-76.995682,exact,osm,n13040290505,verified,También en la lista oficial,2026-10-01
web-tambo-gaviotas2,tambo,Tambo GAVIOTAS2,TAMBO GAVIOTAS2,Santiago de Surco,Lima,Lima,150140,-12.164340,-76.996803,exact,web,https://www.tambo.pe/tiendas,verified,Solo en la lista oficial (coordenadas oficiales),2026-10-01
web-tambo-gcivilsur,tambo,Tambo Gcivilsur,Avenida Guardia Civil Sur 135,Santiago de Surco,Lima,Lima,150140,-12.163929,-76.990532,exact,web,https://www.tambo.pe/tiendas,verified,Solo en la lista oficial (coordenadas oficiales),2026-10-01
web-tambo-higuereta,tambo,Tambo Higuereta,Avenida Higuereta 612,Santiago de Surco,Lima,Lima,150140,-12.121089,-76.988472,exact,web,https://www.tambo.pe/tiendas,to_verify,"Solo en la lista oficial (coordenadas oficiales); longitud oficial -76.988472 idéntica a la de ""TAMBO TRIGAL - SURCO"" (¿copiada?)",2026-10-01
web-tambo-j-chavez,tambo,Tambo J Chavez,Avenida Jorge Chávez 1519,Santiago de Surco,Lima,Lima,150140,-12.150309,-77.006668,exact,web,https://www.tambo.pe/tiendas,verified,Solo en la lista oficial (coordenadas oficiales),2026-10-01
web-tambo-jchavez,tambo,Tambo Jchavez,Avenida Jorge Chávez,Santiago de Surco,Lima,Lima,150140,-12.145707,-77.013214,exact,web,https://www.tambo.pe/tiendas,verified,Solo en la lista oficial (coordenadas oficiales),2026-10-01
web-tambo-jchavez-2,tambo,Tambo Jchavez,Avenida Jorge Chávez 1015,Santiago de Surco,Lima,Lima,150140,-12.147358,-77.010956,exact,web,https://www.tambo.pe/tiendas,verified,Solo en la lista oficial (coordenadas oficiales),2026-10-01
web-tambo-jprado-2,tambo,Tambo Jprado,Avenida Javier Prado Este 3859,Santiago de Surco,Lima,Lima,150140,-12.084375,-76.979202,exact,web,https://www.tambo.pe/tiendas,verified,Solo en la lista oficial (coordenadas oficiales),2026-10-01
web-tambo-l-amorosa,tambo,Tambo L Amorosa,Loma Redonda 430,Santiago de Surco,Lima,Lima,150140,-12.139125,-76.988708,exact,web,https://www.tambo.pe/tiendas,verified,Solo en la lista oficial (coordenadas oficiales),2026-10-01
web-tambo-loslaureles,tambo,Tambo Loslaureles,V2FF+CMC,Santiago de Surco,Lima,Lima,150140,-12.126437,-76.975861,exact,web,https://www.tambo.pe/tiendas,verified,Solo en la lista oficial (coordenadas oficiales),2026-10-01
web-tambo-lozano,tambo,Tambo Lozano,V27F+RHF,Santiago de Surco,Lima,Lima,150140,-12.135438,-76.976082,exact,web,https://www.tambo.pe/tiendas,verified,Solo en la lista oficial (coordenadas oficiales),2026-10-01
web-tambo-montegrande,tambo,Tambo Montegrande,V2P5+XM5,Santiago de Surco,Lima,Lima,150140,-12.112613,-76.990768,exact,web,https://www.tambo.pe/tiendas,verified,Solo en la lista oficial (coordenadas oficiales),2026-10-01
web-tambo-monterosa,tambo,Tambo Monterosa,Calle Monte Rosa 218,Santiago de Surco,Lima,Lima,150140,-12.112204,-76.990395,exact,web,https://www.tambo.pe/tiendas,verified,Solo en la lista oficial (coordenadas oficiales),2026-10-01
web-tambo-monterosa-2,tambo,Tambo Monterosa,Tambo+ Monterosa,Santiago de Surco,Lima,Lima,150140,-12.112103,-76.991364,exact,web,https://www.tambo.pe/tiendas,verified,Solo en la lista oficial (coordenadas oficiales),2026-10-01
web-tambo-nazarenas,tambo,Tambo Nazarenas,Jirón Real 116,Santiago de Surco,Lima,Lima,150140,-12.131234,-76.987450,exact,web,https://www.tambo.pe/tiendas,verified,Solo en la lista oficial (coordenadas oficiales),2026-10-01
osm-n4778011921,tambo,Tambo Olguin,Avenida Manuel Olguín 211,Santiago de Surco,Lima,Lima,150140,-12.085475,-76.972989,exact,osm,n4778011921,verified,También en la lista oficial,2026-10-01
osm-n8086154955,tambo,Tambo Olguin,Avenida Manuel Olguín 327,Santiago de Surco,Lima,Lima,150140,-12.087922,-76.973267,exact,osm,n8086154955,verified,También en la lista oficial,2026-10-01
web-tambo-olguin,tambo,Tambo Olguin,Avenida Manuel Olguín 539,Santiago de Surco,Lima,Lima,150140,-12.091665,-76.973679,exact,web,https://www.tambo.pe/tiendas,verified,Solo en la lista oficial (coordenadas oficiales),2026-10-01
osm-w438913889,tambo,Tambo Pedroventuro,Avenida Pedro Venturo 444,Santiago de Surco,Lima,Lima,150140,-12.121690,-76.993316,exact,osm,w438913889,verified,También en la lista oficial,2026-10-01
web-tambo-primavera,tambo,Tambo Primavera,Avenida Primavera 1262,Santiago de Surco,Lima,Lima,150140,-12.110330,-76.975594,exact,web,https://www.tambo.pe/tiendas,verified,Solo en la lista oficial (coordenadas oficiales),2026-10-01
web-tambo-primavera-2,tambo,Tambo Primavera,Avenida Primavera 148,Santiago de Surco,Lima,Lima,150140,-12.111526,-76.992966,exact,web,https://www.tambo.pe/tiendas,verified,Solo en la lista oficial (coordenadas oficiales),2026-10-01
web-tambo-primavera-3,tambo,Tambo Primavera,Avenida Primavera 1816,Santiago de Surco,Lima,Lima,150140,-12.108030,-76.969063,exact,web,https://www.tambo.pe/tiendas,to_verify,"Solo en la lista oficial (coordenadas oficiales); venta en línea desactivada en el sistema oficial (tienda nueva o cerrada)",2026-10-01
web-tambo-proceres-4,tambo,Tambo Proceres,Tambo+ Próceres Surco,Santiago de Surco,Lima,Lima,150140,-12.160175,-76.988869,exact,web,https://www.tambo.pe/tiendas,verified,Solo en la lista oficial (coordenadas oficiales),2026-10-01
web-tambo-salguero,tambo,Tambo Salguero,Simón Salguero 480,Santiago de Surco,Lima,Lima,150140,-12.130506,-77.009224,exact,web,https://www.tambo.pe/tiendas,verified,Solo en la lista oficial (coordenadas oficiales),2026-10-01
web-tambo-sanclemente,tambo,Tambo Sanclemente,C&C clohes,Santiago de Surco,Lima,Lima,150140,-12.152966,-76.990631,exact,web,https://www.tambo.pe/tiendas,verified,Solo en la lista oficial (coordenadas oficiales),2026-10-01
web-tambo-santiago-de-surco-jr-aldebaran-594,tambo,Tambo Santiago de Surco - Jr. Aldebarán 594,Jr. Aldebarán 594,Santiago de Surco,Lima,Lima,150140,-12.104007,-76.967904,approx,web,https://www.peru-retail.com/tambo-amplia-su-presencia-con-18-nuevos-locales-donde-estan-ubicados-y-cuantos-acumula/,to_verify,"Geocodificada a partir de la dirección oficial (Nominatim, a nivel de calle: Jirón Aldebarán, Aldebaran, Monterrico); reportada por la prensa; no figura en la lista oficial",2026-10-01
osm-w561049817,tambo,Tambo Santiago de Surco - Jr. Batalla de Ayacucho 182,"Jr. Batalla de Ayacucho 182, Urb. Cercado",Santiago de Surco,Lima,Lima,150140,-12.145079,-77.004106,exact,osm,w561049817,verified,"También en la lista oficial; reportada por la prensa; no figura en la lista oficial; la lista oficial no trae coordenadas; emparejada a 71 m de su dirección geocodificada",2026-10-01
web-tambo-surco,tambo,Tambo Surco,V253+FX3,Santiago de Surco,Lima,Lima,150140,-12.141362,-76.995079,exact,web,https://www.tambo.pe/tiendas,to_verify,"Solo en la lista oficial (coordenadas oficiales); longitud oficial -76.995079 idéntica a la de ""TAMBO SAN LUIS-C24 - SANLUIS"" (¿copiada?)",2026-10-01
osm-n11983833849,tambo,Tambo T Marsano,Avenida Santiago de Surco 2851,Santiago de Surco,Lima,Lima,150140,-12.126795,-77.002277,exact,osm,n11983833849,verified,También en la lista oficial,2026-10-01
web-tambo-tinoco,tambo,Tambo Tinoco,Avenida Caminos del Inca 3160,Santiago de Surco,Lima,Lima,150140,-12.142785,-76.985329,exact,web,https://www.tambo.pe/tiendas,verified,Solo en la lista oficial (coordenadas oficiales),2026-10-01
web-tambo-tres,tambo,Tambo Tres,Las Tres Marías 186,Santiago de Surco,Lima,Lima,150140,-12.091306,-76.973053,exact,web,https://www.tambo.pe/tiendas,verified,Solo en la lista oficial (coordenadas oficiales),2026-10-01
osm-n5015135521,tambo,Tambo Trigal,Alameda del Arco Iris 118,Santiago de Surco,Lima,Lima,150140,-12.127575,-76.988356,exact,osm,n5015135521,verified,"También en la lista oficial; longitud oficial -76.988472 idéntica a la de ""TAMBO HIGUERETA-C6 - SURCO"" (¿copiada?)",2026-10-01
web-tambo-udelima2,tambo,Tambo UDELIMA2,Avenida Javier Prado Este 4565,Santiago de Surco,Lima,Lima,150140,-12.083579,-76.973473,exact,web,https://www.tambo.pe/tiendas,verified,Solo en la lista oficial (coordenadas oficiales),2026-10-01
osm-n12852193886,tambo,Tambo Angamos,Avenida Angamos Este 2562,Surquillo,Lima,Lima,150141,-12.112038,-77.001172,exact,osm,n12852193886,verified,También en la lista oficial,2026-10-01
osm-n13129928926,tambo,Tambo Angamos,Avenida Angamos Este 1256,Surquillo,Lima,Lima,150141,-12.113186,-77.018727,exact,osm,n13129928926,verified,"También en la lista oficial; longitud oficial -77.018669 idéntica a la de ""TAMBO JPRADO-C10 - LA VICTORIA"" (¿copiada?)",2026-10-01
osm-n14016403635,tambo,Tambo Angamos,Avenida Angamos Este 1901,Surquillo,Lima,Lima,150141,-12.112129,-77.010078,exact,osm,n14016403635,verified,También en la lista oficial,2026-10-01
osm-w437347281,tambo,Tambo Angamos,Avenida Angamos Este 1001,Surquillo,Lima,Lima,150141,-12.112940,-77.021185,exact,osm,w437347281,verified,También en la lista oficial,2026-10-01
osm-n4352914982,tambo,Tambo Aviacion,Avenida Aviación,Surquillo,Lima,Lima,150141,-12.114303,-76.999351,exact,osm,n4352914982,verified,También en la lista oficial,2026-10-01
web-tambo-bernales,tambo,Tambo Bernales,Avenida Sergio Bernales 456,Surquillo,Lima,Lima,150141,-12.117762,-77.014252,exact,web,https://www.tambo.pe/tiendas,verified,Solo en la lista oficial (coordenadas oficiales),2026-10-01
web-tambo-dante,tambo,Tambo Dante,Jirón Dante 875,Surquillo,Lima,Lima,150141,-12.112461,-77.023483,exact,web,https://www.tambo.pe/tiendas,verified,Solo en la lista oficial (coordenadas oficiales),2026-10-01
osm-n13710282186,tambo,Tambo Marsano,Avenida Tomas Marsano 194,Surquillo,Lima,Lima,150141,-12.105392,-77.018101,exact,osm,n13710282186,verified,También en la lista oficial,2026-10-01
osm-n9210350152,tambo,Tambo Marsano,Avenida Tomás Marsano 1529,Surquillo,Lima,Lima,150141,-12.117851,-77.008289,exact,osm,n9210350152,verified,También en la lista oficial,2026-10-01
osm-n13717527125,tambo,Tambo Negocios,Avenida República de Panamá 3990,Surquillo,Lima,Lima,150141,-12.104230,-77.018865,exact,osm,n13717527125,verified,También en la lista oficial,2026-10-01
osm-n12614290877,tambo,Tambo Orue,Avenida Domingo Orué 473,Surquillo,Lima,Lima,150141,-12.107230,-77.023119,exact,osm,n12614290877,verified,También en la lista oficial,2026-10-01
web-tambo-orue,tambo,Tambo Orue,Avenida Domingo Orué 798,Surquillo,Lima,Lima,150141,-12.106340,-77.020012,exact,web,https://www.tambo.pe/tiendas,verified,Solo en la lista oficial (coordenadas oficiales),2026-10-01
web-tambo-panama,tambo,Tambo Panama,Avenida República de Panamá 4502,Surquillo,Lima,Lima,150141,-12.109922,-77.018692,exact,web,https://www.tambo.pe/tiendas,verified,Solo en la lista oficial (coordenadas oficiales),2026-10-01
osm-n13697073413,tambo,Tambo Primavera,Avenida Primavera 2600,Surquillo,Lima,Lima,150141,-12.111751,-76.997064,exact,osm,n13697073413,to_verify,"Solo en OSM; elemento OSM v2, última edición el 2026-05-29",2026-10-01
osm-n13201902004,tambo,Tambo Principal,Avenida Principal 978,Surquillo,Lima,Lima,150141,-12.120544,-77.003934,exact,osm,n13201902004,verified,"También en la lista oficial; longitud oficial -77.003906 idéntica a la de ""TAMBO-MORELLI-SAN BORJA"" (¿copiada?)",2026-10-01
osm-w807068675,tambo,Tambo Principal,Avenida Principal 567,Surquillo,Lima,Lima,150141,-12.117371,-77.005617,exact,osm,w807068675,verified,También en la lista oficial,2026-10-01
web-tambo-principal,tambo,Tambo Principal,Avenida Principal 433,Surquillo,Lima,Lima,150141,-12.115581,-77.006783,exact,web,https://www.tambo.pe/tiendas,verified,Solo en la lista oficial (coordenadas oficiales),2026-10-01
web-tambo-rpalma-2,tambo,Tambo Rpalma,Avenida Ricardo Palma 439,Surquillo,Lima,Lima,150141,-12.119583,-77.024338,exact,web,https://www.tambo.pe/tiendas,verified,Solo en la lista oficial (coordenadas oficiales),2026-10-01
osm-w1282997546,tambo,Tambo Villaran,Avenida Manuel Villarán 972-988,Surquillo,Lima,Lima,150141,-12.120729,-77.001896,exact,osm,w1282997546,verified,También en la lista oficial,2026-10-01
web-tambo-1demayo,tambo,Tambo 1DEMAYO,Estudio Juídico A & R,Villa El Salvador,Lima,Lima,150142,-12.197895,-76.965981,exact,web,https://www.tambo.pe/tiendas,verified,Solo en la lista oficial (coordenadas oficiales),2026-10-01
web-tambo-arribaperu,tambo,Tambo Arribaperu,"Q3R2+8XP, Villa el Salvador",Villa El Salvador,Lima,Lima,150142,-12.209163,-76.947548,exact,web,https://www.tambo.pe/tiendas,to_verify,"Solo en la lista oficial (coordenadas oficiales); venta en línea desactivada en el sistema oficial (tienda nueva o cerrada)",2026-10-01
web-tambo-central-2,tambo,Tambo Central,Avenida Central 1670,Villa El Salvador,Lima,Lima,150142,-12.206391,-76.937813,exact,web,https://www.tambo.pe/tiendas,verified,Solo en la lista oficial (coordenadas oficiales),2026-10-01
web-tambo-guardia-republicana,tambo,Tambo Guardia Republicana,Tambo+ Republicana VES,Villa El Salvador,Lima,Lima,150142,-12.230926,-76.922752,exact,web,https://www.tambo.pe/tiendas,verified,Solo en la lista oficial (coordenadas oficiales),2026-10-01
web-tambo-jorge-chavez,tambo,Tambo Jorge Chavez,Avenida Jorge Chavez 412,Villa El Salvador,Lima,Lima,150142,-12.207965,-76.933754,exact,web,https://www.tambo.pe/tiendas,verified,Solo en la lista oficial (coordenadas oficiales),2026-10-01
web-tambo-jvelasco,tambo,Tambo Jvelasco,Avenida Juan Velasco Alvarado 782,Villa El Salvador,Lima,Lima,150142,-12.209397,-76.942276,exact,web,https://www.tambo.pe/tiendas,to_verify,"Solo en la lista oficial (coordenadas oficiales); venta en línea desactivada en el sistema oficial (tienda nueva o cerrada)",2026-10-01
web-tambo-limaves,tambo,Tambo Limaves,Tambo+ Lima VES,Villa El Salvador,Lima,Lima,150142,-12.231648,-76.910484,exact,web,https://www.tambo.pe/tiendas,to_verify,"Solo en la lista oficial (coordenadas oficiales); longitud oficial -76.910484 idéntica a la de ""TAMBO VILLALEJANDRO - LURIN"" (¿copiada?)",2026-10-01
web-tambo-m-bastidas2,tambo,Tambo M BASTIDAS2,Q3H6+FJQ,Villa El Salvador,Lima,Lima,150142,-12.221288,-76.938393,exact,web,https://www.tambo.pe/tiendas,verified,Solo en la lista oficial (coordenadas oficiales),2026-10-01
web-tambo-mariareiche,tambo,Tambo Mariareiche,"Ferreteria "" Nancy""",Villa El Salvador,Lima,Lima,150142,-12.243904,-76.919159,exact,web,https://www.tambo.pe/tiendas,verified,Solo en la lista oficial (coordenadas oficiales),2026-10-01
web-tambo-micaela-bastidas,tambo,Tambo Micaela Bastidas,Avenida Modelo 1126,Villa El Salvador,Lima,Lima,150142,-12.193100,-76.955688,exact,web,https://www.tambo.pe/tiendas,verified,Solo en la lista oficial (coordenadas oficiales),2026-10-01
web-tambo-pastorsevilla,tambo,Tambo Pastorsevilla,Avenida Mariano Pastor Sevilla 23,Villa El Salvador,Lima,Lima,150142,-12.225544,-76.941666,exact,web,https://www.tambo.pe/tiendas,verified,Solo en la lista oficial (coordenadas oficiales),2026-10-01
web-tambo-pumacahua,tambo,Tambo Pumacahua,Avenida Mateo Pumacahua Mz A,Villa El Salvador,Lima,Lima,150142,-12.193029,-76.969482,exact,web,https://www.tambo.pe/tiendas,verified,Solo en la lista oficial (coordenadas oficiales),2026-10-01
osm-w437315665,tambo,Tambo Revolucion,Tambo+ Revolución,Villa El Salvador,Lima,Lima,150142,-12.209283,-76.939366,exact,osm,w437315665,verified,También en la lista oficial,2026-10-01
web-tambo-revolucion,tambo,Tambo Revolucion,Avenida Revolucion 1447,Villa El Salvador,Lima,Lima,150142,-12.205060,-76.941574,exact,web,https://www.tambo.pe/tiendas,verified,Solo en la lista oficial (coordenadas oficiales),2026-10-01
web-tambo-revolucion-2,tambo,Tambo Revolucion,TAMBO REVOLUCION-C18,Villa El Salvador,Lima,Lima,150142,-12.210650,-76.938248,exact,web,https://www.tambo.pe/tiendas,verified,Solo en la lista oficial (coordenadas oficiales),2026-10-01
web-tambo-revolucion2,tambo,Tambo REVOLUCION2,Villa El Salvador,Villa El Salvador,Lima,Lima,150142,-12.214211,-76.936073,exact,web,https://www.tambo.pe/tiendas,verified,Solo en la lista oficial (coordenadas oficiales),2026-10-01
web-tambo-santuario,tambo,Tambo Santuario,Tambo Santuario,Villa El Salvador,Lima,Lima,150142,-12.240155,-76.912651,exact,web,https://www.tambo.pe/tiendas,verified,Solo en la lista oficial (coordenadas oficiales),2026-10-01
web-tambo-sevilla,tambo,Tambo Sevilla,Tambo+ Sevilla,Villa El Salvador,Lima,Lima,150142,-12.195721,-76.958679,exact,web,https://www.tambo.pe/tiendas,verified,Solo en la lista oficial (coordenadas oficiales),2026-10-01
web-tambo-sevilla2,tambo,Tambo SEVILLA2,Avenida Mariano Pastor Sevilla,Villa El Salvador,Lima,Lima,150142,-12.222861,-76.942574,exact,web,https://www.tambo.pe/tiendas,verified,Solo en la lista oficial (coordenadas oficiales),2026-10-01
web-tambo-solidaridad,tambo,Tambo Solidaridad,Q3W9+428,Villa El Salvador,Lima,Lima,150142,-12.204713,-76.932419,exact,web,https://www.tambo.pe/tiendas,verified,Solo en la lista oficial (coordenadas oficiales),2026-10-01
web-tambo-vallejo,tambo,Tambo Vallejo,Avenida César Vallejo 26,Villa El Salvador,Lima,Lima,150142,-12.212333,-76.935600,exact,web,https://www.tambo.pe/tiendas,verified,Solo en la lista oficial (coordenadas oficiales),2026-10-01
web-tambo-vallejo-3,tambo,Tambo Vallejo,Tambo+ Vallejo C-9,Villa El Salvador,Lima,Lima,150142,-12.214571,-76.939384,exact,web,https://www.tambo.pe/tiendas,verified,Solo en la lista oficial (coordenadas oficiales),2026-10-01
web-tambo-villa-el-salvador-mz-zc-lt-1,tambo,Tambo Villa El Salvador - Mz. ZC Lt. 1,"Mz. ZC Lt. 1, Sector 3, Grupo 16",Villa El Salvador,Lima,Lima,150142,-12.223040,-76.932524,approx,web,https://www.peru-retail.com/tambo-suma-23-nuevos-locales-en-junio-y-queda-cerca-de-alcanzar-900-tiendas-a-nivel-nacional/,to_verify,"Colocada a mano el 2026-10-01 a partir de evidencia verificada (tools/seed/overrides.json, manualPlacements; confianza media): ubicación aproximada: centro del Grupo Residencial 16 del Sector 3 de Villa El Salvador (polígono OSM 730043462, margen de unos 200 m); la Mz. ZC no está mapeada en OSM. Apertura reportada por Peru Retail (09/07/2026); aún no figura en la lista oficial; reportada por la prensa; no figura en la lista oficial",2026-10-01
web-tambo-villa-el-salvador-p-j-villa-el-salvador,tambo,Tambo Villa El Salvador - P.J. Villa El Salvador,"P.J. Villa El Salvador, Sect. 01, Gpo. 06, Lt. 05",Villa El Salvador,Lima,Lima,150142,-12.188793,-76.949812,approx,web,https://www.peru-retail.com/tambo-inaugura-16-nuevas-tiendas-y-queda-cerca-de-alcanzar-los-900-locales-a-nivel-nacional/,to_verify,"Colocada a mano el 2026-10-01 a partir de evidencia verificada (tools/seed/overrides.json, manualPlacements; confianza media): ubicación aproximada: centro del Grupo Residencial 6 del Sector 1 de Villa El Salvador (polígono OSM 730013551, margen de unos 190 m); la dirección no indica manzana. Apertura reportada por Peru Retail (14/08/2026); aún no figura en la lista oficial; reportada por la prensa; no figura en la lista oficial",2026-10-01
web-tambo-villa-el-salvador-pasaje-pachacamac,tambo,Tambo Villa El Salvador - Pasaje Pachacámac,"Pasaje Pachacámac, Virgen de la Candelaria Mz. E Lt. 01",Villa El Salvador,Lima,Lima,150142,-12.246162,-76.921844,approx,web,https://www.peru-retail.com/tambo-amplia-su-presencia-con-18-nuevos-locales-donde-estan-ubicados-y-cuantos-acumula/,to_verify,"Colocada a mano el 2026-10-01 a partir de evidencia verificada (tools/seed/overrides.json, manualPlacements; confianza media): ubicación aproximada: Mz. E de Virgen de la Candelaria, Sector 4 de Villa El Salvador (manzana OSM 781675179, entre la Av. María Reiche, la Calle 8, la Calle 16 y los pasajes 20 y 21); en OSM ninguna vía figura como «Pasaje Pachacámac». Apertura reportada por Peru Retail (08/06/2026); aún no figura en la lista oficial. Tambo María Reiche (lista oficial) queda a 385 m; reportada por la prensa; no figura en la lista oficial",2026-10-01
web-tambo-allende,tambo,Tambo Allende,Tambo Allende,Villa María del Triunfo,Lima,Lima,150143,-12.159632,-76.955765,exact,web,https://www.tambo.pe/tiendas,verified,Solo en la lista oficial (coordenadas oficiales),2026-10-01
web-tambo-latinoamerica,tambo,Tambo Latinoamerica,V323+PR9,Villa María del Triunfo,Lima,Lima,150143,-12.148212,-76.945389,exact,web,https://www.tambo.pe/tiendas,verified,Solo en la lista oficial (coordenadas oficiales),2026-10-01
web-tambo-lima-2,tambo,Tambo Lima,Q3FR+WGH,Villa María del Triunfo,Lima,Lima,150143,-12.225187,-76.908638,exact,web,https://www.tambo.pe/tiendas,verified,Solo en la lista oficial (coordenadas oficiales),2026-10-01
web-tambo-lima-3,tambo,Tambo Lima,Q3HR+7W6,Villa María del Triunfo,Lima,Lima,150143,-12.221837,-76.907738,exact,web,https://www.tambo.pe/tiendas,verified,Solo en la lista oficial (coordenadas oficiales),2026-10-01
web-tambo-lima-4,tambo,Tambo Lima,Tambo+ Lima C-10,Villa María del Triunfo,Lima,Lima,150143,-12.213346,-76.906219,exact,web,https://www.tambo.pe/tiendas,verified,Solo en la lista oficial (coordenadas oficiales),2026-10-01
web-tambo-mariategui-2,tambo,Tambo Mariategui,Avenida Jose Carlos Mariategui 1747,Villa María del Triunfo,Lima,Lima,150143,-12.148072,-76.950783,exact,web,https://www.tambo.pe/tiendas,verified,Solo en la lista oficial (coordenadas oficiales),2026-10-01
web-tambo-olaya-3,tambo,Tambo Olaya,V344+P5Q,Villa María del Triunfo,Lima,Lima,150143,-12.143163,-76.944519,exact,web,https://www.tambo.pe/tiendas,verified,Solo en la lista oficial (coordenadas oficiales),2026-10-01
web-tambo-pachacutec,tambo,Tambo Pachacutec,Avenida Pachacutec 2313,Villa María del Triunfo,Lima,Lima,150143,-12.167843,-76.950813,exact,web,https://www.tambo.pe/tiendas,verified,Solo en la lista oficial (coordenadas oficiales),2026-10-01
web-tambo-tabladadelurin,tambo,Tambo Tabladadelurin,R32F+37M,Villa María del Triunfo,Lima,Lima,150143,-12.199787,-76.926826,exact,web,https://www.tambo.pe/tiendas,verified,Solo en la lista oficial (coordenadas oficiales),2026-10-01
web-tambo-villamaria,tambo,Tambo Villamaria,Avenida Villa María 431,Villa María del Triunfo,Lima,Lima,150143,-12.164352,-76.947968,exact,web,https://www.tambo.pe/tiendas,verified,Solo en la lista oficial (coordenadas oficiales),2026-10-01
osm-n11813011988,tambo,Tambo Gcivil,Avenida Guardia Civil 100,Castilla,Piura,Piura,200104,-5.193956,-80.621328,exact,osm,n11813011988,verified,También en la lista oficial,2026-10-01
web-tambo-guardia-civil2,tambo,Tambo Guardia CIVIL2,20002,Castilla,Piura,Piura,200104,-5.190775,-80.605446,exact,web,https://www.tambo.pe/tiendas,verified,Solo en la lista oficial (coordenadas oficiales),2026-10-01
web-tambo-country-1,tambo,Tambo Country 1,Residencial Angamos 2da Etapa,Piura,Piura,Piura,200101,-5.184508,-80.631516,exact,web,https://www.tambo.pe/tiendas,verified,Solo en la lista oficial (coordenadas oficiales),2026-10-01
web-tambo-grau-3,tambo,Tambo Grau,Avenida Grau 526,Piura,Piura,Piura,200101,-5.195220,-80.630821,exact,web,https://www.tambo.pe/tiendas,verified,Solo en la lista oficial (coordenadas oficiales),2026-10-01
web-tambo-las-palmeras,tambo,Tambo Las Palmeras,Las Palmeras 168,Piura,Piura,Piura,200101,-5.173763,-80.630676,exact,web,https://www.tambo.pe/tiendas,verified,Solo en la lista oficial (coordenadas oficiales),2026-10-01
web-tambo-loreto,tambo,Tambo Loreto,Loreto 509,Piura,Piura,Piura,200101,-5.192886,-80.628944,exact,web,https://www.tambo.pe/tiendas,verified,Solo en la lista oficial (coordenadas oficiales),2026-10-01
web-tambo-richard-cushing,tambo,Tambo Richard Cushing,Richard Cushing 303,Piura,Piura,Piura,200101,-5.195802,-80.632912,exact,web,https://www.tambo.pe/tiendas,verified,Solo en la lista oficial (coordenadas oficiales),2026-10-01
osm-n13588771020,tambo,Tambo Sanchezcerro,Avenida Sánchez Cerro 1136,Piura,Piura,Piura,200101,-5.190779,-80.631122,exact,osm,n13588771020,verified,También en la lista oficial,2026-10-01
osm-w1383025061,tambo,Tambo Tallanes,Calle Don Manuel A 05,Piura,Piura,Piura,200101,-5.169774,-80.626673,exact,osm,w1383025061,verified,"También en la lista oficial; la prensa también reportó ""Tambo Piura - Sect. Norte"" (Sect. Norte, Parc. 03, Prol. Av. Los Tallanes, apertura en julio de 2026; https://www.peru-retail.com/tambo-inaugura-16-nuevas-tiendas-y-queda-cerca-de-alcanzar-los-900-locales-a-nivel-nacional/): probablemente es esta misma tienda, por eso no va como fila aparte",2026-10-01
web-oxxo-chocano,oxxo,Oxxo Chocano,Calle Jose Santos Chocano 106,Arequipa,Arequipa,Arequipa,040101,-16.404530,-71.546628,exact,web,https://web.archive.org/web/20260124063904/https://oxxo.pe/nuestras-tiendas,verified,Solo en la lista oficial (coordenadas oficiales),2026-10-01
osm-n12509900101,oxxo,Oxxo Gloria,Coop. Vivienda Leche Gloria Mz C Lt 7,Arequipa,Arequipa,Arequipa,040101,-16.411642,-71.531503,exact,osm,n12509900101,verified,También en la lista oficial,2026-10-01
web-oxxo-gorriones,oxxo,Oxxo Gorriones,Mz. O Lote 10 Urb. La Victoria,Arequipa,Arequipa,Arequipa,040101,-16.402428,-71.525123,exact,web,https://web.archive.org/web/20260124063904/https://oxxo.pe/nuestras-tiendas,verified,Solo en la lista oficial (coordenadas oficiales),2026-10-01
web-oxxo-magisterial,oxxo,Oxxo Magisterial,Av. Emmel D-01,Arequipa,Arequipa,Arequipa,040101,-16.396055,-71.544714,exact,web,https://web.archive.org/web/20260124063904/https://oxxo.pe/nuestras-tiendas,verified,"Solo en la lista oficial (coordenadas oficiales); distrito según la lista oficial: Yanahuara",2026-10-01
web-oxxo-paz,oxxo,Oxxo Paz,Av. Parra 100 A,Arequipa,Arequipa,Arequipa,040101,-16.406042,-71.540180,exact,web,https://web.archive.org/web/20260124063904/https://oxxo.pe/nuestras-tiendas,verified,Solo en la lista oficial (coordenadas oficiales),2026-10-01
web-oxxo-salle,oxxo,Oxxo Salle,Av. La Salle 130,Arequipa,Arequipa,Arequipa,040101,-16.401630,-71.524856,exact,web,https://web.archive.org/web/20260124063904/https://oxxo.pe/nuestras-tiendas,verified,Solo en la lista oficial (coordenadas oficiales),2026-10-01
web-oxxo-andenes,oxxo,Oxxo Andenes,Av. Bolognesi 1106,Cayma,Arequipa,Arequipa,040103,-16.345605,-71.541472,exact,web,https://web.archive.org/web/20260124063904/https://oxxo.pe/nuestras-tiendas,verified,Solo en la lista oficial (coordenadas oficiales),2026-10-01
web-oxxo-efigies,oxxo,Oxxo Efigies,Urb Efigies C1,Cayma,Arequipa,Arequipa,040103,-16.380395,-71.551752,exact,web,https://web.archive.org/web/20260124063904/https://oxxo.pe/nuestras-tiendas,verified,Solo en la lista oficial (coordenadas oficiales),2026-10-01
web-oxxo-mall-plaza-arequipa,oxxo,Oxxo Mall Plaza Arequipa,Av. Ejército 795,Cayma,Arequipa,Arequipa,040103,-16.389820,-71.546919,exact,web,https://web.archive.org/web/20260124063904/https://oxxo.pe/nuestras-tiendas,verified,Solo en la lista oficial (coordenadas oficiales),2026-10-01
web-oxxo-americas,oxxo,Oxxo Americas,Calle Miguel Grau 101,Cerro Colorado,Arequipa,Arequipa,040104,-16.375964,-71.558959,exact,web,https://web.archive.org/web/20260124063904/https://oxxo.pe/nuestras-tiendas,verified,Solo en la lista oficial (coordenadas oficiales),2026-10-01
web-oxxo-rosario,oxxo,Oxxo Rosario,Urb. Residencial El Rosario II,Cerro Colorado,Arequipa,Arequipa,040104,-16.373689,-71.554103,exact,web,https://web.archive.org/web/20260124063904/https://oxxo.pe/nuestras-tiendas,verified,Solo en la lista oficial (coordenadas oficiales),2026-10-01
web-oxxo-adepa,oxxo,Oxxo Adepa,Av. Dolores Mz O Lt 3,José Luis Bustamante y Rivero,Arequipa,Arequipa,040129,-16.417319,-71.527006,exact,web,https://web.archive.org/web/20260124063904/https://oxxo.pe/nuestras-tiendas,verified,Solo en la lista oficial (coordenadas oficiales),2026-10-01
web-oxxo-cantuta,oxxo,Oxxo Cantuta,Coop. La Cantuta. Mz A Lt. 26,José Luis Bustamante y Rivero,Arequipa,Arequipa,040129,-16.412016,-71.520753,exact,web,https://web.archive.org/web/20260124063904/https://oxxo.pe/nuestras-tiendas,verified,"Solo en la lista oficial (coordenadas oficiales); distrito según la lista oficial: Arequipa",2026-10-01
web-oxxo-cultura,oxxo,Oxxo Cultura,Coop. Daniel Alcides Carrión M - 13,José Luis Bustamante y Rivero,Arequipa,Arequipa,040129,-16.425435,-71.521693,exact,web,https://web.archive.org/web/20260124063904/https://oxxo.pe/nuestras-tiendas,verified,Solo en la lista oficial (coordenadas oficiales),2026-10-01
web-oxxo-tristan,oxxo,Oxxo Tristan,Av. Andrés Avelino Cáceres V1 B,José Luis Bustamante y Rivero,Arequipa,Arequipa,040129,-16.424937,-71.529760,exact,web,https://web.archive.org/web/20260124063904/https://oxxo.pe/nuestras-tiendas,verified,Solo en la lista oficial (coordenadas oficiales),2026-10-01
web-oxxo-unidos,oxxo,Oxxo Unidos,Av. Dolores 165,José Luis Bustamante y Rivero,Arequipa,Arequipa,040129,-16.428542,-71.523585,exact,web,https://web.archive.org/web/20260124063904/https://oxxo.pe/nuestras-tiendas,verified,Solo en la lista oficial (coordenadas oficiales),2026-10-01
web-oxxo-familia,oxxo,Oxxo Familia,Av. Los Cedros Mz C Lt 9,Yanahuara,Arequipa,Arequipa,040126,-16.394208,-71.548852,exact,web,https://web.archive.org/web/20260124063904/https://oxxo.pe/nuestras-tiendas,verified,Solo en la lista oficial (coordenadas oficiales),2026-10-01
web-oxxo-llosa,oxxo,Oxxo Llosa,Urb. Victor Andrés Belaunde D-1,Yanahuara,Arequipa,Arequipa,040126,-16.395321,-71.554557,exact,web,https://web.archive.org/web/20260124063904/https://oxxo.pe/nuestras-tiendas,verified,Solo en la lista oficial (coordenadas oficiales),2026-10-01
web-oxxo-ficus,oxxo,Oxxo Ficus,Av. Elmer Faucett 1809,Bellavista,Callao,Callao,070102,-12.058901,-77.097786,exact,web,https://web.archive.org/web/20260124063904/https://oxxo.pe/nuestras-tiendas,verified,"Solo en la lista oficial (coordenadas oficiales); distrito según la lista oficial: Callao",2026-10-01
web-oxxo-mall-plaza-bellavista,oxxo,Oxxo Mall Plaza Bellavista,Av. Oscar Benavides 3866,Bellavista,Callao,Callao,070102,-12.056353,-77.101576,exact,web,https://web.archive.org/web/20260124063904/https://oxxo.pe/nuestras-tiendas,verified,Solo en la lista oficial (coordenadas oficiales),2026-10-01
web-oxxo-aeropuerto,oxxo,Oxxo Aeropuerto,Nuevo Aeropuerto Jorge Chavez,Callao,Callao,Callao,070101,-12.020904,-77.118160,exact,web,https://web.archive.org/web/20260124063904/https://oxxo.pe/nuestras-tiendas,verified,Solo en la lista oficial (coordenadas oficiales),2026-10-01
osm-n14199062435,oxxo,Oxxo Marco Polo,Av. Sáenz Pena 401 - 405,Callao,Callao,Callao,070101,-12.060807,-77.142802,exact,osm,n14199062435,verified,También en la lista oficial,2026-10-01
web-oxxo-minka,oxxo,Oxxo Minka,Av. Argentina 3093,Callao,Callao,Callao,070101,-12.049289,-77.111723,exact,web,https://web.archive.org/web/20260124063904/https://oxxo.pe/nuestras-tiendas,verified,Solo en la lista oficial (coordenadas oficiales),2026-10-01
web-oxxo-vigil,oxxo,Oxxo Vigil,Av. Saenz Peña 998,Callao,Callao,Callao,070101,-12.059687,-77.134291,exact,web,https://web.archive.org/web/20260124063904/https://oxxo.pe/nuestras-tiendas,verified,"Solo en la lista oficial (coordenadas oficiales); distrito según la lista oficial: La Perla",2026-10-01
osm-w1343896909,oxxo,Oxxo Grau,Av. 1 de Mayo 198,Carmen de la Legua Reynoso,Callao,Callao,070103,-12.041064,-77.097389,exact,osm,w1343896909,verified,También en la lista oficial,2026-10-01
web-oxxo-pacifico,oxxo,Oxxo Pacifico,Av. Victor Raul Haya de la Torre 593 - 599,La Perla,Callao,Callao,070104,-12.071609,-77.111569,exact,web,https://web.archive.org/web/20260124063904/https://oxxo.pe/nuestras-tiendas,verified,"Solo en la lista oficial (coordenadas oficiales); distrito según la lista oficial: Callao",2026-10-01
web-oxxo-amaru,oxxo,Oxxo Amaru,Av. Ayabaca 1008,Ica,Ica,Ica,110101,-14.070764,-75.735524,exact,web,https://web.archive.org/web/20260124063904/https://oxxo.pe/nuestras-tiendas,verified,Solo en la lista oficial (coordenadas oficiales),2026-10-01
web-oxxo-ayabaca,oxxo,Oxxo Ayabaca,Av. Ayabaca 403,Ica,Ica,Ica,110101,-14.070796,-75.729617,exact,web,https://web.archive.org/web/20260124063904/https://oxxo.pe/nuestras-tiendas,verified,Solo en la lista oficial (coordenadas oficiales),2026-10-01
web-oxxo-divino,oxxo,Oxxo Divino,Av de los Maestros 7600,Ica,Ica,Ica,110101,-14.079631,-75.736799,exact,web,https://web.archive.org/web/20260124063904/https://oxxo.pe/nuestras-tiendas,verified,Solo en la lista oficial (coordenadas oficiales),2026-10-01
web-oxxo-enrique,oxxo,Oxxo Enrique,Av. El Sol Este 555,Barranco,Lima,Lima,150104,-12.138942,-77.018967,exact,web,https://web.archive.org/web/20260124063904/https://oxxo.pe/nuestras-tiendas,verified,Solo en la lista oficial (coordenadas oficiales),2026-10-01
osm-n11975962205,oxxo,Oxxo Saenz,Av. Almte. Miguel Grau 909,Barranco,Lima,Lima,150104,-12.142753,-77.022195,exact,osm,n11975962205,verified,También en la lista oficial,2026-10-01
web-oxxo-chamaya,oxxo,Oxxo Chamaya,Av. Tingo Maria 1207,Breña,Lima,Lima,150105,-12.058209,-77.058165,exact,web,https://web.archive.org/web/20260124063904/https://oxxo.pe/nuestras-tiendas,verified,Solo en la lista oficial (coordenadas oficiales),2026-10-01
web-oxxo-nazca,oxxo,Oxxo Nazca,Av. Brasil 840,Breña,Lima,Lima,150105,-12.067281,-77.047909,exact,web,https://web.archive.org/web/20260124063904/https://oxxo.pe/nuestras-tiendas,verified,Solo en la lista oficial (coordenadas oficiales),2026-10-01
web-oxxo-ruiz,oxxo,Oxxo Ruiz,Jr. Pedro Ruiz Gallo 498,Breña,Lima,Lima,150105,-12.066515,-77.053894,exact,web,https://web.archive.org/web/20260124063904/https://oxxo.pe/nuestras-tiendas,verified,Solo en la lista oficial (coordenadas oficiales),2026-10-01
web-oxxo-venezuela,oxxo,Oxxo Venezuela,Av. Venezuela 1784,Breña,Lima,Lima,150105,-12.055240,-77.057195,exact,web,https://web.archive.org/web/20260124063904/https://oxxo.pe/nuestras-tiendas,verified,Solo en la lista oficial (coordenadas oficiales),2026-10-01
web-oxxo-barataria,oxxo,Oxxo Barataria,Av. Alameda San Marcos 410,Chorrillos,Lima,Lima,150108,-12.198859,-77.007981,exact,web,https://web.archive.org/web/20260124063904/https://oxxo.pe/nuestras-tiendas,verified,Solo en la lista oficial (coordenadas oficiales),2026-10-01
web-oxxo-civil,oxxo,Oxxo Civil,Jr. Guardia Civil Sur 884,Chorrillos,Lima,Lima,150108,-12.174896,-76.993460,exact,web,https://web.archive.org/web/20260124063904/https://oxxo.pe/nuestras-tiendas,verified,Solo en la lista oficial (coordenadas oficiales),2026-10-01
web-oxxo-gaviotas,oxxo,Oxxo Gaviotas,Av. Guardia Peruana 702,Chorrillos,Lima,Lima,150108,-12.177403,-77.006081,exact,web,https://web.archive.org/web/20260124063904/https://oxxo.pe/nuestras-tiendas,verified,Solo en la lista oficial (coordenadas oficiales),2026-10-01
web-oxxo-matellini,oxxo,Oxxo Matellini,Av. Prol. Ariosto Matellini 183,Chorrillos,Lima,Lima,150108,-12.179728,-77.010471,exact,web,https://web.archive.org/web/20260124063904/https://oxxo.pe/nuestras-tiendas,verified,Solo en la lista oficial (coordenadas oficiales),2026-10-01
web-oxxo-belaunde,oxxo,Oxxo Belaunde,Av. Victor Andres Belaunde Oeste 997,Comas,Lima,Lima,150110,-11.934269,-77.057410,exact,web,https://web.archive.org/web/20260124063904/https://oxxo.pe/nuestras-tiendas,verified,Solo en la lista oficial (coordenadas oficiales),2026-10-01
web-oxxo-collique,oxxo,Oxxo Collique,Av. A 801,Comas,Lima,Lima,150110,-11.927106,-77.058831,exact,web,https://web.archive.org/web/20260124063904/https://oxxo.pe/nuestras-tiendas,verified,Solo en la lista oficial (coordenadas oficiales),2026-10-01
web-oxxo-mall-plaza-comas,oxxo,Oxxo Mall Plaza Comas,Av. Los Ángeles 602,Comas,Lima,Lima,150110,-11.936879,-77.064956,exact,web,https://web.archive.org/web/20260124063904/https://oxxo.pe/nuestras-tiendas,verified,Solo en la lista oficial (coordenadas oficiales),2026-10-01
osm-n13125549051,oxxo,Oxxo Napo,Av. Carlos Izaguirre 170,Independencia,Lima,Lima,150112,-11.989038,-77.058606,exact,osm,n13125549051,verified,"También en la lista oficial; distrito según la lista oficial: San Martín de Porres",2026-10-01
osm-n11230243674,oxxo,Oxxo Royal,Av. Carlos Izaguirre 287,Independencia,Lima,Lima,150112,-11.990433,-77.062880,exact,osm,n11230243674,verified,También en la lista oficial,2026-10-01
web-oxxo-bermudez,oxxo,Oxxo Bermudez,Av. Republica de Chile 795,Jesús María,Lima,Lima,150113,-12.072223,-77.038881,exact,web,https://web.archive.org/web/20260124063904/https://oxxo.pe/nuestras-tiendas,verified,Solo en la lista oficial (coordenadas oficiales),2026-10-01
web-oxxo-caracas,oxxo,Oxxo Caracas,"Av. Faustino Sanchez Carrion 411, Jesus María.",Jesús María,Lima,Lima,150113,-12.088738,-77.059395,exact,web,https://web.archive.org/web/20260124063904/https://oxxo.pe/nuestras-tiendas,verified,Solo en la lista oficial (coordenadas oficiales),2026-10-01
web-oxxo-costa-rica,oxxo,Oxxo Costa Rica,Jr. Diego de Almagro 629,Jesús María,Lima,Lima,150113,-12.086092,-77.055098,exact,web,https://web.archive.org/web/20260124063904/https://oxxo.pe/nuestras-tiendas,verified,Solo en la lista oficial (coordenadas oficiales),2026-10-01
web-oxxo-larrabure,oxxo,Oxxo Larrabure,Av. Republica de Chile 498,Jesús María,Lima,Lima,150113,-12.069492,-77.038670,exact,web,https://web.archive.org/web/20260124063904/https://oxxo.pe/nuestras-tiendas,verified,Solo en la lista oficial (coordenadas oficiales),2026-10-01
web-oxxo-luzuriaga,oxxo,Oxxo Luzuriaga,Av. Francisco Javier Mariategui 1194,Jesús María,Lima,Lima,150113,-12.076772,-77.046820,exact,web,https://web.archive.org/web/20260124063904/https://oxxo.pe/nuestras-tiendas,verified,Solo en la lista oficial (coordenadas oficiales),2026-10-01
web-oxxo-maria,oxxo,Oxxo Maria,Av. Horacio Urteaga 1098,Jesús María,Lima,Lima,150113,-12.072104,-77.047336,exact,web,https://web.archive.org/web/20260124063904/https://oxxo.pe/nuestras-tiendas,verified,Solo en la lista oficial (coordenadas oficiales),2026-10-01
web-oxxo-pershing,oxxo,Oxxo Pershing,Av. Faustino Sanchez Carrion 1081 - 1083 - 1085 - 1087,Jesús María,Lima,Lima,150113,-12.092329,-77.053606,exact,web,https://web.archive.org/web/20260124063904/https://oxxo.pe/nuestras-tiendas,verified,Solo en la lista oficial (coordenadas oficiales),2026-10-01
web-oxxo-ribeyro,oxxo,Oxxo Ribeyro,Av. Talara 157,Jesús María,Lima,Lima,150113,-12.068423,-77.047402,exact,web,https://web.archive.org/web/20260124063904/https://oxxo.pe/nuestras-tiendas,verified,Solo en la lista oficial (coordenadas oficiales),2026-10-01
web-oxxo-salaverry,oxxo,Oxxo Salaverry,Av. Salaverry 1810,Jesús María,Lima,Lima,150113,-12.082331,-77.046335,exact,web,https://web.archive.org/web/20260124063904/https://oxxo.pe/nuestras-tiendas,verified,Solo en la lista oficial (coordenadas oficiales),2026-10-01
web-oxxo-talara,oxxo,Oxxo Talara,Jr. Lloque Yupanqui 901,Jesús María,Lima,Lima,150113,-12.070230,-77.044613,exact,web,https://web.archive.org/web/20260124063904/https://oxxo.pe/nuestras-tiendas,verified,Solo en la lista oficial (coordenadas oficiales),2026-10-01
web-oxxo-tree,oxxo,Oxxo Tree,Av. Salaverry 1844,Jesús María,Lima,Lima,150113,-12.082847,-77.046516,exact,web,https://web.archive.org/web/20260124063904/https://oxxo.pe/nuestras-tiendas,verified,Solo en la lista oficial (coordenadas oficiales),2026-10-01
web-oxxo-altamira,oxxo,Oxxo Altamira,Av. Los Frutales 776,La Molina,Lima,Lima,150114,-12.067536,-76.964852,exact,web,https://web.archive.org/web/20260124063904/https://oxxo.pe/nuestras-tiendas,verified,Solo en la lista oficial (coordenadas oficiales),2026-10-01
web-oxxo-bucare,oxxo,Oxxo Bucare,Av. Javier Prado Este 5299,La Molina,Lima,Lima,150114,-12.076404,-76.964494,exact,web,https://web.archive.org/web/20260124063904/https://oxxo.pe/nuestras-tiendas,verified,Solo en la lista oficial (coordenadas oficiales),2026-10-01
web-oxxo-capilla,oxxo,Oxxo Capilla,Av. Alameda de los Condores 598,La Molina,Lima,Lima,150114,-12.101559,-76.944915,exact,web,https://web.archive.org/web/20260124063904/https://oxxo.pe/nuestras-tiendas,verified,Solo en la lista oficial (coordenadas oficiales),2026-10-01
web-oxxo-corregidor,oxxo,Oxxo Corregidor,Alameda del Corregidor 1586,La Molina,Lima,Lima,150114,-12.099066,-76.950490,exact,web,https://web.archive.org/web/20260124063904/https://oxxo.pe/nuestras-tiendas,verified,Solo en la lista oficial (coordenadas oficiales),2026-10-01
osm-n14127660895,oxxo,Oxxo El Sol,Av. La Molina 3614,La Molina,Lima,Lima,150114,-12.085775,-76.912930,exact,osm,n14127660895,verified,"También en la lista oficial; también mapeada en OSM como n7373912685",2026-10-01
web-oxxo-entomologos,oxxo,Oxxo Entomologos,Av. Los Constructores 301,La Molina,Lima,Lima,150114,-12.066430,-76.956488,exact,web,https://web.archive.org/web/20260124063904/https://oxxo.pe/nuestras-tiendas,verified,Solo en la lista oficial (coordenadas oficiales),2026-10-01
web-oxxo-industrial,oxxo,Oxxo Industrial,Av. Separadora Industrial 1886,La Molina,Lima,Lima,150114,-12.064745,-76.965165,exact,web,https://web.archive.org/web/20260124063904/https://oxxo.pe/nuestras-tiendas,verified,Solo en la lista oficial (coordenadas oficiales),2026-10-01
web-oxxo-rinconada,oxxo,Oxxo Rinconada,Av. Rinconada del Lago 1020,La Molina,Lima,Lima,150114,-12.095553,-76.924379,exact,web,https://web.archive.org/web/20260124063904/https://oxxo.pe/nuestras-tiendas,verified,Solo en la lista oficial (coordenadas oficiales),2026-10-01
osm-n10955944680,oxxo,Oxxo Soria,Av. Alameda del Corregidor 2083,La Molina,Lima,Lima,150114,-12.105168,-76.947136,exact,osm,n10955944680,verified,También en la lista oficial,2026-10-01
web-oxxo-estacion-gamarra-linea-1,oxxo,Oxxo Estación Gamarra (Línea 1),"Estación Gamarra, Línea 1 del Metro de Lima (Av. Aviación con Jr. Hipólito Unanue)",La Victoria,Lima,Lima,150115,-12.065666,-77.012206,approx,web,https://www.peru-retail.com/oxxo-inaugura-su-primer-local-dentro-de-la-linea-1-del-metro-de-lima-en-que-estacion-se-encuentra/,to_verify,"Geocodificada a partir de la dirección oficial (Nominatim, a nivel de número: Estacion ""Gamarra"", Avenida Aviación, San Cosme); reportada por la prensa; no figura en la lista oficial",2026-10-01
web-oxxo-arequipa,oxxo,Oxxo Arequipa,Av. Arequipa 1501,Lima,Lima,Lima,150101,-12.079562,-77.034942,exact,web,https://web.archive.org/web/20260124063904/https://oxxo.pe/nuestras-tiendas,verified,"Solo en la lista oficial (coordenadas oficiales); distrito según la lista oficial: Lince",2026-10-01
web-oxxo-cartagena,oxxo,Oxxo Cartagena,Av. Mariano Cornejo 1711,Lima,Lima,Lima,150101,-12.067740,-77.069772,exact,web,https://web.archive.org/web/20260124063904/https://oxxo.pe/nuestras-tiendas,verified,"Solo en la lista oficial (coordenadas oficiales); distrito según la lista oficial: Pueblo Libre",2026-10-01
osm-n12183250175,oxxo,Oxxo Cipreses,Av. Luis Braile 1394,Lima,Lima,Lima,150101,-12.052537,-77.067229,exact,osm,n12183250175,verified,También en la lista oficial,2026-10-01
web-oxxo-corpancho,oxxo,Oxxo Corpancho,Av. Republica de Chile 299,Lima,Lima,Lima,150101,-12.066830,-77.037896,exact,web,https://web.archive.org/web/20260124063904/https://oxxo.pe/nuestras-tiendas,verified,Solo en la lista oficial (coordenadas oficiales),2026-10-01
web-oxxo-emancipacion,oxxo,Oxxo Emancipación,Avenida Tacna 481 - 483,Lima,Lima,Lima,150101,-12.046345,-77.037167,exact,web,https://web.archive.org/web/20260124063904/https://oxxo.pe/nuestras-tiendas,verified,Solo en la lista oficial (coordenadas oficiales),2026-10-01
web-oxxo-gertrudis,oxxo,Oxxo Gertrudis,Av. Santa Gertrudis 251,Lima,Lima,Lima,150101,-12.063158,-77.073498,exact,web,https://web.archive.org/web/20260124063904/https://oxxo.pe/nuestras-tiendas,verified,Solo en la lista oficial (coordenadas oficiales),2026-10-01
web-oxxo-naciones,oxxo,Oxxo Naciones,Jr. Cutervo 2095,Lima,Lima,Lima,150101,-12.052425,-77.060367,exact,web,https://web.archive.org/web/20260124063904/https://oxxo.pe/nuestras-tiendas,verified,Solo en la lista oficial (coordenadas oficiales),2026-10-01
osm-n12454393230,oxxo,Oxxo Pierola,Av. Nicolás de Piérola 700,Lima,Lima,Lima,150101,-12.050154,-77.037186,exact,osm,n12454393230,verified,También en la lista oficial,2026-10-01
web-oxxo-villar,oxxo,Oxxo Villar,Av. Arequipa 1200,Lima,Lima,Lima,150101,-12.076520,-77.035753,exact,web,https://web.archive.org/web/20260124063904/https://oxxo.pe/nuestras-tiendas,verified,Solo en la lista oficial (coordenadas oficiales),2026-10-01
web-oxxo-candamo,oxxo,Oxxo Candamo,Av. Petit Thouars 1799,Lince,Lima,Lima,150116,-12.081927,-77.033571,exact,web,https://web.archive.org/web/20260124063904/https://oxxo.pe/nuestras-tiendas,verified,Solo en la lista oficial (coordenadas oficiales),2026-10-01
web-oxxo-clemente,oxxo,Oxxo Clemente,Av. Rivera Navarrete 2801,Lince,Lima,Lima,150116,-12.090354,-77.026968,exact,web,https://web.archive.org/web/20260124063904/https://oxxo.pe/nuestras-tiendas,verified,Solo en la lista oficial (coordenadas oficiales),2026-10-01
web-oxxo-gardenia,oxxo,Oxxo Gardenia,Jr. Emilio Althaus 420,Lince,Lima,Lima,150116,-12.080347,-77.032718,exact,web,https://web.archive.org/web/20260124063904/https://oxxo.pe/nuestras-tiendas,verified,Solo en la lista oficial (coordenadas oficiales),2026-10-01
web-oxxo-guisse,oxxo,Oxxo Guisse,Jr. General José María Córdova 1598,Lince,Lima,Lima,150116,-12.080945,-77.038533,exact,web,https://web.archive.org/web/20260124063904/https://oxxo.pe/nuestras-tiendas,verified,Solo en la lista oficial (coordenadas oficiales),2026-10-01
osm-w1154202264,oxxo,Oxxo Ignacio,Av. Ignacio Merino N° 2497,Lince,Lima,Lima,150116,-12.088701,-77.031728,exact,osm,w1154202264,verified,También en la lista oficial,2026-10-01
osm-n12420688802,oxxo,Oxxo Iquitos,Av. Prolongación Iquitos 1901,Lince,Lima,Lima,150116,-12.082746,-77.028057,exact,osm,n12420688802,verified,También en la lista oficial,2026-10-01
osm-n13584769130,oxxo,Oxxo Lavanda,Av. Arequipa 2661,Lince,Lima,Lima,150116,-12.090291,-77.033454,exact,osm,n13584769130,verified,También en la lista oficial,2026-10-01
web-oxxo-leal,oxxo,Oxxo Leal,Av. Jose Leal 1185,Lince,Lima,Lima,150116,-12.086006,-77.044561,exact,web,https://web.archive.org/web/20260124063904/https://oxxo.pe/nuestras-tiendas,verified,Solo en la lista oficial (coordenadas oficiales),2026-10-01
osm-w645049118,oxxo,Oxxo Margaritas,Av. Rivera Navarrete 2396,Lince,Lima,Lima,150116,-12.087251,-77.027812,exact,osm,w645049118,verified,También en la lista oficial,2026-10-01
web-oxxo-mirtos,oxxo,Oxxo Mirtos,Av. Prol. Iquitos 2615,Lince,Lima,Lima,150116,-12.089159,-77.029160,exact,web,https://web.archive.org/web/20260124063904/https://oxxo.pe/nuestras-tiendas,verified,Solo en la lista oficial (coordenadas oficiales),2026-10-01
web-oxxo-risso,oxxo,Oxxo Risso,Av. Arequipa 2000,Lince,Lima,Lima,150116,-12.084615,-77.034612,exact,web,https://web.archive.org/web/20260124063904/https://oxxo.pe/nuestras-tiendas,verified,Solo en la lista oficial (coordenadas oficiales),2026-10-01
web-oxxo-tello,oxxo,Oxxo Tello,Av. Julio Cesar Tello 798,Lince,Lima,Lima,150116,-12.085843,-77.041187,exact,web,https://web.archive.org/web/20260124063904/https://oxxo.pe/nuestras-tiendas,verified,Solo en la lista oficial (coordenadas oficiales),2026-10-01
web-oxxo-touring,oxxo,Oxxo Touring,Av. General Trinidad Moran 616,Lince,Lima,Lima,150116,-12.089338,-77.038319,exact,web,https://web.archive.org/web/20260124063904/https://oxxo.pe/nuestras-tiendas,verified,Solo en la lista oficial (coordenadas oficiales),2026-10-01
web-oxxo-antunez,oxxo,Oxxo Antunez,Av. Antunez de Mayolo Mz A Lt1,Los Olivos,Lima,Lima,150117,-11.996605,-77.084300,exact,web,https://web.archive.org/web/20260124063904/https://oxxo.pe/nuestras-tiendas,verified,Solo en la lista oficial (coordenadas oficiales),2026-10-01
web-oxxo-asuncion,oxxo,Oxxo Asuncion,Av. Santiago Antunez de Mayolo 1401,Los Olivos,Lima,Lima,150117,-11.995575,-77.080872,exact,web,https://web.archive.org/web/20260124063904/https://oxxo.pe/nuestras-tiendas,verified,Solo en la lista oficial (coordenadas oficiales),2026-10-01
web-oxxo-izaguirre,oxxo,Oxxo Izaguirre,Av. Carlos Izaguirre 401,Los Olivos,Lima,Lima,150117,-11.990614,-77.064533,exact,web,https://web.archive.org/web/20260124063904/https://oxxo.pe/nuestras-tiendas,verified,Solo en la lista oficial (coordenadas oficiales),2026-10-01
web-oxxo-aliaga,oxxo,Oxxo Aliaga,Av. Juan de Aliaga 427,Magdalena del Mar,Lima,Lima,150120,-12.095030,-77.059761,exact,web,https://web.archive.org/web/20260124063904/https://oxxo.pe/nuestras-tiendas,verified,Solo en la lista oficial (coordenadas oficiales),2026-10-01
osm-n11989116622,oxxo,Oxxo Brissa,Av. Antonio José de Sucre 290,Magdalena del Mar,Lima,Lima,150120,-12.096443,-77.072124,exact,osm,n11989116622,verified,También en la lista oficial,2026-10-01
web-oxxo-campo,oxxo,Oxxo Campo,Jr. Felix Dibos 1019,Magdalena del Mar,Lima,Lima,150120,-12.093097,-77.064454,exact,web,https://web.archive.org/web/20260124063904/https://oxxo.pe/nuestras-tiendas,verified,Solo en la lista oficial (coordenadas oficiales),2026-10-01
web-oxxo-cuzco,oxxo,Oxxo Cuzco,Jr. Cuzco 701,Magdalena del Mar,Lima,Lima,150120,-12.088300,-77.073012,exact,web,https://web.archive.org/web/20260124063904/https://oxxo.pe/nuestras-tiendas,verified,Solo en la lista oficial (coordenadas oficiales),2026-10-01
web-oxxo-grana,oxxo,Oxxo Graña,Av. Antonio Miro Quesada 660,Magdalena del Mar,Lima,Lima,150120,-12.091170,-77.058372,exact,web,https://web.archive.org/web/20260124063904/https://oxxo.pe/nuestras-tiendas,verified,Solo en la lista oficial (coordenadas oficiales),2026-10-01
web-oxxo-herrera,oxxo,Oxxo Herrera,Av. Del Ejercito 323,Magdalena del Mar,Lima,Lima,150120,-12.097470,-77.070033,exact,web,https://web.archive.org/web/20260124063904/https://oxxo.pe/nuestras-tiendas,verified,Solo en la lista oficial (coordenadas oficiales),2026-10-01
web-oxxo-independencia,oxxo,Oxxo Independencia,Jr. Tacna 955,Magdalena del Mar,Lima,Lima,150120,-12.089171,-77.070928,exact,web,https://web.archive.org/web/20260124063904/https://oxxo.pe/nuestras-tiendas,verified,Solo en la lista oficial (coordenadas oficiales),2026-10-01
web-oxxo-jimenez,oxxo,Oxxo Jimenez,Av. Javier Prado Oeste 808,Magdalena del Mar,Lima,Lima,150120,-12.093203,-77.060686,exact,web,https://web.archive.org/web/20260124063904/https://oxxo.pe/nuestras-tiendas,verified,Solo en la lista oficial (coordenadas oficiales),2026-10-01
osm-n3066057822,oxxo,Oxxo Larco,Av. Brasil 3199,Magdalena del Mar,Lima,Lima,150120,-12.088774,-77.064753,exact,osm,n3066057822,verified,También en la lista oficial,2026-10-01
web-oxxo-libertad,oxxo,Oxxo Libertad,Jr. Libertad 896,Magdalena del Mar,Lima,Lima,150120,-12.090697,-77.068876,exact,web,https://web.archive.org/web/20260124063904/https://oxxo.pe/nuestras-tiendas,verified,Solo en la lista oficial (coordenadas oficiales),2026-10-01
web-oxxo-mongilardi,oxxo,Oxxo Mongilardi,Av. Javier Prado Oeste 621,Magdalena del Mar,Lima,Lima,150120,-12.092108,-77.062582,exact,web,https://web.archive.org/web/20260124063904/https://oxxo.pe/nuestras-tiendas,verified,Solo en la lista oficial (coordenadas oficiales),2026-10-01
web-oxxo-ramsey,oxxo,Oxxo Ramsey,Jr. Tomás Ramsey 912,Magdalena del Mar,Lima,Lima,150120,-12.092076,-77.058653,exact,web,https://web.archive.org/web/20260124063904/https://oxxo.pe/nuestras-tiendas,verified,Solo en la lista oficial (coordenadas oficiales),2026-10-01
web-oxxo-trujillo,oxxo,Oxxo Trujillo,Jr. Trujillo 601,Magdalena del Mar,Lima,Lima,150120,-12.091130,-77.061559,exact,web,https://web.archive.org/web/20260124063904/https://oxxo.pe/nuestras-tiendas,verified,Solo en la lista oficial (coordenadas oficiales),2026-10-01
web-oxxo-bolivar,oxxo,Oxxo Bolivar,Calle Bolivar 268,Miraflores,Lima,Lima,150122,-12.125182,-77.027308,exact,web,https://web.archive.org/web/20260124063904/https://oxxo.pe/nuestras-tiendas,verified,Solo en la lista oficial (coordenadas oficiales),2026-10-01
osm-n13071896225,oxxo,Oxxo Calderon,Av. Arequipa 4468,Miraflores,Lima,Lima,150122,-12.110322,-77.030621,exact,osm,n13071896225,verified,También en la lista oficial,2026-10-01
web-oxxo-chariarse,oxxo,Oxxo Chariarse,Calle Jose Gabriel Chariarse 885,Miraflores,Lima,Lima,150122,-12.127335,-77.018284,exact,web,https://web.archive.org/web/20260124063904/https://oxxo.pe/nuestras-tiendas,verified,Solo en la lista oficial (coordenadas oficiales),2026-10-01
web-oxxo-chiclayo,oxxo,Oxxo Chiclayo,Av. Angamos Oeste 701,Miraflores,Lima,Lima,150122,-12.113934,-77.035918,exact,web,https://web.archive.org/web/20260124063904/https://oxxo.pe/nuestras-tiendas,verified,Solo en la lista oficial (coordenadas oficiales),2026-10-01
web-oxxo-elias,oxxo,Oxxo Elias,Av. Angamos Oeste 584,Miraflores,Lima,Lima,150122,-12.113514,-77.034543,exact,web,https://web.archive.org/web/20260124063904/https://oxxo.pe/nuestras-tiendas,verified,Solo en la lista oficial (coordenadas oficiales),2026-10-01
web-oxxo-enero,oxxo,Oxxo Enero,Av. Alfredo Benavides 1160,Miraflores,Lima,Lima,150122,-12.125874,-77.020757,exact,web,https://web.archive.org/web/20260124063904/https://oxxo.pe/nuestras-tiendas,verified,Solo en la lista oficial (coordenadas oficiales),2026-10-01
osm-n12016074740,oxxo,Oxxo Julian,Av. Ricardo Palma 999,Miraflores,Lima,Lima,150122,-12.122586,-77.019668,exact,osm,n12016074740,verified,También en la lista oficial,2026-10-01
web-oxxo-marko,oxxo,Oxxo Marko,Av. Tomas Marsano 2670,Miraflores,Lima,Lima,150122,-12.126461,-77.003081,exact,web,https://web.archive.org/web/20260124063904/https://oxxo.pe/nuestras-tiendas,verified,Solo en la lista oficial (coordenadas oficiales),2026-10-01
osm-n13550865283,oxxo,Oxxo Martin,Calle San Martin 322 - 340 - 350,Miraflores,Lima,Lima,150122,-12.125393,-77.031114,exact,osm,n13550865283,verified,También en la lista oficial,2026-10-01
osm-w436800374,oxxo,Oxxo Odicio,Av. Ernesto Diez Canseco 600,Miraflores,Lima,Lima,150122,-12.122022,-77.023741,exact,osm,w436800374,verified,También en la lista oficial,2026-10-01
osm-n11984487590,oxxo,Oxxo Palacios,Calle Enrique Palacios 360,Miraflores,Lima,Lima,150122,-12.116845,-77.032244,exact,osm,n11984487590,verified,También en la lista oficial,2026-10-01
web-oxxo-pardo,oxxo,Oxxo Pardo,Av. José Pardo 575,Miraflores,Lima,Lima,150122,-12.119155,-77.034418,exact,web,https://web.archive.org/web/20260124063904/https://oxxo.pe/nuestras-tiendas,verified,Solo en la lista oficial (coordenadas oficiales),2026-10-01
web-oxxo-plaza-noviembre,oxxo,Oxxo Plaza Noviembre,Calle 27 de noviembre 430,Miraflores,Lima,Lima,150122,-12.116191,-77.041041,exact,web,https://web.archive.org/web/20260124063904/https://oxxo.pe/nuestras-tiendas,verified,"Solo en la lista oficial (coordenadas oficiales); distrito según la lista oficial: San Isidro",2026-10-01
osm-n13544521337,oxxo,Oxxo Schell,Calle Grimaldo del Solar 228,Miraflores,Lima,Lima,150122,-12.123857,-77.026023,exact,osm,n13544521337,verified,También en la lista oficial,2026-10-01
osm-n13544521334,oxxo,Oxxo Solar,Av. Benavides 701,Miraflores,Lima,Lima,150122,-12.124847,-77.025818,exact,osm,n13544521334,verified,También en la lista oficial,2026-10-01
web-oxxo-toribio,oxxo,Oxxo Toribio,Av. El Ejercito 612,Miraflores,Lima,Lima,150122,-12.114829,-77.046357,exact,web,https://web.archive.org/web/20260124063904/https://oxxo.pe/nuestras-tiendas,verified,Solo en la lista oficial (coordenadas oficiales),2026-10-01
web-oxxo-belgrano,oxxo,Oxxo Belgrano,Av. Simón Bolivar 526,Pueblo Libre,Lima,Lima,150121,-12.071802,-77.057970,exact,web,https://web.archive.org/web/20260124063904/https://oxxo.pe/nuestras-tiendas,verified,Solo en la lista oficial (coordenadas oficiales),2026-10-01
web-oxxo-coraceros,oxxo,Oxxo Coraceros,Av. Brasil 1506,Pueblo Libre,Lima,Lima,150121,-12.073990,-77.053275,exact,web,https://web.archive.org/web/20260124063904/https://oxxo.pe/nuestras-tiendas,verified,Solo en la lista oficial (coordenadas oficiales),2026-10-01
web-oxxo-leguia,oxxo,Oxxo Leguia,Av. Jose Leguia y Melendez 1101,Pueblo Libre,Lima,Lima,150121,-12.075480,-77.065906,exact,web,https://web.archive.org/web/20260124063904/https://oxxo.pe/nuestras-tiendas,verified,Solo en la lista oficial (coordenadas oficiales),2026-10-01
web-oxxo-maipu,oxxo,Oxxo Maipu,Av. Colombia 699,Pueblo Libre,Lima,Lima,150121,-12.068103,-77.057025,exact,web,https://web.archive.org/web/20260124063904/https://oxxo.pe/nuestras-tiendas,verified,Solo en la lista oficial (coordenadas oficiales),2026-10-01
web-oxxo-miraolivos,oxxo,Oxxo Miraolivos,Av. Paseo de los Andes 505,Pueblo Libre,Lima,Lima,150121,-12.075273,-77.059460,exact,web,https://web.archive.org/web/20260124063904/https://oxxo.pe/nuestras-tiendas,verified,Solo en la lista oficial (coordenadas oficiales),2026-10-01
web-oxxo-rio,oxxo,Oxxo Rio,Av. Del Rio 301,Pueblo Libre,Lima,Lima,150121,-12.070513,-77.054975,exact,web,https://web.archive.org/web/20260124063904/https://oxxo.pe/nuestras-tiendas,verified,Solo en la lista oficial (coordenadas oficiales),2026-10-01
osm-n12607886899,oxxo,Oxxo Union,Av. Manuel Cipriano Dulanto 2047,Pueblo Libre,Lima,Lima,150121,-12.075176,-77.079103,exact,osm,n12607886899,verified,También en la lista oficial,2026-10-01
web-oxxo-valer,oxxo,Oxxo Valer,Av. Juan Valer Sandoval 691,Pueblo Libre,Lima,Lima,150121,-12.076940,-77.074414,exact,web,https://web.archive.org/web/20260124063904/https://oxxo.pe/nuestras-tiendas,verified,Solo en la lista oficial (coordenadas oficiales),2026-10-01
osm-n11989116615,oxxo,Oxxo Vidal,Av. Manuel Cipriano Dulanto 1189,Pueblo Libre,Lima,Lima,150121,-12.078406,-77.067620,exact,osm,n11989116615,verified,También en la lista oficial,2026-10-01
web-oxxo-sunset,oxxo,Oxxo Sunset,Av. Sunset Mz S Lt 28,Punta Hermosa,Lima,Lima,150126,-12.332865,-76.827748,exact,web,https://web.archive.org/web/20260124063904/https://oxxo.pe/nuestras-tiendas,verified,Solo en la lista oficial (coordenadas oficiales),2026-10-01
osm-w913884129,oxxo,Oxxo,,Rímac,Lima,Lima,150128,-12.032972,-77.043696,exact,osm,w913884129,to_verify,"Solo en OSM; elemento OSM v1, última edición el 2021-03-05",2026-10-01
web-oxxo-salirrosas,oxxo,Oxxo Salirrosas,Av. Mar Pacifico MZ F1 Lote 10,San Bartolo,Lima,Lima,150129,-12.388736,-76.777785,exact,web,https://web.archive.org/web/20260124063904/https://oxxo.pe/nuestras-tiendas,verified,Solo en la lista oficial (coordenadas oficiales),2026-10-01
web-oxxo-ballon,oxxo,Oxxo Ballon,Av. San Luis 1607,San Borja,Lima,Lima,150130,-12.082508,-76.997024,exact,web,https://web.archive.org/web/20260124063904/https://oxxo.pe/nuestras-tiendas,verified,Solo en la lista oficial (coordenadas oficiales),2026-10-01
web-oxxo-batrich,oxxo,Oxxo Batrich,Av. San Borja Sur 1002,San Borja,Lima,Lima,150130,-12.100751,-76.993648,exact,web,https://web.archive.org/web/20260124063904/https://oxxo.pe/nuestras-tiendas,verified,Solo en la lista oficial (coordenadas oficiales),2026-10-01
web-oxxo-las-artes,oxxo,Oxxo Las Artes,Av. San Luis 2001,San Borja,Lima,Lima,150130,-12.089794,-76.995971,exact,web,https://web.archive.org/web/20260124063904/https://oxxo.pe/nuestras-tiendas,verified,Solo en la lista oficial (coordenadas oficiales),2026-10-01
web-oxxo-norte,oxxo,Oxxo Norte,Av. Aviacion 2699,San Borja,Lima,Lima,150130,-12.093711,-77.002469,exact,web,https://web.archive.org/web/20260124063904/https://oxxo.pe/nuestras-tiendas,verified,Solo en la lista oficial (coordenadas oficiales),2026-10-01
web-oxxo-ordonez,oxxo,Oxxo Ordonez,Jr. Ordoñez 200,San Borja,Lima,Lima,150130,-12.105730,-77.007382,exact,web,https://web.archive.org/web/20260124063904/https://oxxo.pe/nuestras-tiendas,verified,Solo en la lista oficial (coordenadas oficiales),2026-10-01
web-oxxo-ucello,oxxo,Oxxo Ucello,Jr. Ucello 280,San Borja,Lima,Lima,150130,-12.091008,-77.005090,exact,web,https://web.archive.org/web/20260124063904/https://oxxo.pe/nuestras-tiendas,verified,Solo en la lista oficial (coordenadas oficiales),2026-10-01
web-oxxo-velasquez,oxxo,Oxxo Velasquez,Av. Las Artes Norte 903,San Borja,Lima,Lima,150130,-12.090057,-76.997389,exact,web,https://web.archive.org/web/20260124063904/https://oxxo.pe/nuestras-tiendas,verified,Solo en la lista oficial (coordenadas oficiales),2026-10-01
web-oxxo-alzamora,oxxo,Oxxo Alzamora,Av. Los Conquistadores 417,San Isidro,Lima,Lima,150131,-12.100050,-77.036363,exact,web,https://web.archive.org/web/20260124063904/https://oxxo.pe/nuestras-tiendas,verified,Solo en la lista oficial (coordenadas oficiales),2026-10-01
web-oxxo-aquilaria,oxxo,Oxxo Aquilaria,Av. Salaverry 3570,San Isidro,Lima,Lima,150131,-12.102240,-77.058312,exact,web,https://web.archive.org/web/20260124063904/https://oxxo.pe/nuestras-tiendas,verified,Solo en la lista oficial (coordenadas oficiales),2026-10-01
osm-n11998302741,oxxo,Oxxo Arona,Av. Juan de Arona 152,San Isidro,Lima,Lima,150131,-12.097110,-77.031946,exact,osm,n11998302741,verified,También en la lista oficial,2026-10-01
osm-n13058728699,oxxo,Oxxo Begonias,Calle El Parque 241,San Isidro,Lima,Lima,150131,-12.094616,-77.025676,exact,osm,n13058728699,verified,También en la lista oficial,2026-10-01
osm-n13584769133,oxxo,Oxxo Camelias,Calle Camelias 179,San Isidro,Lima,Lima,150131,-12.092668,-77.029189,exact,osm,n13584769133,verified,También en la lista oficial,2026-10-01
web-oxxo-chocavento,oxxo,Oxxo Chocavento,Av. Canaval y Moreyra 480,San Isidro,Lima,Lima,150131,-12.097492,-77.020865,exact,web,https://web.archive.org/web/20260124063904/https://oxxo.pe/nuestras-tiendas,verified,Solo en la lista oficial (coordenadas oficiales),2026-10-01
web-oxxo-cordova,oxxo,Oxxo Cordova,Av. Hipolito Unanue 351 - 355 - 359,San Isidro,Lima,Lima,150131,-12.108921,-77.048633,exact,web,https://web.archive.org/web/20260124063904/https://oxxo.pe/nuestras-tiendas,verified,"Solo en la lista oficial (coordenadas oficiales); distrito según la lista oficial: Miraflores",2026-10-01
osm-n13574534490,oxxo,Oxxo Fernandini,Av. Paseo de la República 3022,San Isidro,Lima,Lima,150131,-12.092781,-77.023980,exact,osm,n13574534490,verified,También en la lista oficial,2026-10-01
web-oxxo-grohmann,oxxo,Oxxo Grohmann,Av. Jorge Basadre 554,San Isidro,Lima,Lima,150131,-12.094502,-77.037973,exact,web,https://web.archive.org/web/20260124063904/https://oxxo.pe/nuestras-tiendas,verified,Solo en la lista oficial (coordenadas oficiales),2026-10-01
osm-n4341269978,oxxo,Oxxo Laureles,Av. Dos de Mayo 1500,San Isidro,Lima,Lima,150131,-12.092253,-77.046593,exact,osm,n4341269978,verified,También en la lista oficial,2026-10-01
osm-n13574534495,oxxo,Oxxo Merino,Av. Rivera Navarrete 495,San Isidro,Lima,Lima,150131,-12.092120,-77.026813,exact,osm,n13574534495,verified,También en la lista oficial,2026-10-01
web-oxxo-moscoso,oxxo,Oxxo Moscoso,Av. Del Ejército (Ex Augusto Perez Araníbar) N° 1197 / 1195,San Isidro,Lima,Lima,150131,-12.101460,-77.059502,exact,web,https://web.archive.org/web/20260124063904/https://oxxo.pe/nuestras-tiendas,verified,Solo en la lista oficial (coordenadas oficiales),2026-10-01
osm-n12965158449,oxxo,Oxxo Panama,Av. República de Panamá 3527,San Isidro,Lima,Lima,150131,-12.098947,-77.019442,exact,osm,n12965158449,verified,También en la lista oficial,2026-10-01
web-oxxo-paseo,oxxo,Oxxo Paseo,Av. Paseo de la Republica 3191,San Isidro,Lima,Lima,150131,-12.095621,-77.024035,exact,web,https://web.archive.org/web/20260124063904/https://oxxo.pe/nuestras-tiendas,verified,Solo en la lista oficial (coordenadas oficiales),2026-10-01
osm-n11998302743,oxxo,Oxxo Petitt,Av. Petit Thouars 3460,San Isidro,Lima,Lima,150131,-12.096227,-77.031756,exact,osm,n11998302743,verified,También en la lista oficial,2026-10-01
web-oxxo-san-rocco,oxxo,Oxxo San Rocco,Av. Javier Prado Oeste 490,San Isidro,Lima,Lima,150131,-12.092349,-77.036906,exact,web,https://web.archive.org/web/20260124063904/https://oxxo.pe/nuestras-tiendas,verified,"Solo en la lista oficial (coordenadas oficiales); distrito según la lista oficial: Magdalena del Mar",2026-10-01
web-oxxo-seminario,oxxo,Oxxo Seminario,Calle Miguel Seminario 330,San Isidro,Lima,Lima,150131,-12.094912,-77.022136,exact,web,https://web.archive.org/web/20260124063904/https://oxxo.pe/nuestras-tiendas,verified,Solo en la lista oficial (coordenadas oficiales),2026-10-01
web-oxxo-tamayo,oxxo,Oxxo Tamayo,Calle Augusto Tamayo Vargas 183,San Isidro,Lima,Lima,150131,-12.097973,-77.027414,exact,web,https://web.archive.org/web/20260124063904/https://oxxo.pe/nuestras-tiendas,verified,Solo en la lista oficial (coordenadas oficiales),2026-10-01
osm-n7891288147,oxxo,Oxxo,,San Juan de Lurigancho,Lima,Lima,150132,-11.970266,-77.006030,exact,osm,n7891288147,to_verify,"Solo en OSM; elemento OSM v1, última edición el 2020-09-09",2026-10-01
web-oxxo-amautas,oxxo,Oxxo Amautas,Av. Gran Chimu 300,San Juan de Lurigancho,Lima,Lima,150132,-12.027635,-77.009566,exact,web,https://web.archive.org/web/20260124063904/https://oxxo.pe/nuestras-tiendas,verified,Solo en la lista oficial (coordenadas oficiales),2026-10-01
web-oxxo-chimu,oxxo,Oxxo Chimu,Av. Gran Chimú 885,San Juan de Lurigancho,Lima,Lima,150132,-12.024677,-76.998764,exact,web,https://web.archive.org/web/20260124063904/https://oxxo.pe/nuestras-tiendas,verified,Solo en la lista oficial (coordenadas oficiales),2026-10-01
web-oxxo-muro,oxxo,Oxxo Muro,AA HH Somos Libres Mz C Lote 18,San Juan de Lurigancho,Lima,Lima,150132,-11.947595,-76.985231,exact,web,https://web.archive.org/web/20260124063904/https://oxxo.pe/nuestras-tiendas,verified,Solo en la lista oficial (coordenadas oficiales),2026-10-01
web-oxxo-wiesse,oxxo,Oxxo Wiesse,Av. Proceres de la Independencia 3361,San Juan de Lurigancho,Lima,Lima,150132,-11.974393,-77.000320,exact,web,https://web.archive.org/web/20260124063904/https://oxxo.pe/nuestras-tiendas,verified,Solo en la lista oficial (coordenadas oficiales),2026-10-01
web-oxxo-allende,oxxo,Oxxo Allende,Av. Salvador Allende 198,San Juan de Miraflores,Lima,Lima,150133,-12.142015,-76.974269,exact,web,https://web.archive.org/web/20260124063904/https://oxxo.pe/nuestras-tiendas,verified,"Solo en la lista oficial (coordenadas oficiales); distrito según la lista oficial: Villa María del Triunfo",2026-10-01
web-oxxo-billinghurst,oxxo,Oxxo Billinghurst,Av. Guillermo Billinghurst 1127,San Juan de Miraflores,Lima,Lima,150133,-12.162526,-76.962152,exact,web,https://web.archive.org/web/20260124063904/https://oxxo.pe/nuestras-tiendas,verified,Solo en la lista oficial (coordenadas oficiales),2026-10-01
web-oxxo-cedros,oxxo,Oxxo Cedros,Av. Los Cedros 296,San Juan de Miraflores,Lima,Lima,150133,-12.175784,-76.978658,exact,web,https://web.archive.org/web/20260124063904/https://oxxo.pe/nuestras-tiendas,verified,"Solo en la lista oficial (coordenadas oficiales); distrito según la lista oficial: Chorrillos",2026-10-01
web-oxxo-valentin,oxxo,Oxxo Valentin,Av. Belisario Suarez 969,San Juan de Miraflores,Lima,Lima,150133,-12.162601,-76.965509,exact,web,https://web.archive.org/web/20260124063904/https://oxxo.pe/nuestras-tiendas,verified,Solo en la lista oficial (coordenadas oficiales),2026-10-01
web-oxxo-vargas,oxxo,Oxxo Vargas,Av. Ramón Vargas Machuca 318,San Juan de Miraflores,Lima,Lima,150133,-12.165805,-76.974323,exact,web,https://web.archive.org/web/20260124063904/https://oxxo.pe/nuestras-tiendas,verified,Solo en la lista oficial (coordenadas oficiales),2026-10-01
web-oxxo-viviano,oxxo,Oxxo Viviano,Av. Cesar Canevaro 477,San Juan de Miraflores,Lima,Lima,150133,-12.164305,-76.969298,exact,web,https://web.archive.org/web/20260124063904/https://oxxo.pe/nuestras-tiendas,verified,Solo en la lista oficial (coordenadas oficiales),2026-10-01
web-oxxo-ford,oxxo,Oxxo Ford,Av. Eduardo de Habich 202,San Martín de Porres,Lima,Lima,150135,-12.024451,-77.052322,exact,web,https://web.archive.org/web/20260124063904/https://oxxo.pe/nuestras-tiendas,verified,Solo en la lista oficial (coordenadas oficiales),2026-10-01
web-oxxo-granda,oxxo,Oxxo Granda,Av. Alfredo Mendiola 219,San Martín de Porres,Lima,Lima,150135,-12.029421,-77.057851,exact,web,https://web.archive.org/web/20260124063904/https://oxxo.pe/nuestras-tiendas,verified,Solo en la lista oficial (coordenadas oficiales),2026-10-01
web-oxxo-villa,oxxo,Oxxo Villa,"Av. Universitaria Mz B, Lt 1 Villa",San Martín de Porres,Lima,Lima,150135,-11.995029,-77.084641,exact,web,https://web.archive.org/web/20260124063904/https://oxxo.pe/nuestras-tiendas,verified,Solo en la lista oficial (coordenadas oficiales),2026-10-01
web-oxxo-altus-one,oxxo,Oxxo Altus One,Calle Carlos Gonzales 203 - 209,San Miguel,Lima,Lima,150136,-12.075470,-77.090185,exact,web,https://web.archive.org/web/20260124063904/https://oxxo.pe/nuestras-tiendas,verified,Solo en la lista oficial (coordenadas oficiales),2026-10-01
web-oxxo-escardo,oxxo,Oxxo Escardo,Av. Escardo 664,San Miguel,Lima,Lima,150136,-12.074239,-77.091896,exact,web,https://web.archive.org/web/20260124063904/https://oxxo.pe/nuestras-tiendas,verified,Solo en la lista oficial (coordenadas oficiales),2026-10-01
web-oxxo-fortunatto,oxxo,Oxxo Fortunatto,Av. Rafael Escardo 975,San Miguel,Lima,Lima,150136,-12.068997,-77.091455,exact,web,https://web.archive.org/web/20260124063904/https://oxxo.pe/nuestras-tiendas,verified,Solo en la lista oficial (coordenadas oficiales),2026-10-01
web-oxxo-la-mar,oxxo,Oxxo La Mar,Av. La Mar 2333 - 2335,San Miguel,Lima,Lima,150136,-12.073963,-77.082840,exact,web,https://web.archive.org/web/20260124063904/https://oxxo.pe/nuestras-tiendas,verified,Solo en la lista oficial (coordenadas oficiales),2026-10-01
web-oxxo-laredo,oxxo,Oxxo Laredo,Av. Los Patriotas 809,San Miguel,Lima,Lima,150136,-12.073655,-77.104940,exact,web,https://web.archive.org/web/20260124063904/https://oxxo.pe/nuestras-tiendas,verified,Solo en la lista oficial (coordenadas oficiales),2026-10-01
web-oxxo-marina,oxxo,Oxxo Marina,Av. La Marina 2475,San Miguel,Lima,Lima,150136,-12.078163,-77.089158,exact,web,https://web.archive.org/web/20260124063904/https://oxxo.pe/nuestras-tiendas,verified,Solo en la lista oficial (coordenadas oficiales),2026-10-01
web-oxxo-precursores,oxxo,Oxxo Precursores,Av. De los Precursores 490,San Miguel,Lima,Lima,150136,-12.069458,-77.092979,exact,web,https://web.archive.org/web/20260124063904/https://oxxo.pe/nuestras-tiendas,verified,Solo en la lista oficial (coordenadas oficiales),2026-10-01
web-oxxo-pumac,oxxo,Oxxo Pumac,Av. Precursores 1099,San Miguel,Lima,Lima,150136,-12.068927,-77.102920,exact,web,https://web.archive.org/web/20260124063904/https://oxxo.pe/nuestras-tiendas,verified,"Solo en la lista oficial (coordenadas oficiales); distrito según la lista oficial: Callao",2026-10-01
web-oxxo-sucre,oxxo,Oxxo Sucre,Av. Lima 448,San Miguel,Lima,Lima,150136,-12.089456,-77.078388,exact,web,https://web.archive.org/web/20260124063904/https://oxxo.pe/nuestras-tiendas,verified,Solo en la lista oficial (coordenadas oficiales),2026-10-01
osm-n12610409652,oxxo,Oxxo Tarichi,Av. Federico Gallese 843,San Miguel,Lima,Lima,150136,-12.090612,-77.083100,exact,osm,n12610409652,verified,También en la lista oficial,2026-10-01
osm-n11374305087,oxxo,Oxxo,,Santa Anita,Lima,Lima,150137,-12.052964,-76.965274,exact,osm,n11374305087,to_verify,"Solo en OSM; elemento OSM v1, última edición el 2023-11-24; tienda oficial de Tiendas 3A ""Tiendas 3A Ruiseñores Santa Anita"" a 57 m (¿mismo local? revisar)",2026-10-01
web-oxxo-mall-santa-anita,oxxo,Oxxo Mall Santa Anita,Av. Nicolas Ayllon S/N,Santa Anita,Lima,Lima,150137,-12.056485,-76.970677,exact,web,https://web.archive.org/web/20260124063904/https://oxxo.pe/nuestras-tiendas,verified,Solo en la lista oficial (coordenadas oficiales),2026-10-01
web-oxxo-tilos,oxxo,Oxxo Tilos,Av. Colectora Mz A Lt 1,Santa Anita,Lima,Lima,150137,-12.040643,-76.960200,exact,web,https://web.archive.org/web/20260124063904/https://oxxo.pe/nuestras-tiendas,verified,Solo en la lista oficial (coordenadas oficiales),2026-10-01
osm-n3638063599,oxxo,Oxxo,,Santiago de Surco,Lima,Lima,150140,-12.145068,-77.003937,exact,osm,n3638063599,to_verify,"Solo en OSM; elemento OSM v3, última edición el 2023-12-02",2026-10-01
web-oxxo-ariadna,oxxo,Oxxo Ariadna,Jr. Las Gaviotas 1700,Santiago de Surco,Lima,Lima,150140,-12.162866,-76.995809,exact,web,https://web.archive.org/web/20260124063904/https://oxxo.pe/nuestras-tiendas,verified,Solo en la lista oficial (coordenadas oficiales),2026-10-01
web-oxxo-ayacucho,oxxo,Oxxo Ayacucho,Av. Ayacucho 335,Santiago de Surco,Lima,Lima,150140,-12.139737,-77.000676,exact,web,https://web.archive.org/web/20260124063904/https://oxxo.pe/nuestras-tiendas,verified,Solo en la lista oficial (coordenadas oficiales),2026-10-01
osm-n13697073414,oxxo,Oxxo Caminos del Inca,Avenida Caminos del Inca,Santiago de Surco,Lima,Lima,150140,-12.115984,-76.990864,exact,osm,n13697073414,to_verify,"Solo en OSM; elemento OSM v1, última edición el 2026-04-01",2026-10-01
web-oxxo-cronos,oxxo,Oxxo Cronos,Av. El Derby 055,Santiago de Surco,Lima,Lima,150140,-12.099076,-76.970167,exact,web,https://web.archive.org/web/20260124063904/https://oxxo.pe/nuestras-tiendas,verified,Solo en la lista oficial (coordenadas oficiales),2026-10-01
web-oxxo-delia,oxxo,Oxxo Delia,Av. Ayacucho 204,Santiago de Surco,Lima,Lima,150140,-12.141442,-77.001444,exact,web,https://web.archive.org/web/20260124063904/https://oxxo.pe/nuestras-tiendas,verified,Solo en la lista oficial (coordenadas oficiales),2026-10-01
web-oxxo-donatello,oxxo,Oxxo Donatello,Av. Central 98,Santiago de Surco,Lima,Lima,150140,-12.105414,-76.965375,exact,web,https://web.archive.org/web/20260124063904/https://oxxo.pe/nuestras-tiendas,verified,Solo en la lista oficial (coordenadas oficiales),2026-10-01
web-oxxo-el-polo,oxxo,Oxxo El Polo,Jr. El Polo 202,Santiago de Surco,Lima,Lima,150140,-12.104246,-76.972904,exact,web,https://web.archive.org/web/20260124063904/https://oxxo.pe/nuestras-tiendas,verified,Solo en la lista oficial (coordenadas oficiales),2026-10-01
web-oxxo-leon,oxxo,Oxxo Leon,Av. Alfredo Benavides 2800,Santiago de Surco,Lima,Lima,150140,-12.128363,-77.005073,exact,web,https://web.archive.org/web/20260124063904/https://oxxo.pe/nuestras-tiendas,verified,Solo en la lista oficial (coordenadas oficiales),2026-10-01
osm-w1293737607,oxxo,Oxxo Marcona,Av. Pedro Venturo 481,Santiago de Surco,Lima,Lima,150140,-12.121495,-76.992651,exact,osm,w1293737607,verified,También en la lista oficial,2026-10-01
web-oxxo-monte,oxxo,Oxxo Monte,Av. Montes de Los Olivos 299,Santiago de Surco,Lima,Lima,150140,-12.134594,-76.986472,exact,web,https://web.archive.org/web/20260124063904/https://oxxo.pe/nuestras-tiendas,verified,Solo en la lista oficial (coordenadas oficiales),2026-10-01
osm-n12893854053,oxxo,Oxxo Omega,Avenida Manuel Olguin 215,Santiago de Surco,Lima,Lima,150140,-12.085700,-76.973019,exact,osm,n12893854053,verified,También en la lista oficial,2026-10-01
web-oxxo-pensamientos,oxxo,Oxxo Pensamientos,Av. Caminos del Inca 3535,Santiago de Surco,Lima,Lima,150140,-12.146754,-76.985590,exact,web,https://web.archive.org/web/20260124063904/https://oxxo.pe/nuestras-tiendas,verified,Solo en la lista oficial (coordenadas oficiales),2026-10-01
web-oxxo-salguero,oxxo,Oxxo Salguero,Av. Simon Salguero 553,Santiago de Surco,Lima,Lima,150140,-12.130072,-77.007948,exact,web,https://web.archive.org/web/20260124063904/https://oxxo.pe/nuestras-tiendas,verified,Solo en la lista oficial (coordenadas oficiales),2026-10-01
osm-n14082043355,oxxo,Oxxo Tinoco,Av. Andrés Tinoco 460,Santiago de Surco,Lima,Lima,150140,-12.143351,-76.985766,exact,osm,n14082043355,verified,También en la lista oficial,2026-10-01
osm-n13832265967,oxxo,Oxxo Arándanos,Av. Aramburú 1160,Surquillo,Lima,Lima,150141,-12.102271,-77.017598,exact,osm,n13832265967,verified,También en la lista oficial,2026-10-01
osm-n12968650464,oxxo,Oxxo Atenas,Av. Manuel Villaran 877 – 879,Surquillo,Lima,Lima,150141,-12.120436,-77.002800,exact,osm,n12968650464,verified,También en la lista oficial,2026-10-01
web-oxxo-caceres,oxxo,Oxxo Caceres,Av. Mariscal Cáceres 298,Surquillo,Lima,Lima,150141,-12.119567,-77.021331,exact,web,https://web.archive.org/web/20260124063904/https://oxxo.pe/nuestras-tiendas,verified,"Solo en la lista oficial (coordenadas oficiales); distrito según la lista oficial: Miraflores",2026-10-01
osm-n13903065215,oxxo,Oxxo Casinelli,Av. Republica de Panama 4496,Surquillo,Lima,Lima,150141,-12.109777,-77.018679,exact,osm,n13903065215,verified,También en la lista oficial,2026-10-01
web-oxxo-negocios,oxxo,Oxxo Negocios,Calle Los Negocios 183,Surquillo,Lima,Lima,150141,-12.105141,-77.022069,exact,web,https://web.archive.org/web/20260124063904/https://oxxo.pe/nuestras-tiendas,verified,Solo en la lista oficial (coordenadas oficiales),2026-10-01
osm-n12889241538,oxxo,Oxxo Orue,Av. Domingo Orue 165,Surquillo,Lima,Lima,150141,-12.108279,-77.026002,exact,osm,n12889241538,verified,También en la lista oficial,2026-10-01
web-oxxo-real,oxxo,Oxxo Real,Av. Principal 775,Surquillo,Lima,Lima,150141,-12.118548,-77.004848,exact,web,https://web.archive.org/web/20260124063904/https://oxxo.pe/nuestras-tiendas,verified,Solo en la lista oficial (coordenadas oficiales),2026-10-01
web-oxxo-republica,oxxo,Oxxo Republica,Av. Paseo de la Republica 1453,Surquillo,Lima,Lima,150141,-12.116400,-77.025786,exact,web,https://web.archive.org/web/20260124063904/https://oxxo.pe/nuestras-tiendas,verified,"Solo en la lista oficial (coordenadas oficiales); distrito según la lista oficial: La Victoria",2026-10-01
osm-n12852238217,oxxo,Oxxo Roentgen,Av. Principal 411,Surquillo,Lima,Lima,150141,-12.115130,-77.006789,exact,osm,n12852238217,verified,También en la lista oficial,2026-10-01
web-oxxo-williams,oxxo,Oxxo Williams,Av. Aviación 3791 - 3794,Surquillo,Lima,Lima,150141,-12.112136,-76.999952,exact,web,https://web.archive.org/web/20260124063904/https://oxxo.pe/nuestras-tiendas,verified,Solo en la lista oficial (coordenadas oficiales),2026-10-01
web-oxxo-estacion-villa-el-salvador-linea-1,oxxo,Oxxo Estación Villa El Salvador (Línea 1),"Estación Villa El Salvador, Línea 1 del Metro de Lima",Villa El Salvador,Lima,Lima,150142,-12.207460,-76.933139,approx,web,https://www.peru-retail.com/oxxo-abre-una-nueva-tienda-dentro-de-la-linea-1-del-metro-de-lima-en-que-estacion-se-ubica/,to_verify,"Geocodificada a partir de la dirección oficial (Nominatim, a nivel de número: Estación Villa El Salvador, Avenida Separadora Industrial, Villa El Salvador); reportada por la prensa; no figura en la lista oficial",2026-10-01
web-oxxo-hospital-ves,oxxo,Oxxo Hospital VES,Av. 200 Millas 14,Villa El Salvador,Lima,Lima,150142,-12.230823,-76.932479,exact,web,https://web.archive.org/web/20260124063904/https://oxxo.pe/nuestras-tiendas,verified,Solo en la lista oficial (coordenadas oficiales),2026-10-01
